variant,fold,group_id,disease_present,original_target,prediction,probability_disease_present,original_row_count,record_number,csv_line_start,csv_line_end
explicit_missing,1,dd15218f1a013e70a109e1984ae7d2faa187d273dbf204ee073a11783531eb12,1,0,1,0.86583749391273,4,1,2,2
explicit_missing,1,8d6840f62c2edb1e02086519ff5e9163cc08d066341dc64f37a69d833324e6bf,1,0,1,0.9072287229985743,4,2,3,3
explicit_missing,1,d30c09705f48c161d3a9e5efeb137dd919907efda71e91f7457a1177531458cf,1,0,1,0.7888424856562368,4,7,8,8
explicit_missing,1,e18400d255a8fe19f6cf3fb3c63068458a4c1d567fed71427cc4c355472be3dd,0,1,1,0.817242235793049,3,23,24,24
explicit_missing,1,200be9908d2f03977c9d890b01bcb7c5d6451d6722981c3e25a653c9bf889bf0,0,1,0,0.02730905029518935,3,27,28,28
explicit_missing,1,cfba642a12fc49a24c4a9576252fe8886575fba4b0aba975c99ed02b1c5bc28d,1,0,1,0.7769498057322902,4,29,30,30
explicit_missing,1,0ace5c2af2df9bc4e6441e53e392444525e325a2d3a68c86d2b5642afd86d72f,0,1,0,0.010649666408926327,3,35,36,36
explicit_missing,1,696582f64d2c8c4c7be10106139532593c1c19d4dec3198b61f8e4b320f29b6d,1,0,1,0.860313759741244,4,40,41,41
explicit_missing,1,fdfa6d0e96adb82e9938b26295ca093df27ec4f54560b528eade178354d6cbfc,0,1,0,0.012566006777042995,4,45,46,46
explicit_missing,1,343f97779e92a75005a37b420b3886a2ab852ac2282cd0b3565b5e75473619ad,1,0,1,0.9401227148993662,4,50,51,51
explicit_missing,1,7f46e41a27a75de946eb9ebf48a991a157e9490f0b996e0e1466f132bcd092f9,1,0,1,0.981918977592476,3,63,64,64
explicit_missing,1,603cfec9ce1edf3278224d34ea43ef858a566d5a4c964e9678680d07026438d1,0,1,0,0.04609286020467734,3,76,77,77
explicit_missing,1,8e815e6224cc4639a52ab1ae08fb124e258ce0126e14966faedf7a394b414341,0,1,0,0.004464798470547603,3,91,92,92
explicit_missing,1,4e46c66a13476a18e41b9011c90927a84959e00120bb6bf8803729a2164e900c,0,1,0,0.3121661544300407,3,97,98,98
explicit_missing,1,603cfec9ce1edf3278224d34ea43ef858a566d5a4c964e9678680d07026438d1,0,1,0,0.04609286020467734,3,104,105,105
explicit_missing,1,4ac578757f209823c2f46aae5441e129be3ea66c5c789b25152679499ebb2be6,1,0,1,0.7048256623900734,4,107,108,108
explicit_missing,1,7f002c74c88d56f20387f9a39939a28cbfdfff55085d9611f50b66fdfd547e8f,0,1,1,0.9518040211255201,3,112,113,113
explicit_missing,1,0ace5c2af2df9bc4e6441e53e392444525e325a2d3a68c86d2b5642afd86d72f,0,1,0,0.010649666408926327,3,134,135,135
explicit_missing,1,fdfa6d0e96adb82e9938b26295ca093df27ec4f54560b528eade178354d6cbfc,0,1,0,0.012566006777042995,4,137,138,138
explicit_missing,1,603cfec9ce1edf3278224d34ea43ef858a566d5a4c964e9678680d07026438d1,0,1,0,0.04609286020467734,3,139,140,140
explicit_missing,1,860eb53eed8a67b576b005aefd9eeb466479557343a6dac29a4085b281056fec,0,1,0,0.010040385628076116,3,147,148,148
explicit_missing,1,d30c09705f48c161d3a9e5efeb137dd919907efda71e91f7457a1177531458cf,1,0,1,0.7888424856562368,4,151,152,152
explicit_missing,1,3f2ae0deb6d754888898ee1bfde5b96c5101eb11a8e9a5cb525b7ca2d517fd4e,1,0,1,0.8538011684084859,3,152,153,153
explicit_missing,1,dd5c245125fe3099c5e793a7b54c034797b426e0102a57072052647de3c5dd48,1,0,1,0.9827214789331957,4,155,156,156
explicit_missing,1,0407b2e5edd3f95da70a19f2c12e12a47c44e87ff40fc30a43008ea9828acd37,0,1,0,0.28540984883957754,3,157,158,158
explicit_missing,1,bb7e29caa6d2cef421e3a09d03d81364f29d33dcdbcf549476c1d7c6d82ab962,1,0,1,0.7137498429770147,3,161,162,162
explicit_missing,1,bb7e29caa6d2cef421e3a09d03d81364f29d33dcdbcf549476c1d7c6d82ab962,1,0,1,0.7137498429770147,3,163,164,164
explicit_missing,1,e26dbf6dab96e0bdac459c7140cb1a4bab5bd832038ab3789e75e2a3ee1ef187,0,1,0,0.0009685438268633333,3,174,175,175
explicit_missing,1,534f9af47c5f491cc5dccac4f9d01a63b6e3c81664b5debce6e390a31e8362e6,1,0,1,0.9749229023763902,4,178,179,179
explicit_missing,1,66d1e294707307b4e01fbfec8f7518babeca6f7c3d358e108423e5c4ef2a97bb,0,1,0,0.40337837831283363,3,182,183,183
explicit_missing,1,a413cb39d1decbc932843765c2542a4f438d41b0490d251063c04001303012b5,0,1,1,0.7647215199357165,3,194,195,195
explicit_missing,1,5a5522ce37eb6a200af447f255944323e78731c213ba32119d8a85a9c50441d9,1,0,1,0.9840996218009882,3,200,201,201
explicit_missing,1,7f46e41a27a75de946eb9ebf48a991a157e9490f0b996e0e1466f132bcd092f9,1,0,1,0.981918977592476,3,212,213,213
explicit_missing,1,170beb254cb4ead91ac6abdd27b9f5fb35183137c08b806ed7193d57b16feb8e,1,0,1,0.994309512118122,4,217,218,218
explicit_missing,1,66d1e294707307b4e01fbfec8f7518babeca6f7c3d358e108423e5c4ef2a97bb,0,1,0,0.40337837831283363,3,223,224,224
explicit_missing,1,e26dbf6dab96e0bdac459c7140cb1a4bab5bd832038ab3789e75e2a3ee1ef187,0,1,0,0.0009685438268633333,3,224,225,225
explicit_missing,1,135c49b7206acbca4bd59a45bb5d0a441086b0141794b35d9d227242c762622b,0,1,0,0.009608257461692186,3,234,235,235
explicit_missing,1,343f97779e92a75005a37b420b3886a2ab852ac2282cd0b3565b5e75473619ad,1,0,1,0.9401227148993662,4,239,240,240
explicit_missing,1,cc8c89cd0a972fdc064c79b43412c7ecf3dd893295d57cf6507359ba5fd03779,1,0,0,0.3907347365574784,3,240,241,241
explicit_missing,1,3f2ae0deb6d754888898ee1bfde5b96c5101eb11a8e9a5cb525b7ca2d517fd4e,1,0,1,0.8538011684084859,3,247,248,248
explicit_missing,1,71a456eca9ed8e0f911459cf49f92f5fc04a04441ffa627fcc36dce85f9fa8d2,0,1,0,0.020750580760481054,4,249,250,250
explicit_missing,1,825f8b984b3b2505c87484fc88419cb15c5d6d2fb94134940297db5ba9c9b0a0,1,0,1,0.993257646654236,4,253,254,254
explicit_missing,1,fdfa6d0e96adb82e9938b26295ca093df27ec4f54560b528eade178354d6cbfc,0,1,0,0.012566006777042995,4,264,265,265
explicit_missing,1,e18400d255a8fe19f6cf3fb3c63068458a4c1d567fed71427cc4c355472be3dd,0,1,1,0.817242235793049,3,266,267,267
explicit_missing,1,71a456eca9ed8e0f911459cf49f92f5fc04a04441ffa627fcc36dce85f9fa8d2,0,1,0,0.020750580760481054,4,273,274,274
explicit_missing,1,8feee4224ffbeb5f7b43b2b4fad9c3c5ae603265edf250f61081635299493c5f,0,1,0,0.025653847528407714,3,283,284,284
explicit_missing,1,66d1e294707307b4e01fbfec8f7518babeca6f7c3d358e108423e5c4ef2a97bb,0,1,0,0.40337837831283363,3,284,285,285
explicit_missing,1,5270e06dd07b1eee8360113c3002a00782a57f2fd1ee83b393297d321910c860,0,1,0,0.05181004497823897,3,287,288,288
explicit_missing,1,dcf56b83ac2fcdb249809aacc65db1e72810bd0f85d48af38af88189180f5359,0,1,0,0.2657374025373604,3,293,294,294
explicit_missing,1,7f46e41a27a75de946eb9ebf48a991a157e9490f0b996e0e1466f132bcd092f9,1,0,1,0.981918977592476,3,296,297,297
explicit_missing,1,fdfa6d0e96adb82e9938b26295ca093df27ec4f54560b528eade178354d6cbfc,0,1,0,0.012566006777042995,4,303,304,304
explicit_missing,1,7bc7edc81504823da0e2cc15c08d254d6374580c1278bd0c02c1068619176e4d,0,1,0,0.15816190489017243,3,310,311,311
explicit_missing,1,2270cf63c75bff8f5ef058b2fadb9aecf66d022bcba7474ec79d74ed30cc1f3f,0,1,0,0.49572848690109667,3,314,315,315
explicit_missing,1,0407b2e5edd3f95da70a19f2c12e12a47c44e87ff40fc30a43008ea9828acd37,0,1,0,0.28540984883957754,3,315,316,316
explicit_missing,1,5270e06dd07b1eee8360113c3002a00782a57f2fd1ee83b393297d321910c860,0,1,0,0.05181004497823897,3,317,318,318
explicit_missing,1,e41f2e64a79954c9fd723382f0487dfbf40e9c368b0e03b7c346d068482865eb,0,1,0,0.06797109305010596,3,320,321,321
explicit_missing,1,7bc7edc81504823da0e2cc15c08d254d6374580c1278bd0c02c1068619176e4d,0,1,0,0.15816190489017243,3,326,327,327
explicit_missing,1,3f2ae0deb6d754888898ee1bfde5b96c5101eb11a8e9a5cb525b7ca2d517fd4e,1,0,1,0.8538011684084859,3,327,328,328
explicit_missing,1,0609526803727eb7a02eae6e31fdad5351ee604bf6e87ca01cef0f174ec966c4,1,0,1,0.9690730848091638,4,329,330,330
explicit_missing,1,e41f2e64a79954c9fd723382f0487dfbf40e9c368b0e03b7c346d068482865eb,0,1,0,0.06797109305010596,3,330,331,331
explicit_missing,1,295d3770d48a22c76fbea70306840dbd3e5705d6e8d33e981f02fd949298e5e7,0,1,0,0.011683637927546757,3,334,335,335
explicit_missing,1,cfba642a12fc49a24c4a9576252fe8886575fba4b0aba975c99ed02b1c5bc28d,1,0,1,0.7769498057322902,4,339,340,340
explicit_missing,1,8e815e6224cc4639a52ab1ae08fb124e258ce0126e14966faedf7a394b414341,0,1,0,0.004464798470547603,3,348,349,349
explicit_missing,1,5a5522ce37eb6a200af447f255944323e78731c213ba32119d8a85a9c50441d9,1,0,1,0.9840996218009882,3,352,353,353
explicit_missing,1,e41f2e64a79954c9fd723382f0487dfbf40e9c368b0e03b7c346d068482865eb,0,1,0,0.06797109305010596,3,360,361,361
explicit_missing,1,825f8b984b3b2505c87484fc88419cb15c5d6d2fb94134940297db5ba9c9b0a0,1,0,1,0.993257646654236,4,372,373,373
explicit_missing,1,295d3770d48a22c76fbea70306840dbd3e5705d6e8d33e981f02fd949298e5e7,0,1,0,0.011683637927546757,3,373,374,374
explicit_missing,1,dc3c121a5dfc1821538ece060b91b4c94fe9371f0c30eb41c6d7e3fe52ffa100,1,0,1,0.9925268014733213,4,381,382,382
explicit_missing,1,bb7e29caa6d2cef421e3a09d03d81364f29d33dcdbcf549476c1d7c6d82ab962,1,0,1,0.7137498429770147,3,388,389,389
explicit_missing,1,534f9af47c5f491cc5dccac4f9d01a63b6e3c81664b5debce6e390a31e8362e6,1,0,1,0.9749229023763902,4,389,390,390
explicit_missing,1,dd5c245125fe3099c5e793a7b54c034797b426e0102a57072052647de3c5dd48,1,0,1,0.9827214789331957,4,395,396,396
explicit_missing,1,92304ad7f291bd2213aa856c0ea3eeba5566f3bff231dc1e8df23cba6b6cef63,0,1,0,0.16394955565020544,3,403,404,404
explicit_missing,1,cfba642a12fc49a24c4a9576252fe8886575fba4b0aba975c99ed02b1c5bc28d,1,0,1,0.7769498057322902,4,406,407,407
explicit_missing,1,0609526803727eb7a02eae6e31fdad5351ee604bf6e87ca01cef0f174ec966c4,1,0,1,0.9690730848091638,4,414,415,415
explicit_missing,1,8feee4224ffbeb5f7b43b2b4fad9c3c5ae603265edf250f61081635299493c5f,0,1,0,0.025653847528407714,3,416,417,417
explicit_missing,1,4e46c66a13476a18e41b9011c90927a84959e00120bb6bf8803729a2164e900c,0,1,0,0.3121661544300407,3,421,422,422
explicit_missing,1,1546abffe6332affe53e386427effe04cc2751bced858e563c9bcaa2c9b24fa0,1,0,1,0.9984194131177867,4,438,439,439
explicit_missing,1,cc8c89cd0a972fdc064c79b43412c7ecf3dd893295d57cf6507359ba5fd03779,1,0,0,0.3907347365574784,3,441,442,442
explicit_missing,1,860eb53eed8a67b576b005aefd9eeb466479557343a6dac29a4085b281056fec,0,1,0,0.010040385628076116,3,449,450,450
explicit_missing,1,0ddceaf19a5cf5d118fbf392204aa1a82ba99fdc457b92f25ee797383d5f8372,1,0,1,0.9782606056281258,4,451,452,452
explicit_missing,1,a413cb39d1decbc932843765c2542a4f438d41b0490d251063c04001303012b5,0,1,1,0.7647215199357165,3,456,457,457
explicit_missing,1,71a456eca9ed8e0f911459cf49f92f5fc04a04441ffa627fcc36dce85f9fa8d2,0,1,0,0.020750580760481054,4,458,459,459
explicit_missing,1,dcf56b83ac2fcdb249809aacc65db1e72810bd0f85d48af38af88189180f5359,0,1,0,0.2657374025373604,3,469,470,470
explicit_missing,1,5270e06dd07b1eee8360113c3002a00782a57f2fd1ee83b393297d321910c860,0,1,0,0.05181004497823897,3,472,473,473
explicit_missing,1,696582f64d2c8c4c7be10106139532593c1c19d4dec3198b61f8e4b320f29b6d,1,0,1,0.860313759741244,4,478,479,479
explicit_missing,1,0ddceaf19a5cf5d118fbf392204aa1a82ba99fdc457b92f25ee797383d5f8372,1,0,1,0.9782606056281258,4,482,483,483
explicit_missing,1,170beb254cb4ead91ac6abdd27b9f5fb35183137c08b806ed7193d57b16feb8e,1,0,1,0.994309512118122,4,488,489,489
explicit_missing,1,dcf56b83ac2fcdb249809aacc65db1e72810bd0f85d48af38af88189180f5359,0,1,0,0.2657374025373604,3,490,491,491
explicit_missing,1,4e46c66a13476a18e41b9011c90927a84959e00120bb6bf8803729a2164e900c,0,1,0,0.3121661544300407,3,491,492,492
explicit_missing,1,825f8b984b3b2505c87484fc88419cb15c5d6d2fb94134940297db5ba9c9b0a0,1,0,1,0.993257646654236,4,494,495,495
explicit_missing,1,30b933ace8f9fcaa8563c3d45a947ee641c793d5ce5e63fe9b184854f2805ebc,0,1,1,0.668814018598902,3,496,497,497
explicit_missing,1,8feee4224ffbeb5f7b43b2b4fad9c3c5ae603265edf250f61081635299493c5f,0,1,0,0.025653847528407714,3,508,509,509
explicit_missing,1,ad62d3796b9e5d6cb390232882aced91f4b2175affc6fca536ba075e9f928696,1,0,1,0.6099734115786307,3,513,514,514
explicit_missing,1,a413cb39d1decbc932843765c2542a4f438d41b0490d251063c04001303012b5,0,1,1,0.7647215199357165,3,530,531,531
explicit_missing,1,8e815e6224cc4639a52ab1ae08fb124e258ce0126e14966faedf7a394b414341,0,1,0,0.004464798470547603,3,535,536,536
explicit_missing,1,f86d6e1632a29799273da4683ce4e6e85b3a5dd7a07f2bf94a84a84caeb02e77,0,1,0,0.015639886055832625,3,537,538,538
explicit_missing,1,0609526803727eb7a02eae6e31fdad5351ee604bf6e87ca01cef0f174ec966c4,1,0,1,0.9690730848091638,4,547,548,548
explicit_missing,1,860eb53eed8a67b576b005aefd9eeb466479557343a6dac29a4085b281056fec,0,1,0,0.010040385628076116,3,549,550,550
explicit_missing,1,e26dbf6dab96e0bdac459c7140cb1a4bab5bd832038ab3789e75e2a3ee1ef187,0,1,0,0.0009685438268633333,3,559,560,560
explicit_missing,1,ad62d3796b9e5d6cb390232882aced91f4b2175affc6fca536ba075e9f928696,1,0,1,0.6099734115786307,3,564,565,565
explicit_missing,1,3e112fed1f2a09fda69b8b62ed9a1ed98e6ac5bad1cbf35a0c622a861b38c9f5,0,1,0,0.0023590996785389255,3,571,572,572
explicit_missing,1,ad62d3796b9e5d6cb390232882aced91f4b2175affc6fca536ba075e9f928696,1,0,1,0.6099734115786307,3,574,575,575
explicit_missing,1,0609526803727eb7a02eae6e31fdad5351ee604bf6e87ca01cef0f174ec966c4,1,0,1,0.9690730848091638,4,578,579,579
explicit_missing,1,dc3c121a5dfc1821538ece060b91b4c94fe9371f0c30eb41c6d7e3fe52ffa100,1,0,1,0.9925268014733213,4,580,581,581
explicit_missing,1,825f8b984b3b2505c87484fc88419cb15c5d6d2fb94134940297db5ba9c9b0a0,1,0,1,0.993257646654236,4,585,586,586
explicit_missing,1,0407b2e5edd3f95da70a19f2c12e12a47c44e87ff40fc30a43008ea9828acd37,0,1,0,0.28540984883957754,3,586,587,587
explicit_missing,1,2270cf63c75bff8f5ef058b2fadb9aecf66d022bcba7474ec79d74ed30cc1f3f,0,1,0,0.49572848690109667,3,591,592,592
explicit_missing,1,f86d6e1632a29799273da4683ce4e6e85b3a5dd7a07f2bf94a84a84caeb02e77,0,1,0,0.015639886055832625,3,616,617,617
explicit_missing,1,135c49b7206acbca4bd59a45bb5d0a441086b0141794b35d9d227242c762622b,0,1,0,0.009608257461692186,3,618,619,619
explicit_missing,1,dd15218f1a013e70a109e1984ae7d2faa187d273dbf204ee073a11783531eb12,1,0,1,0.86583749391273,4,635,636,636
explicit_missing,1,135c49b7206acbca4bd59a45bb5d0a441086b0141794b35d9d227242c762622b,0,1,0,0.009608257461692186,3,655,656,656
explicit_missing,1,71a456eca9ed8e0f911459cf49f92f5fc04a04441ffa627fcc36dce85f9fa8d2,0,1,0,0.020750580760481054,4,658,659,659
explicit_missing,1,d30c09705f48c161d3a9e5efeb137dd919907efda71e91f7457a1177531458cf,1,0,1,0.7888424856562368,4,662,663,663
explicit_missing,1,dd15218f1a013e70a109e1984ae7d2faa187d273dbf204ee073a11783531eb12,1,0,1,0.86583749391273,4,672,673,673
explicit_missing,1,dd5c245125fe3099c5e793a7b54c034797b426e0102a57072052647de3c5dd48,1,0,1,0.9827214789331957,4,675,676,676
explicit_missing,1,0ddceaf19a5cf5d118fbf392204aa1a82ba99fdc457b92f25ee797383d5f8372,1,0,1,0.9782606056281258,4,686,687,687
explicit_missing,1,3e112fed1f2a09fda69b8b62ed9a1ed98e6ac5bad1cbf35a0c622a861b38c9f5,0,1,0,0.0023590996785389255,3,690,691,691
explicit_missing,1,8d6840f62c2edb1e02086519ff5e9163cc08d066341dc64f37a69d833324e6bf,1,0,1,0.9072287229985743,4,693,694,694
explicit_missing,1,18a41bc3a1d854654e09b4269e27c4989bddb4ddea9d69fc6dd5b0ea19ccb130,1,0,1,0.7896060847170123,4,695,696,696
explicit_missing,1,f86d6e1632a29799273da4683ce4e6e85b3a5dd7a07f2bf94a84a84caeb02e77,0,1,0,0.015639886055832625,3,697,698,698
explicit_missing,1,696582f64d2c8c4c7be10106139532593c1c19d4dec3198b61f8e4b320f29b6d,1,0,1,0.860313759741244,4,707,708,708
explicit_missing,1,7bc7edc81504823da0e2cc15c08d254d6374580c1278bd0c02c1068619176e4d,0,1,0,0.15816190489017243,3,708,709,709
explicit_missing,1,92304ad7f291bd2213aa856c0ea3eeba5566f3bff231dc1e8df23cba6b6cef63,0,1,0,0.16394955565020544,3,716,717,717
explicit_missing,1,cfba642a12fc49a24c4a9576252fe8886575fba4b0aba975c99ed02b1c5bc28d,1,0,1,0.7769498057322902,4,718,719,719
explicit_missing,1,2270cf63c75bff8f5ef058b2fadb9aecf66d022bcba7474ec79d74ed30cc1f3f,0,1,0,0.49572848690109667,3,725,726,726
explicit_missing,1,36ef84ea39323f491e3bb21475464b9d3da7df200d4412c1945bb19f9cfeeda7,0,1,0,0.0052977256154310235,3,734,735,735
explicit_missing,1,0ace5c2af2df9bc4e6441e53e392444525e325a2d3a68c86d2b5642afd86d72f,0,1,0,0.010649666408926327,3,736,737,737
explicit_missing,1,1546abffe6332affe53e386427effe04cc2751bced858e563c9bcaa2c9b24fa0,1,0,1,0.9984194131177867,4,738,739,739
explicit_missing,1,dd5c245125fe3099c5e793a7b54c034797b426e0102a57072052647de3c5dd48,1,0,1,0.9827214789331957,4,743,744,744
explicit_missing,1,343f97779e92a75005a37b420b3886a2ab852ac2282cd0b3565b5e75473619ad,1,0,1,0.9401227148993662,4,748,749,749
explicit_missing,1,534f9af47c5f491cc5dccac4f9d01a63b6e3c81664b5debce6e390a31e8362e6,1,0,1,0.9749229023763902,4,757,758,758
explicit_missing,1,cc8c89cd0a972fdc064c79b43412c7ecf3dd893295d57cf6507359ba5fd03779,1,0,0,0.3907347365574784,3,773,774,774
explicit_missing,1,dc3c121a5dfc1821538ece060b91b4c94fe9371f0c30eb41c6d7e3fe52ffa100,1,0,1,0.9925268014733213,4,782,783,783
explicit_missing,1,1546abffe6332affe53e386427effe04cc2751bced858e563c9bcaa2c9b24fa0,1,0,1,0.9984194131177867,4,801,802,802
explicit_missing,1,7f002c74c88d56f20387f9a39939a28cbfdfff55085d9611f50b66fdfd547e8f,0,1,1,0.9518040211255201,3,806,807,807
explicit_missing,1,200be9908d2f03977c9d890b01bcb7c5d6451d6722981c3e25a653c9bf889bf0,0,1,0,0.02730905029518935,3,808,809,809
explicit_missing,1,295d3770d48a22c76fbea70306840dbd3e5705d6e8d33e981f02fd949298e5e7,0,1,0,0.011683637927546757,3,810,811,811
explicit_missing,1,8d6840f62c2edb1e02086519ff5e9163cc08d066341dc64f37a69d833324e6bf,1,0,1,0.9072287229985743,4,814,815,815
explicit_missing,1,92304ad7f291bd2213aa856c0ea3eeba5566f3bff231dc1e8df23cba6b6cef63,0,1,0,0.16394955565020544,3,817,818,818
explicit_missing,1,696582f64d2c8c4c7be10106139532593c1c19d4dec3198b61f8e4b320f29b6d,1,0,1,0.860313759741244,4,828,829,829
explicit_missing,1,200be9908d2f03977c9d890b01bcb7c5d6451d6722981c3e25a653c9bf889bf0,0,1,0,0.02730905029518935,3,829,830,830
explicit_missing,1,1546abffe6332affe53e386427effe04cc2751bced858e563c9bcaa2c9b24fa0,1,0,1,0.9984194131177867,4,854,855,855
explicit_missing,1,4ac578757f209823c2f46aae5441e129be3ea66c5c789b25152679499ebb2be6,1,0,1,0.7048256623900734,4,860,861,861
explicit_missing,1,dd15218f1a013e70a109e1984ae7d2faa187d273dbf204ee073a11783531eb12,1,0,1,0.86583749391273,4,864,865,865
explicit_missing,1,0ddceaf19a5cf5d118fbf392204aa1a82ba99fdc457b92f25ee797383d5f8372,1,0,1,0.9782606056281258,4,890,891,891
explicit_missing,1,4ac578757f209823c2f46aae5441e129be3ea66c5c789b25152679499ebb2be6,1,0,1,0.7048256623900734,4,895,896,896
explicit_missing,1,30b933ace8f9fcaa8563c3d45a947ee641c793d5ce5e63fe9b184854f2805ebc,0,1,1,0.668814018598902,3,900,901,901
explicit_missing,1,534f9af47c5f491cc5dccac4f9d01a63b6e3c81664b5debce6e390a31e8362e6,1,0,1,0.9749229023763902,4,906,907,907
explicit_missing,1,5a5522ce37eb6a200af447f255944323e78731c213ba32119d8a85a9c50441d9,1,0,1,0.9840996218009882,3,910,911,911
explicit_missing,1,e18400d255a8fe19f6cf3fb3c63068458a4c1d567fed71427cc4c355472be3dd,0,1,1,0.817242235793049,3,914,915,915
explicit_missing,1,170beb254cb4ead91ac6abdd27b9f5fb35183137c08b806ed7193d57b16feb8e,1,0,1,0.994309512118122,4,917,918,918
explicit_missing,1,18a41bc3a1d854654e09b4269e27c4989bddb4ddea9d69fc6dd5b0ea19ccb130,1,0,1,0.7896060847170123,4,921,922,922
explicit_missing,1,dc3c121a5dfc1821538ece060b91b4c94fe9371f0c30eb41c6d7e3fe52ffa100,1,0,1,0.9925268014733213,4,922,923,923
explicit_missing,1,170beb254cb4ead91ac6abdd27b9f5fb35183137c08b806ed7193d57b16feb8e,1,0,1,0.994309512118122,4,931,932,932
explicit_missing,1,7f002c74c88d56f20387f9a39939a28cbfdfff55085d9611f50b66fdfd547e8f,0,1,1,0.9518040211255201,3,939,940,940
explicit_missing,1,3e112fed1f2a09fda69b8b62ed9a1ed98e6ac5bad1cbf35a0c622a861b38c9f5,0,1,0,0.0023590996785389255,3,953,954,954
explicit_missing,1,36ef84ea39323f491e3bb21475464b9d3da7df200d4412c1945bb19f9cfeeda7,0,1,0,0.0052977256154310235,3,965,966,966
explicit_missing,1,8d6840f62c2edb1e02086519ff5e9163cc08d066341dc64f37a69d833324e6bf,1,0,1,0.9072287229985743,4,969,970,970
explicit_missing,1,18a41bc3a1d854654e09b4269e27c4989bddb4ddea9d69fc6dd5b0ea19ccb130,1,0,1,0.7896060847170123,4,976,977,977
explicit_missing,1,18a41bc3a1d854654e09b4269e27c4989bddb4ddea9d69fc6dd5b0ea19ccb130,1,0,1,0.7896060847170123,4,982,983,983
explicit_missing,1,30b933ace8f9fcaa8563c3d45a947ee641c793d5ce5e63fe9b184854f2805ebc,0,1,1,0.668814018598902,3,985,986,986
explicit_missing,1,343f97779e92a75005a37b420b3886a2ab852ac2282cd0b3565b5e75473619ad,1,0,1,0.9401227148993662,4,992,993,993
explicit_missing,1,4ac578757f209823c2f46aae5441e129be3ea66c5c789b25152679499ebb2be6,1,0,1,0.7048256623900734,4,1011,1012,1012
explicit_missing,1,d30c09705f48c161d3a9e5efeb137dd919907efda71e91f7457a1177531458cf,1,0,1,0.7888424856562368,4,1014,1015,1015
explicit_missing,1,36ef84ea39323f491e3bb21475464b9d3da7df200d4412c1945bb19f9cfeeda7,0,1,0,0.0052977256154310235,3,1015,1016,1016
explicit_missing,2,ba76646a6cd8bac9a3915000fd01b2c6f72767317e7a127d3c76c2a3528e15cf,1,0,1,0.6552471464100722,4,9,10,10
explicit_missing,2,97c28d190215d11fe23f3d9daeb08b08876a6ba9a0b50b9f20e083c3dfdf063d,0,1,0,0.2110845307120272,3,17,18,18
explicit_missing,2,7fa477610afc161c8c6896002d27de9519656c1dc1e45ca94e675e67d6b62df4,1,0,0,0.1586348107183787,3,21,22,22
explicit_missing,2,d2f6d8bfdc925926b52b4aae864f595549c5c2af935859f00fa441a2540b23a2,1,0,1,0.9102427284615497,4,26,27,27
explicit_missing,2,120c066e96fbf896a39fd17defc80d0d3914bd808fdfa0bb021e353ed8901859,0,1,0,0.4846342000644359,4,42,43,43
explicit_missing,2,ba76646a6cd8bac9a3915000fd01b2c6f72767317e7a127d3c76c2a3528e15cf,1,0,1,0.6552471464100722,4,44,45,45
explicit_missing,2,3019eb9e1e2b3b50d39f08ab776beb802ed15d5fc99de6ec9091db4070eb02d5,0,1,0,0.38795193187826343,4,47,48,48
explicit_missing,2,6fb7211a460e94d8a2ff0054bee1425482bcef1ce7adf232fa5758f42ba5b121,1,0,1,0.9226034333075829,4,68,69,69
explicit_missing,2,1b5f089a7c6d6cbe4752e5a0476366179819182b598d80d7ff25d6a34fc0111f,1,0,1,0.9756380816567655,4,72,73,73
explicit_missing,2,e730d621d57973dddae599c97a7d6066b1465945227bfcd5e8eb81b50c9b32f8,1,0,1,0.9888602874379847,4,78,79,79
explicit_missing,2,74d43fe49e4de4a3e8536759ef6eecd48658b73769dc6d3bfaba40e1fa2d20ef,1,0,1,0.5244134538714349,3,88,89,89
explicit_missing,2,1b06c566472cb1ec33bf7e37c86c2cb32d5247e2d414507bc5a2d80facf48cfd,1,0,1,0.9796411934567536,3,90,91,91
explicit_missing,2,e730d621d57973dddae599c97a7d6066b1465945227bfcd5e8eb81b50c9b32f8,1,0,1,0.9888602874379847,4,93,94,94
explicit_missing,2,dd2800b0ea96c66364f3306ccd1a5ab6ea03c8388eca414925b643e74a6cb5ac,0,1,1,0.5655848570688138,3,96,97,97
explicit_missing,2,699503624a9726f122bd002cf2c31e5d52f3e9d52378c9e39980205edf8e3cb8,0,1,0,0.224005196273046,3,102,103,103
explicit_missing,2,d2f6d8bfdc925926b52b4aae864f595549c5c2af935859f00fa441a2540b23a2,1,0,1,0.9102427284615497,4,116,117,117
explicit_missing,2,74b17ea90d77b212c11109d27b9d3b9be35581a0cc2764adf81eb89a1ff7aabe,1,0,1,0.9686671707580035,4,118,119,119
explicit_missing,2,37a5ca2f4a45de7fab333b84741ad58cc9f825d41d59b1164bce5f6f8ff371dc,0,1,0,0.04326820737364281,3,120,121,121
explicit_missing,2,9af78ef35e19aad8c614167387840ddc427d6ba06741bbc5ed79b11923844b40,1,0,1,0.9984564621635535,3,123,124,124
explicit_missing,2,3019eb9e1e2b3b50d39f08ab776beb802ed15d5fc99de6ec9091db4070eb02d5,0,1,0,0.38795193187826343,4,133,134,134
explicit_missing,2,129187a6d1989b8cc9b57e85dc4d9895800f53b4ae4701f45a08e325b2376b74,1,0,1,0.9844887682652488,4,136,137,137
explicit_missing,2,61378bf2c4a1c06a1e183a872365216e3b2b8f60f7caf2e2ec42580ad3ed365f,1,0,1,0.9640766886846194,4,146,147,147
explicit_missing,2,120c066e96fbf896a39fd17defc80d0d3914bd808fdfa0bb021e353ed8901859,0,1,0,0.4846342000644359,4,154,155,155
explicit_missing,2,120c066e96fbf896a39fd17defc80d0d3914bd808fdfa0bb021e353ed8901859,0,1,0,0.4846342000644359,4,158,159,159
explicit_missing,2,3a9042a29b3fdd27f4ee67ed178246094baf68a7233571b46398b0ecc1016bed,0,1,0,0.016093767822926153,4,160,161,161
explicit_missing,2,1b13de9667a1c75c937b869c9712b13162197cb3cecd6a46d0a43d83cc10c822,1,0,1,0.9903271593772921,3,167,168,168
explicit_missing,2,9e38f577755af30ef9073f9811650f8b5e27d31fa538abb028c7257b5938854a,1,0,1,0.928721230045032,4,172,173,173
explicit_missing,2,1c7f4c143bea5753cfffa7db6bc57e8ef8757cfb6ad73cc78c2a324f18bbf8d5,0,1,0,0.03244399093247783,4,173,174,174
explicit_missing,2,9e38f577755af30ef9073f9811650f8b5e27d31fa538abb028c7257b5938854a,1,0,1,0.928721230045032,4,177,178,178
explicit_missing,2,e730d621d57973dddae599c97a7d6066b1465945227bfcd5e8eb81b50c9b32f8,1,0,1,0.9888602874379847,4,181,182,182
explicit_missing,2,f571f0cd4c431f4b48997a331dd42b1029a286f870eb5192eb628a62b4db0f30,1,0,1,0.9917015665668657,4,183,184,184
explicit_missing,2,0360d1fe51073754b3d7e916e181429845ca593d2283b305477af36399e10e0a,0,1,0,0.017704103120908383,4,184,185,185
explicit_missing,2,61378bf2c4a1c06a1e183a872365216e3b2b8f60f7caf2e2ec42580ad3ed365f,1,0,1,0.9640766886846194,4,187,188,188
explicit_missing,2,7b4cb154cd8c96042bc5aa6fbfaa724dc9d8e687f6b7683bd7ad946a959c57c3,0,1,0,0.010340905570532565,3,191,192,192
explicit_missing,2,789ca93868a1160ef0149b26f44f6db86d70b66095514fabd8e42fc41e0fd745,0,1,0,0.2433954051890624,4,192,193,193
explicit_missing,2,b638ab645482db4e738d7d3eb39bd66b3f32590e2de9c2fe379d9e510078ac26,1,0,1,0.9897217829255064,4,195,196,196
explicit_missing,2,7b4cb154cd8c96042bc5aa6fbfaa724dc9d8e687f6b7683bd7ad946a959c57c3,0,1,0,0.010340905570532565,3,208,209,209
explicit_missing,2,3a9042a29b3fdd27f4ee67ed178246094baf68a7233571b46398b0ecc1016bed,0,1,0,0.016093767822926153,4,218,219,219
explicit_missing,2,7f6eb87a7a0f0e7c7a774f4a858d04d3733168da28f6b25ac8cc3f36a4d9791f,0,1,0,0.2311787719484725,3,226,227,227
explicit_missing,2,7fa477610afc161c8c6896002d27de9519656c1dc1e45ca94e675e67d6b62df4,1,0,0,0.1586348107183787,3,244,245,245
explicit_missing,2,5c0b540b637e788c8fc043df421a9c0558a171671432a84b540cbe2534cc5ad0,0,1,0,0.10354662365180442,3,245,246,246
explicit_missing,2,0360d1fe51073754b3d7e916e181429845ca593d2283b305477af36399e10e0a,0,1,0,0.017704103120908383,4,250,251,251
explicit_missing,2,f8d7191c33cd66e4036928b32a526d0e7092e626e266655498b2fb7fa268b982,1,0,1,0.935448467277264,4,255,256,256
explicit_missing,2,57406ef4552f43df3583eb064c14d18ff05a35a479c162a4facf5417fa6aacb1,0,1,0,0.45162310103256,3,256,257,257
explicit_missing,2,757cb6c1021bfb2d04e492afa47e4ca576c7bdb0f2e1634ede080ae8788c08dd,1,0,1,0.5399916271226136,4,259,260,260
explicit_missing,2,7f6eb87a7a0f0e7c7a774f4a858d04d3733168da28f6b25ac8cc3f36a4d9791f,0,1,0,0.2311787719484725,3,262,263,263
explicit_missing,2,129187a6d1989b8cc9b57e85dc4d9895800f53b4ae4701f45a08e325b2376b74,1,0,1,0.9844887682652488,4,265,266,266
explicit_missing,2,c55a7e160850b5600d39fdf91e2748ce9a6052c5453da5253e012c334394a10f,0,1,0,0.14689510721928817,3,272,273,273
explicit_missing,2,9e38f577755af30ef9073f9811650f8b5e27d31fa538abb028c7257b5938854a,1,0,1,0.928721230045032,4,276,277,277
explicit_missing,2,9af78ef35e19aad8c614167387840ddc427d6ba06741bbc5ed79b11923844b40,1,0,1,0.9984564621635535,3,304,305,305
explicit_missing,2,bc01e9feb2ba2f4c340bc6785a4e3b676a96f1532ea05cc4a644d35d872b0762,0,1,0,0.036531231982850326,3,305,306,306
explicit_missing,2,0dee614e6d81244540b4166c994f0559c9efce5766765c3e78fcdf5e9c7b7e3f,1,0,1,0.9967494742998162,3,306,307,307
explicit_missing,2,cd30b545269c64e3a3a5898d73ac2d127104626770f16dddc903ebcb82750600,0,1,0,0.3408271879332548,3,321,322,322
explicit_missing,2,699503624a9726f122bd002cf2c31e5d52f3e9d52378c9e39980205edf8e3cb8,0,1,0,0.224005196273046,3,337,338,338
explicit_missing,2,3a9042a29b3fdd27f4ee67ed178246094baf68a7233571b46398b0ecc1016bed,0,1,0,0.016093767822926153,4,345,346,346
explicit_missing,2,ae8873c61d6232fd878a5a241d1017471f0aebad3c70e67f6a80dea02d16c8e8,1,0,1,0.9886676684745036,3,349,350,350
explicit_missing,2,cf47d8d0b7538dc2494a4bd2ff50962532ffa8063831c87277198fc7856d1113,0,1,1,0.7164452663460313,3,354,355,355
explicit_missing,2,76188df7212d02fe6400921583c3af92cec04bccde92adf10fbff387728c06bb,0,1,1,0.5602240854807505,3,356,357,357
explicit_missing,2,b638ab645482db4e738d7d3eb39bd66b3f32590e2de9c2fe379d9e510078ac26,1,0,1,0.9897217829255064,4,358,359,359
explicit_missing,2,7d8da25e9ce0d659ef0e6ddc790d98e5843871183b13d257985c8192be9c299b,0,1,0,0.016274823449798023,3,370,371,371
explicit_missing,2,b8e349b1ba6e3b96024138700a9f65e0b547880c5d961e044b3b1316973d8a13,1,0,1,0.8525426957491472,3,385,386,386
explicit_missing,2,7d8da25e9ce0d659ef0e6ddc790d98e5843871183b13d257985c8192be9c299b,0,1,0,0.016274823449798023,3,386,387,387
explicit_missing,2,7d8da25e9ce0d659ef0e6ddc790d98e5843871183b13d257985c8192be9c299b,0,1,0,0.016274823449798023,3,393,394,394
explicit_missing,2,61378bf2c4a1c06a1e183a872365216e3b2b8f60f7caf2e2ec42580ad3ed365f,1,0,1,0.9640766886846194,4,398,399,399
explicit_missing,2,1b5f089a7c6d6cbe4752e5a0476366179819182b598d80d7ff25d6a34fc0111f,1,0,1,0.9756380816567655,4,405,406,406
explicit_missing,2,76188df7212d02fe6400921583c3af92cec04bccde92adf10fbff387728c06bb,0,1,1,0.5602240854807505,3,409,410,410
explicit_missing,2,ae8873c61d6232fd878a5a241d1017471f0aebad3c70e67f6a80dea02d16c8e8,1,0,1,0.9886676684745036,3,429,430,430
explicit_missing,2,74d43fe49e4de4a3e8536759ef6eecd48658b73769dc6d3bfaba40e1fa2d20ef,1,0,1,0.5244134538714349,3,437,438,438
explicit_missing,2,f571f0cd4c431f4b48997a331dd42b1029a286f870eb5192eb628a62b4db0f30,1,0,1,0.9917015665668657,4,442,443,443
explicit_missing,2,0548dc97d6bdab333330eded8112df676bd49389532fe8b0d4aa3410887c1912,0,1,0,0.06211621850025229,3,452,453,453
explicit_missing,2,0548dc97d6bdab333330eded8112df676bd49389532fe8b0d4aa3410887c1912,0,1,0,0.06211621850025229,3,454,455,455
explicit_missing,2,b638ab645482db4e738d7d3eb39bd66b3f32590e2de9c2fe379d9e510078ac26,1,0,1,0.9897217829255064,4,470,471,471
explicit_missing,2,d30faafdfabaf1b0603ee349f3994cc850fb9581abb48b270769113a399439cc,0,1,0,0.16402865904767686,3,474,475,475
explicit_missing,2,699503624a9726f122bd002cf2c31e5d52f3e9d52378c9e39980205edf8e3cb8,0,1,0,0.224005196273046,3,476,477,477
explicit_missing,2,5c0b540b637e788c8fc043df421a9c0558a171671432a84b540cbe2534cc5ad0,0,1,0,0.10354662365180442,3,495,496,496
explicit_missing,2,74b17ea90d77b212c11109d27b9d3b9be35581a0cc2764adf81eb89a1ff7aabe,1,0,1,0.9686671707580035,4,512,513,513
explicit_missing,2,ba76646a6cd8bac9a3915000fd01b2c6f72767317e7a127d3c76c2a3528e15cf,1,0,1,0.6552471464100722,4,539,540,540
explicit_missing,2,57406ef4552f43df3583eb064c14d18ff05a35a479c162a4facf5417fa6aacb1,0,1,0,0.45162310103256,3,543,544,544
explicit_missing,2,1b13de9667a1c75c937b869c9712b13162197cb3cecd6a46d0a43d83cc10c822,1,0,1,0.9903271593772921,3,565,566,566
explicit_missing,2,d30faafdfabaf1b0603ee349f3994cc850fb9581abb48b270769113a399439cc,0,1,0,0.16402865904767686,3,568,569,569
explicit_missing,2,9af78ef35e19aad8c614167387840ddc427d6ba06741bbc5ed79b11923844b40,1,0,1,0.9984564621635535,3,572,573,573
explicit_missing,2,57406ef4552f43df3583eb064c14d18ff05a35a479c162a4facf5417fa6aacb1,0,1,0,0.45162310103256,3,579,580,580
explicit_missing,2,2a0f4f605cfcdc52d443d5510c0f07f62dadd3e503b339ea5a801c5c9abd5321,0,1,0,0.03701505448189288,3,583,584,584
explicit_missing,2,74b17ea90d77b212c11109d27b9d3b9be35581a0cc2764adf81eb89a1ff7aabe,1,0,1,0.9686671707580035,4,584,585,585
explicit_missing,2,d2f6d8bfdc925926b52b4aae864f595549c5c2af935859f00fa441a2540b23a2,1,0,1,0.9102427284615497,4,589,590,590
explicit_missing,2,6fb7211a460e94d8a2ff0054bee1425482bcef1ce7adf232fa5758f42ba5b121,1,0,1,0.9226034333075829,4,608,609,609
explicit_missing,2,cacd13fa97e54082499001d9a2fe3123d5447ae19ec99d1b4ab914b5b40f3620,1,0,1,0.9823017807418033,4,612,613,613
explicit_missing,2,129187a6d1989b8cc9b57e85dc4d9895800f53b4ae4701f45a08e325b2376b74,1,0,1,0.9844887682652488,4,613,614,614
explicit_missing,2,b0ec63e8037dab55904515a603da26c078d8e189ca3edff62640790278ee3e01,0,1,0,0.31789520701859975,3,617,618,618
explicit_missing,2,757cb6c1021bfb2d04e492afa47e4ca576c7bdb0f2e1634ede080ae8788c08dd,1,0,1,0.5399916271226136,4,628,629,629
explicit_missing,2,cd30b545269c64e3a3a5898d73ac2d127104626770f16dddc903ebcb82750600,0,1,0,0.3408271879332548,3,636,637,637
explicit_missing,2,74d43fe49e4de4a3e8536759ef6eecd48658b73769dc6d3bfaba40e1fa2d20ef,1,0,1,0.5244134538714349,3,637,638,638
explicit_missing,2,76188df7212d02fe6400921583c3af92cec04bccde92adf10fbff387728c06bb,0,1,1,0.5602240854807505,3,641,642,642
explicit_missing,2,0dee614e6d81244540b4166c994f0559c9efce5766765c3e78fcdf5e9c7b7e3f,1,0,1,0.9967494742998162,3,651,652,652
explicit_missing,2,3a9042a29b3fdd27f4ee67ed178246094baf68a7233571b46398b0ecc1016bed,0,1,0,0.016093767822926153,4,652,653,653
explicit_missing,2,b56e85f3c7bed8b1bda063f6031ee521ee982cf9f767cb14c5091aaf64bffeab,0,1,0,0.02584521100914157,3,653,654,654
explicit_missing,2,9e38f577755af30ef9073f9811650f8b5e27d31fa538abb028c7257b5938854a,1,0,1,0.928721230045032,4,654,655,655
explicit_missing,2,b56e85f3c7bed8b1bda063f6031ee521ee982cf9f767cb14c5091aaf64bffeab,0,1,0,0.02584521100914157,3,665,666,666
explicit_missing,2,120c066e96fbf896a39fd17defc80d0d3914bd808fdfa0bb021e353ed8901859,0,1,0,0.4846342000644359,4,674,675,675
explicit_missing,2,37a5ca2f4a45de7fab333b84741ad58cc9f825d41d59b1164bce5f6f8ff371dc,0,1,0,0.04326820737364281,3,681,682,682
explicit_missing,2,74b17ea90d77b212c11109d27b9d3b9be35581a0cc2764adf81eb89a1ff7aabe,1,0,1,0.9686671707580035,4,684,685,685
explicit_missing,2,7fa477610afc161c8c6896002d27de9519656c1dc1e45ca94e675e67d6b62df4,1,0,0,0.1586348107183787,3,685,686,686
explicit_missing,2,b8e349b1ba6e3b96024138700a9f65e0b547880c5d961e044b3b1316973d8a13,1,0,1,0.8525426957491472,3,696,697,697
explicit_missing,2,b8e349b1ba6e3b96024138700a9f65e0b547880c5d961e044b3b1316973d8a13,1,0,1,0.8525426957491472,3,700,701,701
explicit_missing,2,d30faafdfabaf1b0603ee349f3994cc850fb9581abb48b270769113a399439cc,0,1,0,0.16402865904767686,3,701,702,702
explicit_missing,2,f8d7191c33cd66e4036928b32a526d0e7092e626e266655498b2fb7fa268b982,1,0,1,0.935448467277264,4,702,703,703
explicit_missing,2,cf47d8d0b7538dc2494a4bd2ff50962532ffa8063831c87277198fc7856d1113,0,1,1,0.7164452663460313,3,704,705,705
explicit_missing,2,60cfc9ffcb5c94cd7a137909b9ae5d39e77d0510aafc957c78fed02cdcb5a264,0,1,0,0.005446884978403978,3,709,710,710
explicit_missing,2,789ca93868a1160ef0149b26f44f6db86d70b66095514fabd8e42fc41e0fd745,0,1,0,0.2433954051890624,4,711,712,712
explicit_missing,2,f8d7191c33cd66e4036928b32a526d0e7092e626e266655498b2fb7fa268b982,1,0,1,0.935448467277264,4,712,713,713
explicit_missing,2,b56e85f3c7bed8b1bda063f6031ee521ee982cf9f767cb14c5091aaf64bffeab,0,1,0,0.02584521100914157,3,714,715,715
explicit_missing,2,cacd13fa97e54082499001d9a2fe3123d5447ae19ec99d1b4ab914b5b40f3620,1,0,1,0.9823017807418033,4,717,718,718
explicit_missing,2,789ca93868a1160ef0149b26f44f6db86d70b66095514fabd8e42fc41e0fd745,0,1,0,0.2433954051890624,4,728,729,729
explicit_missing,2,2a0f4f605cfcdc52d443d5510c0f07f62dadd3e503b339ea5a801c5c9abd5321,0,1,0,0.03701505448189288,3,751,752,752
explicit_missing,2,789ca93868a1160ef0149b26f44f6db86d70b66095514fabd8e42fc41e0fd745,0,1,0,0.2433954051890624,4,763,764,764
explicit_missing,2,e730d621d57973dddae599c97a7d6066b1465945227bfcd5e8eb81b50c9b32f8,1,0,1,0.9888602874379847,4,765,766,766
explicit_missing,2,1b06c566472cb1ec33bf7e37c86c2cb32d5247e2d414507bc5a2d80facf48cfd,1,0,1,0.9796411934567536,3,768,769,769
explicit_missing,2,3019eb9e1e2b3b50d39f08ab776beb802ed15d5fc99de6ec9091db4070eb02d5,0,1,0,0.38795193187826343,4,771,772,772
explicit_missing,2,dd2800b0ea96c66364f3306ccd1a5ab6ea03c8388eca414925b643e74a6cb5ac,0,1,1,0.5655848570688138,3,772,773,773
explicit_missing,2,d2f6d8bfdc925926b52b4aae864f595549c5c2af935859f00fa441a2540b23a2,1,0,1,0.9102427284615497,4,777,778,778
explicit_missing,2,1c7f4c143bea5753cfffa7db6bc57e8ef8757cfb6ad73cc78c2a324f18bbf8d5,0,1,0,0.03244399093247783,4,784,785,785
explicit_missing,2,7f6eb87a7a0f0e7c7a774f4a858d04d3733168da28f6b25ac8cc3f36a4d9791f,0,1,0,0.2311787719484725,3,785,786,786
explicit_missing,2,1b06c566472cb1ec33bf7e37c86c2cb32d5247e2d414507bc5a2d80facf48cfd,1,0,1,0.9796411934567536,3,793,794,794
explicit_missing,2,60cfc9ffcb5c94cd7a137909b9ae5d39e77d0510aafc957c78fed02cdcb5a264,0,1,0,0.005446884978403978,3,794,795,795
explicit_missing,2,3019eb9e1e2b3b50d39f08ab776beb802ed15d5fc99de6ec9091db4070eb02d5,0,1,0,0.38795193187826343,4,797,798,798
explicit_missing,2,b0ec63e8037dab55904515a603da26c078d8e189ca3edff62640790278ee3e01,0,1,0,0.31789520701859975,3,800,801,801
explicit_missing,2,61378bf2c4a1c06a1e183a872365216e3b2b8f60f7caf2e2ec42580ad3ed365f,1,0,1,0.9640766886846194,4,811,812,812
explicit_missing,2,129187a6d1989b8cc9b57e85dc4d9895800f53b4ae4701f45a08e325b2376b74,1,0,1,0.9844887682652488,4,820,821,821
explicit_missing,2,1b5f089a7c6d6cbe4752e5a0476366179819182b598d80d7ff25d6a34fc0111f,1,0,1,0.9756380816567655,4,821,822,822
explicit_missing,2,0360d1fe51073754b3d7e916e181429845ca593d2283b305477af36399e10e0a,0,1,0,0.017704103120908383,4,827,828,828
explicit_missing,2,6fb7211a460e94d8a2ff0054bee1425482bcef1ce7adf232fa5758f42ba5b121,1,0,1,0.9226034333075829,4,835,836,836
explicit_missing,2,f571f0cd4c431f4b48997a331dd42b1029a286f870eb5192eb628a62b4db0f30,1,0,1,0.9917015665668657,4,845,846,846
explicit_missing,2,1b13de9667a1c75c937b869c9712b13162197cb3cecd6a46d0a43d83cc10c822,1,0,1,0.9903271593772921,3,846,847,847
explicit_missing,2,b0ec63e8037dab55904515a603da26c078d8e189ca3edff62640790278ee3e01,0,1,0,0.31789520701859975,3,858,859,859
explicit_missing,2,7b4cb154cd8c96042bc5aa6fbfaa724dc9d8e687f6b7683bd7ad946a959c57c3,0,1,0,0.010340905570532565,3,867,868,868
explicit_missing,2,1c7f4c143bea5753cfffa7db6bc57e8ef8757cfb6ad73cc78c2a324f18bbf8d5,0,1,0,0.03244399093247783,4,869,870,870
explicit_missing,2,1b5f089a7c6d6cbe4752e5a0476366179819182b598d80d7ff25d6a34fc0111f,1,0,1,0.9756380816567655,4,877,878,878
explicit_missing,2,cf47d8d0b7538dc2494a4bd2ff50962532ffa8063831c87277198fc7856d1113,0,1,1,0.7164452663460313,3,888,889,889
explicit_missing,2,cacd13fa97e54082499001d9a2fe3123d5447ae19ec99d1b4ab914b5b40f3620,1,0,1,0.9823017807418033,4,891,892,892
explicit_missing,2,2a0f4f605cfcdc52d443d5510c0f07f62dadd3e503b339ea5a801c5c9abd5321,0,1,0,0.03701505448189288,3,905,906,906
explicit_missing,2,0dee614e6d81244540b4166c994f0559c9efce5766765c3e78fcdf5e9c7b7e3f,1,0,1,0.9967494742998162,3,909,910,910
explicit_missing,2,f8d7191c33cd66e4036928b32a526d0e7092e626e266655498b2fb7fa268b982,1,0,1,0.935448467277264,4,913,914,914
explicit_missing,2,ba76646a6cd8bac9a3915000fd01b2c6f72767317e7a127d3c76c2a3528e15cf,1,0,1,0.6552471464100722,4,916,917,917
explicit_missing,2,757cb6c1021bfb2d04e492afa47e4ca576c7bdb0f2e1634ede080ae8788c08dd,1,0,1,0.5399916271226136,4,920,921,921
explicit_missing,2,c55a7e160850b5600d39fdf91e2748ce9a6052c5453da5253e012c334394a10f,0,1,0,0.14689510721928817,3,923,924,924
explicit_missing,2,97c28d190215d11fe23f3d9daeb08b08876a6ba9a0b50b9f20e083c3dfdf063d,0,1,0,0.2110845307120272,3,933,934,934
explicit_missing,2,757cb6c1021bfb2d04e492afa47e4ca576c7bdb0f2e1634ede080ae8788c08dd,1,0,1,0.5399916271226136,4,934,935,935
explicit_missing,2,0360d1fe51073754b3d7e916e181429845ca593d2283b305477af36399e10e0a,0,1,0,0.017704103120908383,4,935,936,936
explicit_missing,2,1c7f4c143bea5753cfffa7db6bc57e8ef8757cfb6ad73cc78c2a324f18bbf8d5,0,1,0,0.03244399093247783,4,936,937,937
explicit_missing,2,0548dc97d6bdab333330eded8112df676bd49389532fe8b0d4aa3410887c1912,0,1,0,0.06211621850025229,3,940,941,941
explicit_missing,2,bc01e9feb2ba2f4c340bc6785a4e3b676a96f1532ea05cc4a644d35d872b0762,0,1,0,0.036531231982850326,3,942,943,943
explicit_missing,2,b638ab645482db4e738d7d3eb39bd66b3f32590e2de9c2fe379d9e510078ac26,1,0,1,0.9897217829255064,4,951,952,952
explicit_missing,2,dd2800b0ea96c66364f3306ccd1a5ab6ea03c8388eca414925b643e74a6cb5ac,0,1,1,0.5655848570688138,3,954,955,955
explicit_missing,2,cd30b545269c64e3a3a5898d73ac2d127104626770f16dddc903ebcb82750600,0,1,0,0.3408271879332548,3,955,956,956
explicit_missing,2,bc01e9feb2ba2f4c340bc6785a4e3b676a96f1532ea05cc4a644d35d872b0762,0,1,0,0.036531231982850326,3,961,962,962
explicit_missing,2,60cfc9ffcb5c94cd7a137909b9ae5d39e77d0510aafc957c78fed02cdcb5a264,0,1,0,0.005446884978403978,3,968,969,969
explicit_missing,2,5c0b540b637e788c8fc043df421a9c0558a171671432a84b540cbe2534cc5ad0,0,1,0,0.10354662365180442,3,974,975,975
explicit_missing,2,f571f0cd4c431f4b48997a331dd42b1029a286f870eb5192eb628a62b4db0f30,1,0,1,0.9917015665668657,4,989,990,990
explicit_missing,2,ae8873c61d6232fd878a5a241d1017471f0aebad3c70e67f6a80dea02d16c8e8,1,0,1,0.9886676684745036,3,994,995,995
explicit_missing,2,c55a7e160850b5600d39fdf91e2748ce9a6052c5453da5253e012c334394a10f,0,1,0,0.14689510721928817,3,996,997,997
explicit_missing,2,6fb7211a460e94d8a2ff0054bee1425482bcef1ce7adf232fa5758f42ba5b121,1,0,1,0.9226034333075829,4,999,1000,1000
explicit_missing,2,97c28d190215d11fe23f3d9daeb08b08876a6ba9a0b50b9f20e083c3dfdf063d,0,1,0,0.2110845307120272,3,1005,1006,1006
explicit_missing,2,cacd13fa97e54082499001d9a2fe3123d5447ae19ec99d1b4ab914b5b40f3620,1,0,1,0.9823017807418033,4,1006,1007,1007
explicit_missing,2,37a5ca2f4a45de7fab333b84741ad58cc9f825d41d59b1164bce5f6f8ff371dc,0,1,0,0.04326820737364281,3,1009,1010,1010
explicit_missing,3,066522f7a92b25978c09d7c8f84df1d54215614115225febfce2e971becee109,0,1,0,0.10821112155370445,4,11,12,12
explicit_missing,3,ce6c68d3a1dbbc1ae9570521fb65beccfea82c109ae978f1d8156ea50eeec3c9,0,1,0,0.006594680781111302,3,13,14,14
explicit_missing,3,c81d1ba7569fbf0299d326ae4b6ce4b00fb82dcde7b7ad70ec772faf9904f555,1,0,1,0.6104844828571334,4,15,16,16
explicit_missing,3,ce6c68d3a1dbbc1ae9570521fb65beccfea82c109ae978f1d8156ea50eeec3c9,0,1,0,0.006594680781111302,3,16,17,17
explicit_missing,3,74263a0590c0f5edcafddc6cf3bb13930ed7c8a19ce7c02afbdf8049227b5a24,0,1,0,0.018071487344476812,4,20,21,21
explicit_missing,3,f99c9fde728ed0f8a12d0956907d6fef9f90c3e8772e33f88d418df81e50de3a,0,1,0,0.24093120437056895,3,22,23,23
explicit_missing,3,5c2b48acf547b55cf9c87fa708c9357aa01caa36724f2c43da32b8023347319e,1,0,1,0.9649526681002357,3,34,35,35
explicit_missing,3,6b6195468415ac0d72b7ab37b44c6583abf461c24d10c1bc6548e3d5a83bba6f,0,1,0,0.15272323688256065,3,38,39,39
explicit_missing,3,12da9bc52d27e6191d4e5541a326452567b4d5dee368ffd05c10e6dadefc757e,0,1,0,0.0997461360380351,3,46,47,47
explicit_missing,3,7571ee92bbc9fe16a5ad1579363ef8649ab489f854db348d7d9c4c1e7efc75e9,0,1,0,0.310426543869823,3,57,58,58
explicit_missing,3,8f55318caaf3927568c5480202057f4c3b39b0a86cf41a6db167fdc77ab9fe39,1,0,0,0.3269001258381053,4,59,60,60
explicit_missing,3,b9be251a4fda0f81d816d42257c61aaced7bedf8dc314ba8934eb4c24378f9eb,0,1,0,0.0274606343194758,3,64,65,65
explicit_missing,3,849ae80134bf91e463f2f63b372716e308875ff01244b9d8bee2aba9c5eb9f41,1,0,1,0.5724743125343602,3,81,82,82
explicit_missing,3,81bd778b049e7b92197bbaf720877992dbb11553313d9ab43f1528ac1616745d,0,1,0,0.017753278938397052,4,86,87,87
explicit_missing,3,74263a0590c0f5edcafddc6cf3bb13930ed7c8a19ce7c02afbdf8049227b5a24,0,1,0,0.018071487344476812,4,87,88,88
explicit_missing,3,9d1210a366042f16f58716a0b2aa2b5521cdf17b75a645c3a5f9a2a3f009892e,1,0,1,0.8396063760597584,4,89,90,90
explicit_missing,3,ce64b99dd7879fab4a416b2b107278957d097722e511c122dcfacffba1d6aa7c,0,1,0,0.023786570110067597,4,92,93,93
explicit_missing,3,01b2d02e21c70f7adceafe2a74bb7d81a2fd07bf8680e73a3454ba24b0f75e7e,0,1,0,0.0983386630699664,4,103,104,104
explicit_missing,3,7aca4477c2989c14361a39ad10723de9580751a6b47f57474f7978ed10fd5f78,1,0,1,0.9534393085353895,4,106,107,107
explicit_missing,3,e6a79fde0b768ebd318484a3a32160e6da306eb998fdbc5cb94c76b53b8d0497,1,0,1,0.9900511953053992,4,114,115,115
explicit_missing,3,01b2d02e21c70f7adceafe2a74bb7d81a2fd07bf8680e73a3454ba24b0f75e7e,0,1,0,0.0983386630699664,4,121,122,122
explicit_missing,3,8fce5508f36278d370665df53df181a14de66990b95b69e77e69ef7487b21b0b,1,0,1,0.991417152023251,4,125,126,126
explicit_missing,3,01b2d02e21c70f7adceafe2a74bb7d81a2fd07bf8680e73a3454ba24b0f75e7e,0,1,0,0.0983386630699664,4,135,136,136
explicit_missing,3,7d1a0d7b51fc1ca79344034ee06dac9db61da107e30bb307a34cbf260c4c303e,1,0,1,0.6025689601340801,4,143,144,144
explicit_missing,3,178a78be273c187af69c4c36804102052b935fcffe2c0a83f38d884e6432c23e,1,0,0,0.38753327233032336,3,148,149,149
explicit_missing,3,cc0fc219a020bff908f6e6eb7bbec747dd8a68c3d92461f4ccf417b985254a0d,0,1,0,0.032351875173384934,3,150,151,151
explicit_missing,3,01b2d02e21c70f7adceafe2a74bb7d81a2fd07bf8680e73a3454ba24b0f75e7e,0,1,0,0.0983386630699664,4,156,157,157
explicit_missing,3,bf48fb6cbf53057d3b546db601b53563f5b011ddcc2268b459f693500a06ab7a,0,1,0,0.07170574713735352,4,162,163,163
explicit_missing,3,1d51ec110e8e21b17cc0b4768ea24be1f7374646eb4f366556bceb09cb733e19,1,0,1,0.7558622816380083,3,164,165,165
explicit_missing,3,5a826db633bc4287d736ccab62222f706dd6bae2431d9e023c4519c2dbf74dbf,1,0,1,0.5445483332170007,4,190,191,191
explicit_missing,3,b9be251a4fda0f81d816d42257c61aaced7bedf8dc314ba8934eb4c24378f9eb,0,1,0,0.0274606343194758,3,196,197,197
explicit_missing,3,f0ad337c1acc1781789c6091d8003ba7a56eff910eb6a35154877cc1b87e6e4e,0,1,0,0.018194397199427455,3,199,200,200
explicit_missing,3,ce64b99dd7879fab4a416b2b107278957d097722e511c122dcfacffba1d6aa7c,0,1,0,0.023786570110067597,4,201,202,202
explicit_missing,3,620cc12069aca5ccf15c41fba13c7c8c9222ee69785e8bf549d69a2c43c490b4,1,0,0,0.157706820744418,3,221,222,222
explicit_missing,3,2e962eaae036270df658e4a4408980b6924f8f3ae4e353de90879894c10eeffa,0,1,0,0.020329500326644545,3,232,233,233
explicit_missing,3,524e62aa99d66a1475c941c30fcc40cbc63c9ac4f02a66c2797f0af0e68cec0c,0,1,0,0.0418158294990328,3,235,236,236
explicit_missing,3,8f55318caaf3927568c5480202057f4c3b39b0a86cf41a6db167fdc77ab9fe39,1,0,0,0.3269001258381053,4,242,243,243
explicit_missing,3,06af32be1fea11cafb8a39d95c9a43fc43ed522f2c1e3b737c37648a2f736f40,0,1,0,0.03078560148197913,3,246,247,247
explicit_missing,3,7aca4477c2989c14361a39ad10723de9580751a6b47f57474f7978ed10fd5f78,1,0,1,0.9534393085353895,4,251,252,252
explicit_missing,3,58575998326d6f39bc9f021302255ed4cb8e71ba926847810c3c6107062b2305,0,1,0,0.05932141291008253,4,257,258,258
explicit_missing,3,4cf48cafc68ff8e922d89b0238322bfcf427064a08f1ce306dfb7b1039209bc1,1,0,1,0.8095573431143248,4,269,270,270
explicit_missing,3,2bc8c2b9337b71f266f35585dc762c806965b51c582af7c8c5a0e47aeeccef54,0,1,0,0.039820809892485175,4,270,271,271
explicit_missing,3,cc5f448a32badd8210c0774fd170aa0efc4f7b9f1c5c4115cf660017252ec109,0,1,1,0.7020089384562147,4,275,276,276
explicit_missing,3,06af32be1fea11cafb8a39d95c9a43fc43ed522f2c1e3b737c37648a2f736f40,0,1,0,0.03078560148197913,3,278,279,279
explicit_missing,3,9c97fd04daf2e276f6870c8a09bc4f169510ecfb6b4efe771802e002cccd35e2,0,1,0,0.04344384032417519,4,281,282,282
explicit_missing,3,4cf48cafc68ff8e922d89b0238322bfcf427064a08f1ce306dfb7b1039209bc1,1,0,1,0.8095573431143248,4,285,286,286
explicit_missing,3,2bc8c2b9337b71f266f35585dc762c806965b51c582af7c8c5a0e47aeeccef54,0,1,0,0.039820809892485175,4,286,287,287
explicit_missing,3,b9be251a4fda0f81d816d42257c61aaced7bedf8dc314ba8934eb4c24378f9eb,0,1,0,0.0274606343194758,3,294,295,295
explicit_missing,3,81bd778b049e7b92197bbaf720877992dbb11553313d9ab43f1528ac1616745d,0,1,0,0.017753278938397052,4,308,309,309
explicit_missing,3,8fce5508f36278d370665df53df181a14de66990b95b69e77e69ef7487b21b0b,1,0,1,0.991417152023251,4,311,312,312
explicit_missing,3,5c2b48acf547b55cf9c87fa708c9357aa01caa36724f2c43da32b8023347319e,1,0,1,0.9649526681002357,3,313,314,314
explicit_missing,3,b0a89e4436a57c29cab621c76e7efd3b37c13e43cea5fadd38336b1c5ebddbe4,0,1,0,0.007709154963239307,3,322,323,323
explicit_missing,3,e116e341f7f5f6dab22df090e03a21a207341fd36dffd8ce4b5450b87d6ad22c,1,0,1,0.8418676459849681,3,324,325,325
explicit_missing,3,e116e341f7f5f6dab22df090e03a21a207341fd36dffd8ce4b5450b87d6ad22c,1,0,1,0.8418676459849681,3,346,347,347
explicit_missing,3,c6e2d067bd47a9ef04baca30f3b47d6f4fab6b04fdb6fba2f4e35f574be7676b,1,0,1,0.5844432633770934,4,350,351,351
explicit_missing,3,e6a79fde0b768ebd318484a3a32160e6da306eb998fdbc5cb94c76b53b8d0497,1,0,1,0.9900511953053992,4,353,354,354
explicit_missing,3,389c4502d032aa2f0cc33a502e4200ba50509572bf9baab03efec659d0a94ac3,1,0,1,0.9851533691210618,3,357,358,358
explicit_missing,3,620cc12069aca5ccf15c41fba13c7c8c9222ee69785e8bf549d69a2c43c490b4,1,0,0,0.157706820744418,3,365,366,366
explicit_missing,3,fb2158de6ed4e9a39d3bd3ad86365c118ca6951ca9356fce9ef06d503737df06,1,0,1,0.7565324828302066,3,367,368,368
explicit_missing,3,cc5f448a32badd8210c0774fd170aa0efc4f7b9f1c5c4115cf660017252ec109,0,1,1,0.7020089384562147,4,376,377,377
explicit_missing,3,4cf48cafc68ff8e922d89b0238322bfcf427064a08f1ce306dfb7b1039209bc1,1,0,1,0.8095573431143248,4,382,383,383
explicit_missing,3,5c2e15695af92e59f03182c6a247d293720c0302b43330da5f3e2863d21df14c,0,1,0,0.13198953867724225,3,390,391,391
explicit_missing,3,cc5f448a32badd8210c0774fd170aa0efc4f7b9f1c5c4115cf660017252ec109,0,1,1,0.7020089384562147,4,399,400,400
explicit_missing,3,5c2e15695af92e59f03182c6a247d293720c0302b43330da5f3e2863d21df14c,0,1,0,0.13198953867724225,3,400,401,401
explicit_missing,3,066522f7a92b25978c09d7c8f84df1d54215614115225febfce2e971becee109,0,1,0,0.10821112155370445,4,402,403,403
explicit_missing,3,74263a0590c0f5edcafddc6cf3bb13930ed7c8a19ce7c02afbdf8049227b5a24,0,1,0,0.018071487344476812,4,407,408,408
explicit_missing,3,ce64b99dd7879fab4a416b2b107278957d097722e511c122dcfacffba1d6aa7c,0,1,0,0.023786570110067597,4,419,420,420
explicit_missing,3,63e4dfbbed757f4cc8618922654099706bf26d68fe2c1b8829540bde762c8c3a,0,1,0,0.24462427328636574,3,422,423,423
explicit_missing,3,fd4f03a8e8f290d765c4275316ba719436b925169c2001d5c071a33cfd866652,0,1,0,0.01977107725776249,3,428,429,429
explicit_missing,3,8f55318caaf3927568c5480202057f4c3b39b0a86cf41a6db167fdc77ab9fe39,1,0,0,0.3269001258381053,4,431,432,432
explicit_missing,3,f0ad337c1acc1781789c6091d8003ba7a56eff910eb6a35154877cc1b87e6e4e,0,1,0,0.018194397199427455,3,433,434,434
explicit_missing,3,fd4f03a8e8f290d765c4275316ba719436b925169c2001d5c071a33cfd866652,0,1,0,0.01977107725776249,3,444,445,445
explicit_missing,3,06af32be1fea11cafb8a39d95c9a43fc43ed522f2c1e3b737c37648a2f736f40,0,1,0,0.03078560148197913,3,467,468,468
explicit_missing,3,7aca4477c2989c14361a39ad10723de9580751a6b47f57474f7978ed10fd5f78,1,0,1,0.9534393085353895,4,468,469,469
explicit_missing,3,cc0fc219a020bff908f6e6eb7bbec747dd8a68c3d92461f4ccf417b985254a0d,0,1,0,0.032351875173384934,3,479,480,480
explicit_missing,3,1e299b803253cc89e2fb28de7e05884e01e4232409eb32444eb4ffbd20786704,1,0,1,0.9934396033357965,3,480,481,481
explicit_missing,3,178a78be273c187af69c4c36804102052b935fcffe2c0a83f38d884e6432c23e,1,0,0,0.38753327233032336,3,487,488,488
explicit_missing,3,fd4f03a8e8f290d765c4275316ba719436b925169c2001d5c071a33cfd866652,0,1,0,0.01977107725776249,3,492,493,493
explicit_missing,3,5a826db633bc4287d736ccab62222f706dd6bae2431d9e023c4519c2dbf74dbf,1,0,1,0.5445483332170007,4,493,494,494
explicit_missing,3,066522f7a92b25978c09d7c8f84df1d54215614115225febfce2e971becee109,0,1,0,0.10821112155370445,4,501,502,502
explicit_missing,3,58575998326d6f39bc9f021302255ed4cb8e71ba926847810c3c6107062b2305,0,1,0,0.05932141291008253,4,502,503,503
explicit_missing,3,9c97fd04daf2e276f6870c8a09bc4f169510ecfb6b4efe771802e002cccd35e2,0,1,0,0.04344384032417519,4,504,505,505
explicit_missing,3,8fce5508f36278d370665df53df181a14de66990b95b69e77e69ef7487b21b0b,1,0,1,0.991417152023251,4,507,508,508
explicit_missing,3,81bd778b049e7b92197bbaf720877992dbb11553313d9ab43f1528ac1616745d,0,1,0,0.017753278938397052,4,515,516,516
explicit_missing,3,fb2158de6ed4e9a39d3bd3ad86365c118ca6951ca9356fce9ef06d503737df06,1,0,1,0.7565324828302066,3,525,526,526
explicit_missing,3,ce64b99dd7879fab4a416b2b107278957d097722e511c122dcfacffba1d6aa7c,0,1,0,0.023786570110067597,4,528,529,529
explicit_missing,3,f99c9fde728ed0f8a12d0956907d6fef9f90c3e8772e33f88d418df81e50de3a,0,1,0,0.24093120437056895,3,548,549,549
explicit_missing,3,5a826db633bc4287d736ccab62222f706dd6bae2431d9e023c4519c2dbf74dbf,1,0,1,0.5445483332170007,4,587,588,588
explicit_missing,3,389c4502d032aa2f0cc33a502e4200ba50509572bf9baab03efec659d0a94ac3,1,0,1,0.9851533691210618,3,588,589,589
explicit_missing,3,5c2b48acf547b55cf9c87fa708c9357aa01caa36724f2c43da32b8023347319e,1,0,1,0.9649526681002357,3,593,594,594
explicit_missing,3,bfcf790ee767993c70f3c276356be34beba834ec45b2f34e7497be74560a5f79,1,0,1,0.9779567312210293,3,595,596,596
explicit_missing,3,c6e2d067bd47a9ef04baca30f3b47d6f4fab6b04fdb6fba2f4e35f574be7676b,1,0,1,0.5844432633770934,4,601,602,602
explicit_missing,3,2bc8c2b9337b71f266f35585dc762c806965b51c582af7c8c5a0e47aeeccef54,0,1,0,0.039820809892485175,4,606,607,607
explicit_missing,3,bfcf790ee767993c70f3c276356be34beba834ec45b2f34e7497be74560a5f79,1,0,1,0.9779567312210293,3,609,610,610
explicit_missing,3,7d1a0d7b51fc1ca79344034ee06dac9db61da107e30bb307a34cbf260c4c303e,1,0,1,0.6025689601340801,4,624,625,625
explicit_missing,3,4cf48cafc68ff8e922d89b0238322bfcf427064a08f1ce306dfb7b1039209bc1,1,0,1,0.8095573431143248,4,627,628,628
explicit_missing,3,9c97fd04daf2e276f6870c8a09bc4f169510ecfb6b4efe771802e002cccd35e2,0,1,0,0.04344384032417519,4,633,634,634
explicit_missing,3,066522f7a92b25978c09d7c8f84df1d54215614115225febfce2e971becee109,0,1,0,0.10821112155370445,4,649,650,650
explicit_missing,3,9c97fd04daf2e276f6870c8a09bc4f169510ecfb6b4efe771802e002cccd35e2,0,1,0,0.04344384032417519,4,650,651,651
explicit_missing,3,620cc12069aca5ccf15c41fba13c7c8c9222ee69785e8bf549d69a2c43c490b4,1,0,0,0.157706820744418,3,657,658,658
explicit_missing,3,5a826db633bc4287d736ccab62222f706dd6bae2431d9e023c4519c2dbf74dbf,1,0,1,0.5445483332170007,4,659,660,660
explicit_missing,3,6b6195468415ac0d72b7ab37b44c6583abf461c24d10c1bc6548e3d5a83bba6f,0,1,0,0.15272323688256065,3,660,661,661
explicit_missing,3,e116e341f7f5f6dab22df090e03a21a207341fd36dffd8ce4b5450b87d6ad22c,1,0,1,0.8418676459849681,3,670,671,671
explicit_missing,3,389c4502d032aa2f0cc33a502e4200ba50509572bf9baab03efec659d0a94ac3,1,0,1,0.9851533691210618,3,683,684,684
explicit_missing,3,c81d1ba7569fbf0299d326ae4b6ce4b00fb82dcde7b7ad70ec772faf9904f555,1,0,1,0.6104844828571334,4,687,688,688
explicit_missing,3,8f55318caaf3927568c5480202057f4c3b39b0a86cf41a6db167fdc77ab9fe39,1,0,0,0.3269001258381053,4,698,699,699
explicit_missing,3,1e299b803253cc89e2fb28de7e05884e01e4232409eb32444eb4ffbd20786704,1,0,1,0.9934396033357965,3,706,707,707
explicit_missing,3,3eadcf23d7d34c055b8ed2f17af7bf8e189759c0f48056da258ae29854ea0703,0,1,0,0.04263008232829468,3,724,725,725
explicit_missing,3,1d51ec110e8e21b17cc0b4768ea24be1f7374646eb4f366556bceb09cb733e19,1,0,1,0.7558622816380083,3,727,728,728
explicit_missing,3,81bd778b049e7b92197bbaf720877992dbb11553313d9ab43f1528ac1616745d,0,1,0,0.017753278938397052,4,731,732,732
explicit_missing,3,c81d1ba7569fbf0299d326ae4b6ce4b00fb82dcde7b7ad70ec772faf9904f555,1,0,1,0.6104844828571334,4,735,736,736
explicit_missing,3,8e95953bea6b4979261f7ca3a74a8cb34973c7acff9c3799e2c97e2dea05429a,1,0,1,0.8904937633018416,3,740,741,741
explicit_missing,3,f0ad337c1acc1781789c6091d8003ba7a56eff910eb6a35154877cc1b87e6e4e,0,1,0,0.018194397199427455,3,745,746,746
explicit_missing,3,bf48fb6cbf53057d3b546db601b53563f5b011ddcc2268b459f693500a06ab7a,0,1,0,0.07170574713735352,4,746,747,747
explicit_missing,3,cc5f448a32badd8210c0774fd170aa0efc4f7b9f1c5c4115cf660017252ec109,0,1,1,0.7020089384562147,4,758,759,759
explicit_missing,3,524e62aa99d66a1475c941c30fcc40cbc63c9ac4f02a66c2797f0af0e68cec0c,0,1,0,0.0418158294990328,3,762,763,763
explicit_missing,3,e6a79fde0b768ebd318484a3a32160e6da306eb998fdbc5cb94c76b53b8d0497,1,0,1,0.9900511953053992,4,766,767,767
explicit_missing,3,e6a79fde0b768ebd318484a3a32160e6da306eb998fdbc5cb94c76b53b8d0497,1,0,1,0.9900511953053992,4,767,768,768
explicit_missing,3,2bc8c2b9337b71f266f35585dc762c806965b51c582af7c8c5a0e47aeeccef54,0,1,0,0.039820809892485175,4,770,771,771
explicit_missing,3,b0a89e4436a57c29cab621c76e7efd3b37c13e43cea5fadd38336b1c5ebddbe4,0,1,0,0.007709154963239307,3,775,776,776
explicit_missing,3,bf48fb6cbf53057d3b546db601b53563f5b011ddcc2268b459f693500a06ab7a,0,1,0,0.07170574713735352,4,776,777,777
explicit_missing,3,ce6c68d3a1dbbc1ae9570521fb65beccfea82c109ae978f1d8156ea50eeec3c9,0,1,0,0.006594680781111302,3,780,781,781
explicit_missing,3,7d1a0d7b51fc1ca79344034ee06dac9db61da107e30bb307a34cbf260c4c303e,1,0,1,0.6025689601340801,4,795,796,796
explicit_missing,3,5c2e15695af92e59f03182c6a247d293720c0302b43330da5f3e2863d21df14c,0,1,0,0.13198953867724225,3,802,803,803
explicit_missing,3,9d1210a366042f16f58716a0b2aa2b5521cdf17b75a645c3a5f9a2a3f009892e,1,0,1,0.8396063760597584,4,813,814,814
explicit_missing,3,9d1210a366042f16f58716a0b2aa2b5521cdf17b75a645c3a5f9a2a3f009892e,1,0,1,0.8396063760597584,4,822,823,823
explicit_missing,3,bf48fb6cbf53057d3b546db601b53563f5b011ddcc2268b459f693500a06ab7a,0,1,0,0.07170574713735352,4,831,832,832
explicit_missing,3,58575998326d6f39bc9f021302255ed4cb8e71ba926847810c3c6107062b2305,0,1,0,0.05932141291008253,4,842,843,843
explicit_missing,3,fb2158de6ed4e9a39d3bd3ad86365c118ca6951ca9356fce9ef06d503737df06,1,0,1,0.7565324828302066,3,843,844,844
explicit_missing,3,40d1a60b3b046c23fac890cfd6cd24ed7988972f4fd5338af1885872acba6a1d,1,0,0,0.07949497792008556,3,844,845,845
explicit_missing,3,58575998326d6f39bc9f021302255ed4cb8e71ba926847810c3c6107062b2305,0,1,0,0.05932141291008253,4,847,848,848
explicit_missing,3,8e95953bea6b4979261f7ca3a74a8cb34973c7acff9c3799e2c97e2dea05429a,1,0,1,0.8904937633018416,3,850,851,851
explicit_missing,3,8e95953bea6b4979261f7ca3a74a8cb34973c7acff9c3799e2c97e2dea05429a,1,0,1,0.8904937633018416,3,853,854,854
explicit_missing,3,3eadcf23d7d34c055b8ed2f17af7bf8e189759c0f48056da258ae29854ea0703,0,1,0,0.04263008232829468,3,857,858,858
explicit_missing,3,3eadcf23d7d34c055b8ed2f17af7bf8e189759c0f48056da258ae29854ea0703,0,1,0,0.04263008232829468,3,859,860,860
explicit_missing,3,40d1a60b3b046c23fac890cfd6cd24ed7988972f4fd5338af1885872acba6a1d,1,0,0,0.07949497792008556,3,865,866,866
explicit_missing,3,2e962eaae036270df658e4a4408980b6924f8f3ae4e353de90879894c10eeffa,0,1,0,0.020329500326644545,3,870,871,871
explicit_missing,3,b0a89e4436a57c29cab621c76e7efd3b37c13e43cea5fadd38336b1c5ebddbe4,0,1,0,0.007709154963239307,3,871,872,872
explicit_missing,3,cc0fc219a020bff908f6e6eb7bbec747dd8a68c3d92461f4ccf417b985254a0d,0,1,0,0.032351875173384934,3,872,873,873
explicit_missing,3,40d1a60b3b046c23fac890cfd6cd24ed7988972f4fd5338af1885872acba6a1d,1,0,0,0.07949497792008556,3,875,876,876
explicit_missing,3,6b6195468415ac0d72b7ab37b44c6583abf461c24d10c1bc6548e3d5a83bba6f,0,1,0,0.15272323688256065,3,880,881,881
explicit_missing,3,1d51ec110e8e21b17cc0b4768ea24be1f7374646eb4f366556bceb09cb733e19,1,0,1,0.7558622816380083,3,884,885,885
explicit_missing,3,8fce5508f36278d370665df53df181a14de66990b95b69e77e69ef7487b21b0b,1,0,1,0.991417152023251,4,887,888,888
explicit_missing,3,c81d1ba7569fbf0299d326ae4b6ce4b00fb82dcde7b7ad70ec772faf9904f555,1,0,1,0.6104844828571334,4,894,895,895
explicit_missing,3,c6e2d067bd47a9ef04baca30f3b47d6f4fab6b04fdb6fba2f4e35f574be7676b,1,0,1,0.5844432633770934,4,896,897,897
explicit_missing,3,63e4dfbbed757f4cc8618922654099706bf26d68fe2c1b8829540bde762c8c3a,0,1,0,0.24462427328636574,3,899,900,900
explicit_missing,3,7d1a0d7b51fc1ca79344034ee06dac9db61da107e30bb307a34cbf260c4c303e,1,0,1,0.6025689601340801,4,901,902,902
explicit_missing,3,63e4dfbbed757f4cc8618922654099706bf26d68fe2c1b8829540bde762c8c3a,0,1,0,0.24462427328636574,3,902,903,903
explicit_missing,3,9d1210a366042f16f58716a0b2aa2b5521cdf17b75a645c3a5f9a2a3f009892e,1,0,1,0.8396063760597584,4,903,904,904
explicit_missing,3,12da9bc52d27e6191d4e5541a326452567b4d5dee368ffd05c10e6dadefc757e,0,1,0,0.0997461360380351,3,907,908,908
explicit_missing,3,849ae80134bf91e463f2f63b372716e308875ff01244b9d8bee2aba9c5eb9f41,1,0,1,0.5724743125343602,3,911,912,912
explicit_missing,3,7571ee92bbc9fe16a5ad1579363ef8649ab489f854db348d7d9c4c1e7efc75e9,0,1,0,0.310426543869823,3,946,947,947
explicit_missing,3,c6e2d067bd47a9ef04baca30f3b47d6f4fab6b04fdb6fba2f4e35f574be7676b,1,0,1,0.5844432633770934,4,952,953,953
explicit_missing,3,524e62aa99d66a1475c941c30fcc40cbc63c9ac4f02a66c2797f0af0e68cec0c,0,1,0,0.0418158294990328,3,957,958,958
explicit_missing,3,849ae80134bf91e463f2f63b372716e308875ff01244b9d8bee2aba9c5eb9f41,1,0,1,0.5724743125343602,3,958,959,959
explicit_missing,3,f99c9fde728ed0f8a12d0956907d6fef9f90c3e8772e33f88d418df81e50de3a,0,1,0,0.24093120437056895,3,983,984,984
explicit_missing,3,2e962eaae036270df658e4a4408980b6924f8f3ae4e353de90879894c10eeffa,0,1,0,0.020329500326644545,3,991,992,992
explicit_missing,3,bfcf790ee767993c70f3c276356be34beba834ec45b2f34e7497be74560a5f79,1,0,1,0.9779567312210293,3,1001,1002,1002
explicit_missing,3,12da9bc52d27e6191d4e5541a326452567b4d5dee368ffd05c10e6dadefc757e,0,1,0,0.0997461360380351,3,1002,1003,1003
explicit_missing,3,74263a0590c0f5edcafddc6cf3bb13930ed7c8a19ce7c02afbdf8049227b5a24,0,1,0,0.018071487344476812,4,1007,1008,1008
explicit_missing,3,7571ee92bbc9fe16a5ad1579363ef8649ab489f854db348d7d9c4c1e7efc75e9,0,1,0,0.310426543869823,3,1008,1009,1009
explicit_missing,3,1e299b803253cc89e2fb28de7e05884e01e4232409eb32444eb4ffbd20786704,1,0,1,0.9934396033357965,3,1016,1017,1017
explicit_missing,3,178a78be273c187af69c4c36804102052b935fcffe2c0a83f38d884e6432c23e,1,0,0,0.38753327233032336,3,1019,1020,1020
explicit_missing,3,7aca4477c2989c14361a39ad10723de9580751a6b47f57474f7978ed10fd5f78,1,0,1,0.9534393085353895,4,1023,1024,1024
explicit_missing,4,eccf1293fca65adfe383732981fadacced2c99c1eebaf28a15371204a6c92270,1,0,1,0.7874368201625156,4,4,5,5
explicit_missing,4,a53941766e6dcccf9c9394bc28d736edcd6812cbea84f16179abd03b796f5ec7,0,1,0,0.15105588484948923,3,6,7,7
explicit_missing,4,13de85647cb767115b90dc11946b4b68b3bf0df758589903b501a619b2b3b417,1,0,1,0.9552675869766739,4,12,13,13
explicit_missing,4,e5c9900a36e1da52f16efd8fac68ba4cfecaa06c48f4a537af4ce62dc3acba63,0,1,0,0.008660413981659405,3,19,20,20
explicit_missing,4,5a8d0043ad2df8d0f0c35b9d158a0b31ea8a63eb6f595c3f4a094660e70d4d0e,0,1,0,0.005043636295638623,3,24,25,25
explicit_missing,4,e7e2449f4432e1c84b59cf7c038eccdaf3bc03994089a00dfd9cc30a019ab68f,0,1,0,0.013004888976191559,3,25,26,26
explicit_missing,4,37017d97f2466972966c94e197ae3183b56c0eb6189f48ecbd798c6eae203126,1,0,0,0.36232543635756365,4,31,32,32
explicit_missing,4,e5c9900a36e1da52f16efd8fac68ba4cfecaa06c48f4a537af4ce62dc3acba63,0,1,0,0.008660413981659405,3,32,33,33
explicit_missing,4,18d067330a032de550678dd02a4fc7def157655810459143f2a382dd21323a18,0,1,0,0.023034556025308305,3,41,42,42
explicit_missing,4,f8d73caef322ee691205b1cd0841423e1f53618a514645cb0634a72d8435aced,1,0,0,0.034894178179336606,4,43,44,44
explicit_missing,4,c9e7a1e3f5a720441980d54da64da6cc0704873f1611a6b7cf0be975f47747ec,0,1,0,0.037019198109703055,4,61,62,62
explicit_missing,4,c9e7a1e3f5a720441980d54da64da6cc0704873f1611a6b7cf0be975f47747ec,0,1,0,0.037019198109703055,4,65,66,66
explicit_missing,4,fedd5c70bb3c8a11fb43b60060935c094a31d5805eb1ed2fd15017ab9da91375,0,1,0,0.03447142175534392,3,67,68,68
explicit_missing,4,3f021ab13bdcb8ae0e4820708ce8a75ac7d4ecd086ca3b3547275e9243e707ad,1,0,1,0.9804088692800283,3,70,71,71
explicit_missing,4,df1d3b0f2248abab4fb12f8f9aa0bb8eb0474bc47842db922dee0baa5ec6bda1,1,0,1,0.8815574758095602,4,74,75,75
explicit_missing,4,bba988a9d26ced6565527b09086c7aade67ef16213a33a6278b2ef3625373529,0,1,0,0.1723656032440738,3,77,78,78
explicit_missing,4,1b1129ef327d069f1a34c42adb437deff3a6d17d68517228c77f803183c892ff,0,1,0,0.19925971348088242,3,79,80,80
explicit_missing,4,1b1129ef327d069f1a34c42adb437deff3a6d17d68517228c77f803183c892ff,0,1,0,0.19925971348088242,3,80,81,81
explicit_missing,4,37017d97f2466972966c94e197ae3183b56c0eb6189f48ecbd798c6eae203126,1,0,0,0.36232543635756365,4,94,95,95
explicit_missing,4,244d0e39518c8f541b6b8258b6e7cb298cd85acc70e95a648bf50b83332af195,1,0,1,0.9979933930527385,4,98,99,99
explicit_missing,4,3fca6ad2af45e994867f0dc386a2e508f5ff6c0c16f41b5125089e51cf3be39e,1,0,1,0.5900108024062809,3,99,100,100
explicit_missing,4,f16247d803620af74eeb494a3c09ac3e6acfdd0bf5a4af592731805fbed20719,0,1,0,0.0163727950726925,3,101,102,102
explicit_missing,4,8b21c94eb86b1d9ba890e1cc38f18e999802fac53b4631c1731ee9107badae28,1,0,0,0.4257540185946909,4,109,110,110
explicit_missing,4,cd9c8c6bc18516e3a9ac3fb1d6afa604d44229e73613770a4784f65ebb57b974,1,0,1,0.9739415749564239,4,117,118,118
explicit_missing,4,c9e7a1e3f5a720441980d54da64da6cc0704873f1611a6b7cf0be975f47747ec,0,1,0,0.037019198109703055,4,119,120,120
explicit_missing,4,37017d97f2466972966c94e197ae3183b56c0eb6189f48ecbd798c6eae203126,1,0,0,0.36232543635756365,4,122,123,123
explicit_missing,4,fedd5c70bb3c8a11fb43b60060935c094a31d5805eb1ed2fd15017ab9da91375,0,1,0,0.03447142175534392,3,128,129,129
explicit_missing,4,1f83652fe17ea9ae57a330edf0e9cf8dd7680eda44b67707befa1bb75a531e0e,0,1,0,0.08114233433954829,3,129,130,130
explicit_missing,4,1f5d179ce8e88b673dbee865916763858299c3e0dc63bb5c513c0b35cf6a46e1,0,1,0,0.1693188383070408,3,138,139,139
explicit_missing,4,70fe8d752064d32a25fd5dfd2f306c301d8439811ba23cdb3194d3e25fb5a50e,1,0,1,0.9967836107854414,3,141,142,142
explicit_missing,4,82a99de9fbb442105521d932e584019f8b8d46ace4ca08841c9711ef096cd4c5,0,1,0,0.3881422961487992,3,149,150,150
explicit_missing,4,8bb6305f62d0bcddd0bb27c82749e15f638e7fa04f1fd7cff8afe59356dc2cf8,1,0,1,0.9952243719499932,3,180,181,181
explicit_missing,4,cd9c8c6bc18516e3a9ac3fb1d6afa604d44229e73613770a4784f65ebb57b974,1,0,1,0.9739415749564239,4,189,190,190
explicit_missing,4,ec4d12033a1fd07b320e7d4cd8d5b4ee80c604728b96360e714545dfc9024b5b,0,1,0,0.07091102252404369,3,198,199,199
explicit_missing,4,82a99de9fbb442105521d932e584019f8b8d46ace4ca08841c9711ef096cd4c5,0,1,0,0.3881422961487992,3,203,204,204
explicit_missing,4,cd9c8c6bc18516e3a9ac3fb1d6afa604d44229e73613770a4784f65ebb57b974,1,0,1,0.9739415749564239,4,222,223,223
explicit_missing,4,c9e81c70995e4af02e24d4f22730abed6a955fc8aa4489391dcce8a780049d0c,1,0,1,0.9939993753135475,3,233,234,234
explicit_missing,4,6b91d8af6046bb1b3bd4201ff0769b39a44b8575601f6844e89f4fbd8fa89d28,1,0,0,0.13602347116884603,4,238,239,239
explicit_missing,4,1f5d179ce8e88b673dbee865916763858299c3e0dc63bb5c513c0b35cf6a46e1,0,1,0,0.1693188383070408,3,258,259,259
explicit_missing,4,6a38a3aa130a38b6a6c9e4b293719c34f4ab16da218a8f81551d06e721cd67c9,0,1,0,0.01023799489414546,4,261,262,262
explicit_missing,4,1eea40f77e57121da4b599eeb72ab1c5dd4b625c0ec1482606ace2528d3c07c8,0,1,0,0.06669124100340201,3,263,264,264
explicit_missing,4,244d0e39518c8f541b6b8258b6e7cb298cd85acc70e95a648bf50b83332af195,1,0,1,0.9979933930527385,4,267,268,268
explicit_missing,4,096b6ed78faef05c313ad9d51bcfad2e71cd63037cd77d8c7a591f2b5c7e6610,1,0,0,0.4435408420416766,4,268,269,269
explicit_missing,4,c250cae60f244a16c2021f894c8325ca55e383e549055689d646fa3830107b01,0,1,0,0.23850695831142132,3,271,272,272
explicit_missing,4,f4120adf75eab3565048aed3d1a7c55680beb59934877654a7db7c346038efb2,0,1,0,0.0372123516306585,3,280,281,281
explicit_missing,4,8b21c94eb86b1d9ba890e1cc38f18e999802fac53b4631c1731ee9107badae28,1,0,0,0.4257540185946909,4,290,291,291
explicit_missing,4,1f83652fe17ea9ae57a330edf0e9cf8dd7680eda44b67707befa1bb75a531e0e,0,1,0,0.08114233433954829,3,291,292,292
explicit_missing,4,096b6ed78faef05c313ad9d51bcfad2e71cd63037cd77d8c7a591f2b5c7e6610,1,0,0,0.4435408420416766,4,297,298,298
explicit_missing,4,495cc9be552f134bbd4f0e2c0176d48dba754b3dc99c138e97ae8f1fcf0edcb1,1,0,1,0.8993018786592303,3,298,299,299
explicit_missing,4,5a8d0043ad2df8d0f0c35b9d158a0b31ea8a63eb6f595c3f4a094660e70d4d0e,0,1,0,0.005043636295638623,3,318,319,319
explicit_missing,4,df1d3b0f2248abab4fb12f8f9aa0bb8eb0474bc47842db922dee0baa5ec6bda1,1,0,1,0.8815574758095602,4,319,320,320
explicit_missing,4,6a8f170690918ae06c3ba2785b52b7ef0f41ec47d10d22255e8fce9fcab1a500,1,0,1,0.9966133869253808,3,323,324,324
explicit_missing,4,495cc9be552f134bbd4f0e2c0176d48dba754b3dc99c138e97ae8f1fcf0edcb1,1,0,1,0.8993018786592303,3,336,337,337
explicit_missing,4,6a38a3aa130a38b6a6c9e4b293719c34f4ab16da218a8f81551d06e721cd67c9,0,1,0,0.01023799489414546,4,342,343,343
explicit_missing,4,0e456da1d5cf3ab7c2f5989ea69e0b08ec37617973a3f31b353534f530abe725,0,1,0,0.008828017187414099,3,343,344,344
explicit_missing,4,fe294f19347477153461441681326d163ce2d6aeea6650f20536e917b90285e4,0,1,0,0.17847156500730815,3,344,345,345
explicit_missing,4,6b91d8af6046bb1b3bd4201ff0769b39a44b8575601f6844e89f4fbd8fa89d28,1,0,0,0.13602347116884603,4,355,356,356
explicit_missing,4,1eea40f77e57121da4b599eeb72ab1c5dd4b625c0ec1482606ace2528d3c07c8,0,1,0,0.06669124100340201,3,361,362,362
explicit_missing,4,f16247d803620af74eeb494a3c09ac3e6acfdd0bf5a4af592731805fbed20719,0,1,0,0.0163727950726925,3,363,364,364
explicit_missing,4,13de85647cb767115b90dc11946b4b68b3bf0df758589903b501a619b2b3b417,1,0,1,0.9552675869766739,4,371,372,372
explicit_missing,4,096712ed40df97b119e2b1b3fe93efaac6885a8d6d0c0dcbca66350b83dfcb42,0,1,0,0.04557836659901828,3,375,376,376
explicit_missing,4,8f4533f48e184729d8435c4595ac02b2a74540885869b0ab9fa1686400f47b38,0,1,0,0.04629979644266219,3,377,378,378
explicit_missing,4,096b6ed78faef05c313ad9d51bcfad2e71cd63037cd77d8c7a591f2b5c7e6610,1,0,0,0.4435408420416766,4,379,380,380
explicit_missing,4,495cc9be552f134bbd4f0e2c0176d48dba754b3dc99c138e97ae8f1fcf0edcb1,1,0,1,0.8993018786592303,3,384,385,385
explicit_missing,4,e7e2449f4432e1c84b59cf7c038eccdaf3bc03994089a00dfd9cc30a019ab68f,0,1,0,0.013004888976191559,3,387,388,388
explicit_missing,4,3f021ab13bdcb8ae0e4820708ce8a75ac7d4ecd086ca3b3547275e9243e707ad,1,0,1,0.9804088692800283,3,394,395,395
explicit_missing,4,f4120adf75eab3565048aed3d1a7c55680beb59934877654a7db7c346038efb2,0,1,0,0.0372123516306585,3,411,412,412
explicit_missing,4,1f83652fe17ea9ae57a330edf0e9cf8dd7680eda44b67707befa1bb75a531e0e,0,1,0,0.08114233433954829,3,418,419,419
explicit_missing,4,18d067330a032de550678dd02a4fc7def157655810459143f2a382dd21323a18,0,1,0,0.023034556025308305,3,420,421,421
explicit_missing,4,6a8f170690918ae06c3ba2785b52b7ef0f41ec47d10d22255e8fce9fcab1a500,1,0,1,0.9966133869253808,3,425,426,426
explicit_missing,4,9df599a55e176e2bbd02f26573cddff6595c9e7dd473c30d09b2caba5734fd7e,1,0,1,0.7885786617952814,3,426,427,427
explicit_missing,4,601e3a14e6bc701b040f7d9ae9cb1a6352a91cb827c681d07cc462fda59b4afb,1,0,1,0.9786814397033602,4,432,433,433
explicit_missing,4,70fe8d752064d32a25fd5dfd2f306c301d8439811ba23cdb3194d3e25fb5a50e,1,0,1,0.9967836107854414,3,443,444,444
explicit_missing,4,601e3a14e6bc701b040f7d9ae9cb1a6352a91cb827c681d07cc462fda59b4afb,1,0,1,0.9786814397033602,4,455,456,456
explicit_missing,4,45864539a04450af431cb2a1048352fbcf3a2acc5fe2ce0bf92ec05650925d99,1,0,1,0.9334276104531253,3,461,462,462
explicit_missing,4,bba988a9d26ced6565527b09086c7aade67ef16213a33a6278b2ef3625373529,0,1,0,0.1723656032440738,3,462,463,463
explicit_missing,4,c250cae60f244a16c2021f894c8325ca55e383e549055689d646fa3830107b01,0,1,0,0.23850695831142132,3,464,465,465
explicit_missing,4,9df599a55e176e2bbd02f26573cddff6595c9e7dd473c30d09b2caba5734fd7e,1,0,1,0.7885786617952814,3,481,482,482
explicit_missing,4,3fca6ad2af45e994867f0dc386a2e508f5ff6c0c16f41b5125089e51cf3be39e,1,0,1,0.5900108024062809,3,485,486,486
explicit_missing,4,096712ed40df97b119e2b1b3fe93efaac6885a8d6d0c0dcbca66350b83dfcb42,0,1,0,0.04557836659901828,3,500,501,501
explicit_missing,4,096712ed40df97b119e2b1b3fe93efaac6885a8d6d0c0dcbca66350b83dfcb42,0,1,0,0.04557836659901828,3,503,504,504
explicit_missing,4,f4120adf75eab3565048aed3d1a7c55680beb59934877654a7db7c346038efb2,0,1,0,0.0372123516306585,3,518,519,519
explicit_missing,4,eccf1293fca65adfe383732981fadacced2c99c1eebaf28a15371204a6c92270,1,0,1,0.7874368201625156,4,520,521,521
explicit_missing,4,df1d3b0f2248abab4fb12f8f9aa0bb8eb0474bc47842db922dee0baa5ec6bda1,1,0,1,0.8815574758095602,4,521,522,522
explicit_missing,4,eccf1293fca65adfe383732981fadacced2c99c1eebaf28a15371204a6c92270,1,0,1,0.7874368201625156,4,524,525,525
explicit_missing,4,3f021ab13bdcb8ae0e4820708ce8a75ac7d4ecd086ca3b3547275e9243e707ad,1,0,1,0.9804088692800283,3,527,528,528
explicit_missing,4,0e456da1d5cf3ab7c2f5989ea69e0b08ec37617973a3f31b353534f530abe725,0,1,0,0.008828017187414099,3,532,533,533
explicit_missing,4,45864539a04450af431cb2a1048352fbcf3a2acc5fe2ce0bf92ec05650925d99,1,0,1,0.9334276104531253,3,551,552,552
explicit_missing,4,13de85647cb767115b90dc11946b4b68b3bf0df758589903b501a619b2b3b417,1,0,1,0.9552675869766739,4,553,554,554
explicit_missing,4,fedd5c70bb3c8a11fb43b60060935c094a31d5805eb1ed2fd15017ab9da91375,0,1,0,0.03447142175534392,3,554,555,555
explicit_missing,4,df1d3b0f2248abab4fb12f8f9aa0bb8eb0474bc47842db922dee0baa5ec6bda1,1,0,1,0.8815574758095602,4,557,558,558
explicit_missing,4,1eea40f77e57121da4b599eeb72ab1c5dd4b625c0ec1482606ace2528d3c07c8,0,1,0,0.06669124100340201,3,558,559,559
explicit_missing,4,096b6ed78faef05c313ad9d51bcfad2e71cd63037cd77d8c7a591f2b5c7e6610,1,0,0,0.4435408420416766,4,560,561,561
explicit_missing,4,0e456da1d5cf3ab7c2f5989ea69e0b08ec37617973a3f31b353534f530abe725,0,1,0,0.008828017187414099,3,562,563,563
explicit_missing,4,e7e2449f4432e1c84b59cf7c038eccdaf3bc03994089a00dfd9cc30a019ab68f,0,1,0,0.013004888976191559,3,563,564,564
explicit_missing,4,c9e81c70995e4af02e24d4f22730abed6a955fc8aa4489391dcce8a780049d0c,1,0,1,0.9939993753135475,3,575,576,576
explicit_missing,4,82a99de9fbb442105521d932e584019f8b8d46ace4ca08841c9711ef096cd4c5,0,1,0,0.3881422961487992,3,577,578,578
explicit_missing,4,eccf1293fca65adfe383732981fadacced2c99c1eebaf28a15371204a6c92270,1,0,1,0.7874368201625156,4,596,597,597
explicit_missing,4,8f4533f48e184729d8435c4595ac02b2a74540885869b0ab9fa1686400f47b38,0,1,0,0.04629979644266219,3,597,598,598
explicit_missing,4,67e5760b4b1bccb2009c20987d67ecc249d595658f687eec06f65db3961584f4,1,0,1,0.6249921309790496,4,607,608,608
explicit_missing,4,13de85647cb767115b90dc11946b4b68b3bf0df758589903b501a619b2b3b417,1,0,1,0.9552675869766739,4,611,612,612
explicit_missing,4,9df599a55e176e2bbd02f26573cddff6595c9e7dd473c30d09b2caba5734fd7e,1,0,1,0.7885786617952814,3,615,616,616
explicit_missing,4,3fca6ad2af45e994867f0dc386a2e508f5ff6c0c16f41b5125089e51cf3be39e,1,0,1,0.5900108024062809,3,620,621,621
explicit_missing,4,70fe8d752064d32a25fd5dfd2f306c301d8439811ba23cdb3194d3e25fb5a50e,1,0,1,0.9967836107854414,3,621,622,622
explicit_missing,4,45864539a04450af431cb2a1048352fbcf3a2acc5fe2ce0bf92ec05650925d99,1,0,1,0.9334276104531253,3,626,627,627
explicit_missing,4,a2d6b1026a6c54283042a0c2e17042ed5fee4e3c557032ee77311dfdcd5d57c4,0,1,0,0.11489466149479924,3,629,630,630
explicit_missing,4,5d503dfda1b6df014e460b7ebc2313c1bc47cac4dbf8a6a18c64572da948473c,1,0,0,0.4441798886299439,4,630,631,631
explicit_missing,4,5d503dfda1b6df014e460b7ebc2313c1bc47cac4dbf8a6a18c64572da948473c,1,0,0,0.4441798886299439,4,639,640,640
explicit_missing,4,8bb6305f62d0bcddd0bb27c82749e15f638e7fa04f1fd7cff8afe59356dc2cf8,1,0,1,0.9952243719499932,3,642,643,643
explicit_missing,4,4675cfa0fe6893f320e02a6e53a1f9881f02d616ab5f415c1435da962130c064,0,1,0,0.21557792971980155,3,644,645,645
explicit_missing,4,6a38a3aa130a38b6a6c9e4b293719c34f4ab16da218a8f81551d06e721cd67c9,0,1,0,0.01023799489414546,4,645,646,646
explicit_missing,4,a53941766e6dcccf9c9394bc28d736edcd6812cbea84f16179abd03b796f5ec7,0,1,0,0.15105588484948923,3,664,665,665
explicit_missing,4,6b91d8af6046bb1b3bd4201ff0769b39a44b8575601f6844e89f4fbd8fa89d28,1,0,0,0.13602347116884603,4,668,669,669
explicit_missing,4,c9e7a1e3f5a720441980d54da64da6cc0704873f1611a6b7cf0be975f47747ec,0,1,0,0.037019198109703055,4,669,670,670
explicit_missing,4,f8d73caef322ee691205b1cd0841423e1f53618a514645cb0634a72d8435aced,1,0,0,0.034894178179336606,4,671,672,672
explicit_missing,4,cd9c8c6bc18516e3a9ac3fb1d6afa604d44229e73613770a4784f65ebb57b974,1,0,1,0.9739415749564239,4,678,679,679
explicit_missing,4,ba85fb6d106acb39ff22d1dbb67a3fb66ce2c770958f25f7b065812d2b77fa04,0,1,0,0.08096327414309575,3,692,693,693
explicit_missing,4,67e5760b4b1bccb2009c20987d67ecc249d595658f687eec06f65db3961584f4,1,0,1,0.6249921309790496,4,699,700,700
explicit_missing,4,ba85fb6d106acb39ff22d1dbb67a3fb66ce2c770958f25f7b065812d2b77fa04,0,1,0,0.08096327414309575,3,719,720,720
explicit_missing,4,7e73ac069893cc840847f82526f598463993b1530846863e38db58b64bb001d3,0,1,1,0.8106818286487926,3,720,721,721
explicit_missing,4,ec4d12033a1fd07b320e7d4cd8d5b4ee80c604728b96360e714545dfc9024b5b,0,1,0,0.07091102252404369,3,722,723,723
explicit_missing,4,ba85fb6d106acb39ff22d1dbb67a3fb66ce2c770958f25f7b065812d2b77fa04,0,1,0,0.08096327414309575,3,730,731,731
explicit_missing,4,6a38a3aa130a38b6a6c9e4b293719c34f4ab16da218a8f81551d06e721cd67c9,0,1,0,0.01023799489414546,4,749,750,750
explicit_missing,4,18d067330a032de550678dd02a4fc7def157655810459143f2a382dd21323a18,0,1,0,0.023034556025308305,3,752,753,753
explicit_missing,4,4675cfa0fe6893f320e02a6e53a1f9881f02d616ab5f415c1435da962130c064,0,1,0,0.21557792971980155,3,754,755,755
explicit_missing,4,bba988a9d26ced6565527b09086c7aade67ef16213a33a6278b2ef3625373529,0,1,0,0.1723656032440738,3,756,757,757
explicit_missing,4,f8d73caef322ee691205b1cd0841423e1f53618a514645cb0634a72d8435aced,1,0,0,0.034894178179336606,4,760,761,761
explicit_missing,4,601e3a14e6bc701b040f7d9ae9cb1a6352a91cb827c681d07cc462fda59b4afb,1,0,1,0.9786814397033602,4,774,775,775
explicit_missing,4,244d0e39518c8f541b6b8258b6e7cb298cd85acc70e95a648bf50b83332af195,1,0,1,0.9979933930527385,4,778,779,779
explicit_missing,4,37017d97f2466972966c94e197ae3183b56c0eb6189f48ecbd798c6eae203126,1,0,0,0.36232543635756365,4,781,782,782
explicit_missing,4,601e3a14e6bc701b040f7d9ae9cb1a6352a91cb827c681d07cc462fda59b4afb,1,0,1,0.9786814397033602,4,798,799,799
explicit_missing,4,6b91d8af6046bb1b3bd4201ff0769b39a44b8575601f6844e89f4fbd8fa89d28,1,0,0,0.13602347116884603,4,812,813,813
explicit_missing,4,ec4d12033a1fd07b320e7d4cd8d5b4ee80c604728b96360e714545dfc9024b5b,0,1,0,0.07091102252404369,3,818,819,819
explicit_missing,4,5a8d0043ad2df8d0f0c35b9d158a0b31ea8a63eb6f595c3f4a094660e70d4d0e,0,1,0,0.005043636295638623,3,826,827,827
explicit_missing,4,fe294f19347477153461441681326d163ce2d6aeea6650f20536e917b90285e4,0,1,0,0.17847156500730815,3,838,839,839
explicit_missing,4,5d503dfda1b6df014e460b7ebc2313c1bc47cac4dbf8a6a18c64572da948473c,1,0,0,0.4441798886299439,4,855,856,856
explicit_missing,4,f16247d803620af74eeb494a3c09ac3e6acfdd0bf5a4af592731805fbed20719,0,1,0,0.0163727950726925,3,878,879,879
explicit_missing,4,1f5d179ce8e88b673dbee865916763858299c3e0dc63bb5c513c0b35cf6a46e1,0,1,0,0.1693188383070408,3,892,893,893
explicit_missing,4,1b1129ef327d069f1a34c42adb437deff3a6d17d68517228c77f803183c892ff,0,1,0,0.19925971348088242,3,898,899,899
explicit_missing,4,e5c9900a36e1da52f16efd8fac68ba4cfecaa06c48f4a537af4ce62dc3acba63,0,1,0,0.008660413981659405,3,908,909,909
explicit_missing,4,67e5760b4b1bccb2009c20987d67ecc249d595658f687eec06f65db3961584f4,1,0,1,0.6249921309790496,4,915,916,916
explicit_missing,4,f8d73caef322ee691205b1cd0841423e1f53618a514645cb0634a72d8435aced,1,0,0,0.034894178179336606,4,925,926,926
explicit_missing,4,8b21c94eb86b1d9ba890e1cc38f18e999802fac53b4631c1731ee9107badae28,1,0,0,0.4257540185946909,4,932,933,933
explicit_missing,4,a2d6b1026a6c54283042a0c2e17042ed5fee4e3c557032ee77311dfdcd5d57c4,0,1,0,0.11489466149479924,3,943,944,944
explicit_missing,4,4675cfa0fe6893f320e02a6e53a1f9881f02d616ab5f415c1435da962130c064,0,1,0,0.21557792971980155,3,944,945,945
explicit_missing,4,a2d6b1026a6c54283042a0c2e17042ed5fee4e3c557032ee77311dfdcd5d57c4,0,1,0,0.11489466149479924,3,960,961,961
explicit_missing,4,a53941766e6dcccf9c9394bc28d736edcd6812cbea84f16179abd03b796f5ec7,0,1,0,0.15105588484948923,3,962,963,963
explicit_missing,4,7e73ac069893cc840847f82526f598463993b1530846863e38db58b64bb001d3,0,1,1,0.8106818286487926,3,963,964,964
explicit_missing,4,fe294f19347477153461441681326d163ce2d6aeea6650f20536e917b90285e4,0,1,0,0.17847156500730815,3,972,973,973
explicit_missing,4,c250cae60f244a16c2021f894c8325ca55e383e549055689d646fa3830107b01,0,1,0,0.23850695831142132,3,975,976,976
explicit_missing,4,6a8f170690918ae06c3ba2785b52b7ef0f41ec47d10d22255e8fce9fcab1a500,1,0,1,0.9966133869253808,3,980,981,981
explicit_missing,4,8bb6305f62d0bcddd0bb27c82749e15f638e7fa04f1fd7cff8afe59356dc2cf8,1,0,1,0.9952243719499932,3,997,998,998
explicit_missing,4,67e5760b4b1bccb2009c20987d67ecc249d595658f687eec06f65db3961584f4,1,0,1,0.6249921309790496,4,1003,1004,1004
explicit_missing,4,7e73ac069893cc840847f82526f598463993b1530846863e38db58b64bb001d3,0,1,1,0.8106818286487926,3,1004,1005,1005
explicit_missing,4,8b21c94eb86b1d9ba890e1cc38f18e999802fac53b4631c1731ee9107badae28,1,0,0,0.4257540185946909,4,1010,1011,1011
explicit_missing,4,5d503dfda1b6df014e460b7ebc2313c1bc47cac4dbf8a6a18c64572da948473c,1,0,0,0.4441798886299439,4,1017,1018,1018
explicit_missing,4,244d0e39518c8f541b6b8258b6e7cb298cd85acc70e95a648bf50b83332af195,1,0,1,0.9979933930527385,4,1018,1019,1019
explicit_missing,4,8f4533f48e184729d8435c4595ac02b2a74540885869b0ab9fa1686400f47b38,0,1,0,0.04629979644266219,3,1021,1022,1022
explicit_missing,4,c9e81c70995e4af02e24d4f22730abed6a955fc8aa4489391dcce8a780049d0c,1,0,1,0.9939993753135475,3,1022,1023,1023
explicit_missing,5,2d917aba2e1c80aafcc9567b5ad199c26af38d88bde9e0c72f0a9c4501401d25,1,0,1,0.5998776830151648,3,5,6,6
explicit_missing,5,ee76e98271c98fdbfe03307181269b985dad709fc0b0f2364647f21b0ed372e5,1,0,1,0.9989031803464349,3,14,15,15
explicit_missing,5,7183b17b4592fa23b00888e29295f19259bce28fcbde332655aa64db1ec677f4,1,0,1,0.9983869420260117,3,18,19,19
explicit_missing,5,10cb202b1229270efda6de3f5cac0cf57a41e4f051b04330f96cbf00c11a67b9,1,0,0,0.09302227183112644,4,28,29,29
explicit_missing,5,8ee78b19a7462aeeefa87f284e9d20a8e7725e541e71f365c6cc9b749185256c,1,0,1,0.9551309180289261,4,30,31,31
explicit_missing,5,f0914630bcb4501011c61f0fdca100f2ed1871b0dc37e8c1efe4ad782fc5ea18,0,1,1,0.6365773678177025,3,37,38,38
explicit_missing,5,aca412568c2d3e84423ec48b4c259f0bf59e7f24c2b6a548305164a462fb8367,0,1,0,0.37534807868338727,4,49,50,50
explicit_missing,5,061ba64092eac5bd44c6cacbaea2462c1e8b466f74244a7b2c13c2ba19e131c7,0,1,0,0.008900817543943604,3,51,52,52
explicit_missing,5,6ca52788d8dbc2bdc178275f032f7b8c01fa68075e0850b9c5448161951786a9,1,0,1,0.7837576677152104,4,54,55,55
explicit_missing,5,14443b3d24612a35abba78aaa251bff9b49707282094c445ec45fd38b3ffa6f9,1,0,1,0.9923171156353319,4,55,56,56
explicit_missing,5,14443b3d24612a35abba78aaa251bff9b49707282094c445ec45fd38b3ffa6f9,1,0,1,0.9923171156353319,4,56,57,57
explicit_missing,5,aca412568c2d3e84423ec48b4c259f0bf59e7f24c2b6a548305164a462fb8367,0,1,0,0.37534807868338727,4,62,63,63
explicit_missing,5,647869556e35bc8fdc67c14d538ff75f1c52ae89f0ee4c7e078ff50a0db62fa1,1,0,1,0.7822157711344058,4,66,67,67
explicit_missing,5,f6d853fdc4a1ac5955be7d219c34a8f08a6dacd7e7fccc931028d92e8429651b,1,0,1,0.9968410805930847,3,71,72,72
explicit_missing,5,38bce2ff0e22f3df539b55d9d216d260f103d59ddf92db797b5b3d91f45c5871,1,0,0,0.09796131227873282,4,82,83,83
explicit_missing,5,d599b2196258eba82068373f3df1938a4b520ed6c54955aaa1fa503794b24adc,0,1,0,0.011968865179983516,3,95,96,96
explicit_missing,5,4429b79f639f96884a81b073d2cca8b658c3155ac7cbd42eb827dc1dc99c016e,1,0,1,0.9801605657110442,4,108,109,109
explicit_missing,5,77d5789c9dbdb4478c8d61a59fd5db8997e837ff2ce0198a9b25ecaf89baf4a0,1,0,0,0.33589280721778386,3,111,112,112
explicit_missing,5,6a5facba7060397b41b604e420c7447f305524010379fc44045788411bf8d418,0,1,0,0.3889534715976826,3,130,131,131
explicit_missing,5,f5955d065e1ad64e6dd7a066e46970faf4570609e889a82677c91847b43ccf51,0,1,0,0.009292642085811775,3,144,145,145
explicit_missing,5,297729bb51295fd7c92c3e11ea44a176fd131ffa59292eb69bf12a5cfb61d7ec,0,1,0,0.046907213429469345,3,145,146,146
explicit_missing,5,ca34f7df41e00a22d82176837673a1b167f35018f31863a68d987fe94f6044f2,0,1,1,0.7767650818857847,3,159,160,160
explicit_missing,5,f6d853fdc4a1ac5955be7d219c34a8f08a6dacd7e7fccc931028d92e8429651b,1,0,1,0.9968410805930847,3,166,167,167
explicit_missing,5,31fb88da40cc50c6bb2bf5c056385a8acd4a2fdf92ca684f2b333232a08e0bf9,1,0,1,0.9953064893151031,4,175,176,176
explicit_missing,5,77d5789c9dbdb4478c8d61a59fd5db8997e837ff2ce0198a9b25ecaf89baf4a0,1,0,0,0.33589280721778386,3,179,180,180
explicit_missing,5,ca34f7df41e00a22d82176837673a1b167f35018f31863a68d987fe94f6044f2,0,1,1,0.7767650818857847,3,193,194,194
explicit_missing,5,f5955d065e1ad64e6dd7a066e46970faf4570609e889a82677c91847b43ccf51,0,1,0,0.009292642085811775,3,202,203,203
explicit_missing,5,aca412568c2d3e84423ec48b4c259f0bf59e7f24c2b6a548305164a462fb8367,0,1,0,0.37534807868338727,4,205,206,206
explicit_missing,5,fd7aa2b65fe93a64b53b9c837c3e6c7176d77035cc0eb236a0cf8fff931b588c,0,1,0,0.40436935453197537,3,206,207,207
explicit_missing,5,4429b79f639f96884a81b073d2cca8b658c3155ac7cbd42eb827dc1dc99c016e,1,0,1,0.9801605657110442,4,210,211,211
explicit_missing,5,b3468cc6871414e829c8ec8693fde72cae6ad1c8830fc103376427901047c434,0,1,0,0.0641295594411673,3,211,212,212
explicit_missing,5,b98d3240019a115ee2fccbec1fdf30c890f2e6d5bd029388daa513437e1b5434,1,0,1,0.9709934268816531,3,213,214,214
explicit_missing,5,38bce2ff0e22f3df539b55d9d216d260f103d59ddf92db797b5b3d91f45c5871,1,0,0,0.09796131227873282,4,227,228,228
explicit_missing,5,cd365ce7907ad5d04fd47b4d8758d592e29b75c0baeecca5f1cc14bd0d7fc010,0,1,0,0.004089755239886878,3,229,230,230
explicit_missing,5,38bce2ff0e22f3df539b55d9d216d260f103d59ddf92db797b5b3d91f45c5871,1,0,0,0.09796131227873282,4,237,238,238
explicit_missing,5,7c1fb69465a7636425be744b6cf9f0a9e0b642b470151730b2223f390f084cb4,0,1,0,0.13631908271713136,3,241,242,242
explicit_missing,5,b9f19fa8190e5b6f47648f3a9da3f9afc583fd73bdf9c7a0e204c9f9684d4169,0,1,0,0.010304285825334698,4,282,283,283
explicit_missing,5,677ace1b7f031aa18f4cef63c87a9fbecdc05d0153ba697168eb3c812d79bb19,0,1,0,0.25765866255628744,3,288,289,289
explicit_missing,5,f4b13e3f04b63170894bf22d8fc9562675ee2f2cb9a0d1cb95ffa9ee0ca6cab1,0,1,0,0.005658398696583379,3,289,290,290
explicit_missing,5,b9f19fa8190e5b6f47648f3a9da3f9afc583fd73bdf9c7a0e204c9f9684d4169,0,1,0,0.010304285825334698,4,299,300,300
explicit_missing,5,fd7aa2b65fe93a64b53b9c837c3e6c7176d77035cc0eb236a0cf8fff931b588c,0,1,0,0.40436935453197537,3,316,317,317
explicit_missing,5,88787e52c8e73fece635b59741e5064a29ff0d0e1509c3e5d51543b5ec5ba88a,1,0,1,0.993789834914196,4,328,329,329
explicit_missing,5,6722a9945781794c423b108d03952930f9d754497aa1321848b989b9e89c4f33,1,0,1,0.7563850734121302,4,332,333,333
explicit_missing,5,b78557ce10197718a152e202e49d54e4f3510e8b930749217564c5db89832954,0,1,0,0.14537396595391816,3,333,334,334
explicit_missing,5,e267aca2d9fad7b05b3e27e392eea6c3ac2fe229dfe6fba8125edb8ab70fa856,1,0,1,0.9972116380586101,4,335,336,336
explicit_missing,5,07c4c4ce98cafa879b533e4f51ab5fd8f20c01d146b13a83e0340860f7edafb2,0,1,1,0.5641513789772384,3,338,339,339
explicit_missing,5,b98d3240019a115ee2fccbec1fdf30c890f2e6d5bd029388daa513437e1b5434,1,0,1,0.9709934268816531,3,347,348,348
explicit_missing,5,83ee532a1d29b3a96067a4d54513c801553ec3df64470b689aac366c71d6a042,0,1,1,0.854546048752541,3,362,363,363
explicit_missing,5,10cb202b1229270efda6de3f5cac0cf57a41e4f051b04330f96cbf00c11a67b9,1,0,0,0.09302227183112644,4,391,392,392
explicit_missing,5,74711b8929e416b1ddec52d3428bc8e56ccf9d866095c2ee2b38b4de3e2d801d,1,0,0,0.41453199525331935,3,392,393,393
explicit_missing,5,aca412568c2d3e84423ec48b4c259f0bf59e7f24c2b6a548305164a462fb8367,0,1,0,0.37534807868338727,4,396,397,397
explicit_missing,5,8fb0b52de49f211acfa3020927c26a1e684640557296a758fc0072e7dac852a6,1,0,1,0.8849051951866272,3,397,398,398
explicit_missing,5,6ca52788d8dbc2bdc178275f032f7b8c01fa68075e0850b9c5448161951786a9,1,0,1,0.7837576677152104,4,401,402,402
explicit_missing,5,88787e52c8e73fece635b59741e5064a29ff0d0e1509c3e5d51543b5ec5ba88a,1,0,1,0.993789834914196,4,413,414,414
explicit_missing,5,647869556e35bc8fdc67c14d538ff75f1c52ae89f0ee4c7e078ff50a0db62fa1,1,0,1,0.7822157711344058,4,415,416,416
explicit_missing,5,07c4c4ce98cafa879b533e4f51ab5fd8f20c01d146b13a83e0340860f7edafb2,0,1,1,0.5641513789772384,3,417,418,418
explicit_missing,5,10cb202b1229270efda6de3f5cac0cf57a41e4f051b04330f96cbf00c11a67b9,1,0,0,0.09302227183112644,4,424,425,425
explicit_missing,5,b78557ce10197718a152e202e49d54e4f3510e8b930749217564c5db89832954,0,1,0,0.14537396595391816,3,434,435,435
explicit_missing,5,28fd2bbdfb26c8b6021071f28feed6016e0cbd9e1b4ffc55f53e9092e9c13fd1,0,1,0,0.009734245368608138,3,435,436,436
explicit_missing,5,cd365ce7907ad5d04fd47b4d8758d592e29b75c0baeecca5f1cc14bd0d7fc010,0,1,0,0.004089755239886878,3,446,447,447
explicit_missing,5,ca34f7df41e00a22d82176837673a1b167f35018f31863a68d987fe94f6044f2,0,1,1,0.7767650818857847,3,465,466,466
explicit_missing,5,5dfb68eaf3fe08e7b765653dc52a7703f216a93268881875b2f09995326b1393,0,1,0,0.08560529040488589,4,473,474,474
explicit_missing,5,ee76e98271c98fdbfe03307181269b985dad709fc0b0f2364647f21b0ed372e5,1,0,1,0.9989031803464349,3,483,484,484
explicit_missing,5,b9f19fa8190e5b6f47648f3a9da3f9afc583fd73bdf9c7a0e204c9f9684d4169,0,1,0,0.010304285825334698,4,484,485,485
explicit_missing,5,4429b79f639f96884a81b073d2cca8b658c3155ac7cbd42eb827dc1dc99c016e,1,0,1,0.9801605657110442,4,486,487,487
explicit_missing,5,7c1fb69465a7636425be744b6cf9f0a9e0b642b470151730b2223f390f084cb4,0,1,0,0.13631908271713136,3,489,490,490
explicit_missing,5,8fb0b52de49f211acfa3020927c26a1e684640557296a758fc0072e7dac852a6,1,0,1,0.8849051951866272,3,497,498,498
explicit_missing,5,bacf5f3cb82469f6cb94d07511d9b74ff6031b0f53be437791bb968c96d2923f,0,1,0,0.17231672945744958,3,499,500,500
explicit_missing,5,8ee78b19a7462aeeefa87f284e9d20a8e7725e541e71f365c6cc9b749185256c,1,0,1,0.9551309180289261,4,510,511,511
explicit_missing,5,7c1fb69465a7636425be744b6cf9f0a9e0b642b470151730b2223f390f084cb4,0,1,0,0.13631908271713136,3,511,512,512
explicit_missing,5,6ca52788d8dbc2bdc178275f032f7b8c01fa68075e0850b9c5448161951786a9,1,0,1,0.7837576677152104,4,516,517,517
explicit_missing,5,e267aca2d9fad7b05b3e27e392eea6c3ac2fe229dfe6fba8125edb8ab70fa856,1,0,1,0.9972116380586101,4,517,518,518
explicit_missing,5,6ca52788d8dbc2bdc178275f032f7b8c01fa68075e0850b9c5448161951786a9,1,0,1,0.7837576677152104,4,519,520,520
explicit_missing,5,cf0437b7443620131ffb1a124fa7407a4169173892a206fd3205c0d8cec68924,0,1,0,0.09105104278126308,3,523,524,524
explicit_missing,5,dbb17851c899b8708331cfae6bd526f5dd385f9cc94d0bf647c577302afad8ea,0,1,1,0.961120588147265,3,529,530,530
explicit_missing,5,d6ae8c98af272bca3058d34fc0e930cbf2dcc32b406602f6d5e2b0b54e0e6565,1,0,1,0.9867671128884344,3,531,532,532
explicit_missing,5,ae2d5071351d67263b313982031f450f66d77675bce081949c82bfa759d014be,0,1,0,0.024346425329363222,3,542,543,543
explicit_missing,5,07c4c4ce98cafa879b533e4f51ab5fd8f20c01d146b13a83e0340860f7edafb2,0,1,1,0.5641513789772384,3,545,546,546
explicit_missing,5,3f81224d51c07e4952ab66f425301ca48f70330dc9818ab11018078840c774e4,0,1,1,0.6984544003339005,3,550,551,551
explicit_missing,5,e982aa16188dee201345fa9375c31bce273c55ce71f68abbe66ada568c7a9b63,1,0,1,0.8991804139578231,3,556,557,557
explicit_missing,5,5dfb68eaf3fe08e7b765653dc52a7703f216a93268881875b2f09995326b1393,0,1,0,0.08560529040488589,4,561,562,562
explicit_missing,5,b3468cc6871414e829c8ec8693fde72cae6ad1c8830fc103376427901047c434,0,1,0,0.0641295594411673,3,570,571,571
explicit_missing,5,f5955d065e1ad64e6dd7a066e46970faf4570609e889a82677c91847b43ccf51,0,1,0,0.009292642085811775,3,573,574,574
explicit_missing,5,ea57250f104de3238441dcd3a225f555a2513240855feb6fafd2b23c1fc39aba,0,1,0,0.017254413779571612,3,581,582,582
explicit_missing,5,ae2d5071351d67263b313982031f450f66d77675bce081949c82bfa759d014be,0,1,0,0.024346425329363222,3,582,583,583
explicit_missing,5,6722a9945781794c423b108d03952930f9d754497aa1321848b989b9e89c4f33,1,0,1,0.7563850734121302,4,592,593,593
explicit_missing,5,6722a9945781794c423b108d03952930f9d754497aa1321848b989b9e89c4f33,1,0,1,0.7563850734121302,4,594,595,595
explicit_missing,5,f4b13e3f04b63170894bf22d8fc9562675ee2f2cb9a0d1cb95ffa9ee0ca6cab1,0,1,0,0.005658398696583379,3,603,604,604
explicit_missing,5,8ee78b19a7462aeeefa87f284e9d20a8e7725e541e71f365c6cc9b749185256c,1,0,1,0.9551309180289261,4,610,611,611
explicit_missing,5,14443b3d24612a35abba78aaa251bff9b49707282094c445ec45fd38b3ffa6f9,1,0,1,0.9923171156353319,4,614,615,615
explicit_missing,5,2d917aba2e1c80aafcc9567b5ad199c26af38d88bde9e0c72f0a9c4501401d25,1,0,1,0.5998776830151648,3,623,624,624
explicit_missing,5,dbb17851c899b8708331cfae6bd526f5dd385f9cc94d0bf647c577302afad8ea,0,1,1,0.961120588147265,3,625,626,626
explicit_missing,5,74711b8929e416b1ddec52d3428bc8e56ccf9d866095c2ee2b38b4de3e2d801d,1,0,0,0.41453199525331935,3,631,632,632
explicit_missing,5,33e6adf80af0df0a39618b9acfc57926cc2019f47aba6970b12cc71b90133528,1,0,1,0.9885014032057128,4,634,635,635
explicit_missing,5,f4b13e3f04b63170894bf22d8fc9562675ee2f2cb9a0d1cb95ffa9ee0ca6cab1,0,1,0,0.005658398696583379,3,638,639,639
explicit_missing,5,5dfb68eaf3fe08e7b765653dc52a7703f216a93268881875b2f09995326b1393,0,1,0,0.08560529040488589,4,640,641,641
explicit_missing,5,b98d3240019a115ee2fccbec1fdf30c890f2e6d5bd029388daa513437e1b5434,1,0,1,0.9709934268816531,3,646,647,647
explicit_missing,5,33e6adf80af0df0a39618b9acfc57926cc2019f47aba6970b12cc71b90133528,1,0,1,0.9885014032057128,4,661,662,662
explicit_missing,5,297729bb51295fd7c92c3e11ea44a176fd131ffa59292eb69bf12a5cfb61d7ec,0,1,0,0.046907213429469345,3,663,664,664
explicit_missing,5,b9f19fa8190e5b6f47648f3a9da3f9afc583fd73bdf9c7a0e204c9f9684d4169,0,1,0,0.010304285825334698,4,667,668,668
explicit_missing,5,3f81224d51c07e4952ab66f425301ca48f70330dc9818ab11018078840c774e4,0,1,1,0.6984544003339005,3,673,674,674
explicit_missing,5,28fd2bbdfb26c8b6021071f28feed6016e0cbd9e1b4ffc55f53e9092e9c13fd1,0,1,0,0.009734245368608138,3,679,680,680
explicit_missing,5,8fb0b52de49f211acfa3020927c26a1e684640557296a758fc0072e7dac852a6,1,0,1,0.8849051951866272,3,680,681,681
explicit_missing,5,f6d853fdc4a1ac5955be7d219c34a8f08a6dacd7e7fccc931028d92e8429651b,1,0,1,0.9968410805930847,3,682,683,683
explicit_missing,5,677ace1b7f031aa18f4cef63c87a9fbecdc05d0153ba697168eb3c812d79bb19,0,1,0,0.25765866255628744,3,703,704,704
explicit_missing,5,74711b8929e416b1ddec52d3428bc8e56ccf9d866095c2ee2b38b4de3e2d801d,1,0,0,0.41453199525331935,3,710,711,711
explicit_missing,5,f0914630bcb4501011c61f0fdca100f2ed1871b0dc37e8c1efe4ad782fc5ea18,0,1,1,0.6365773678177025,3,715,716,716
explicit_missing,5,cf0437b7443620131ffb1a124fa7407a4169173892a206fd3205c0d8cec68924,0,1,0,0.09105104278126308,3,723,724,724
explicit_missing,5,d6ae8c98af272bca3058d34fc0e930cbf2dcc32b406602f6d5e2b0b54e0e6565,1,0,1,0.9867671128884344,3,726,727,727
explicit_missing,5,ae2d5071351d67263b313982031f450f66d77675bce081949c82bfa759d014be,0,1,0,0.024346425329363222,3,741,742,742
explicit_missing,5,28fd2bbdfb26c8b6021071f28feed6016e0cbd9e1b4ffc55f53e9092e9c13fd1,0,1,0,0.009734245368608138,3,742,743,743
explicit_missing,5,88787e52c8e73fece635b59741e5064a29ff0d0e1509c3e5d51543b5ec5ba88a,1,0,1,0.993789834914196,4,761,762,762
explicit_missing,5,061ba64092eac5bd44c6cacbaea2462c1e8b466f74244a7b2c13c2ba19e131c7,0,1,0,0.008900817543943604,3,764,765,765
explicit_missing,5,ea57250f104de3238441dcd3a225f555a2513240855feb6fafd2b23c1fc39aba,0,1,0,0.017254413779571612,3,769,770,770
explicit_missing,5,e982aa16188dee201345fa9375c31bce273c55ce71f68abbe66ada568c7a9b63,1,0,1,0.8991804139578231,3,787,788,788
explicit_missing,5,ee76e98271c98fdbfe03307181269b985dad709fc0b0f2364647f21b0ed372e5,1,0,1,0.9989031803464349,3,788,789,789
explicit_missing,5,2d917aba2e1c80aafcc9567b5ad199c26af38d88bde9e0c72f0a9c4501401d25,1,0,1,0.5998776830151648,3,789,790,790
explicit_missing,5,4429b79f639f96884a81b073d2cca8b658c3155ac7cbd42eb827dc1dc99c016e,1,0,1,0.9801605657110442,4,790,791,791
explicit_missing,5,31fb88da40cc50c6bb2bf5c056385a8acd4a2fdf92ca684f2b333232a08e0bf9,1,0,1,0.9953064893151031,4,791,792,792
explicit_missing,5,31fb88da40cc50c6bb2bf5c056385a8acd4a2fdf92ca684f2b333232a08e0bf9,1,0,1,0.9953064893151031,4,792,793,793
explicit_missing,5,d599b2196258eba82068373f3df1938a4b520ed6c54955aaa1fa503794b24adc,0,1,0,0.011968865179983516,3,796,797,797
explicit_missing,5,647869556e35bc8fdc67c14d538ff75f1c52ae89f0ee4c7e078ff50a0db62fa1,1,0,1,0.7822157711344058,4,799,800,800
explicit_missing,5,5dfb68eaf3fe08e7b765653dc52a7703f216a93268881875b2f09995326b1393,0,1,0,0.08560529040488589,4,805,806,806
explicit_missing,5,88787e52c8e73fece635b59741e5064a29ff0d0e1509c3e5d51543b5ec5ba88a,1,0,1,0.993789834914196,4,807,808,808
explicit_missing,5,d599b2196258eba82068373f3df1938a4b520ed6c54955aaa1fa503794b24adc,0,1,0,0.011968865179983516,3,815,816,816
explicit_missing,5,fd7aa2b65fe93a64b53b9c837c3e6c7176d77035cc0eb236a0cf8fff931b588c,0,1,0,0.40436935453197537,3,819,820,820
explicit_missing,5,bacf5f3cb82469f6cb94d07511d9b74ff6031b0f53be437791bb968c96d2923f,0,1,0,0.17231672945744958,3,824,825,825
explicit_missing,5,33e6adf80af0df0a39618b9acfc57926cc2019f47aba6970b12cc71b90133528,1,0,1,0.9885014032057128,4,825,826,826
explicit_missing,5,7183b17b4592fa23b00888e29295f19259bce28fcbde332655aa64db1ec677f4,1,0,1,0.9983869420260117,3,830,831,831
explicit_missing,5,3f81224d51c07e4952ab66f425301ca48f70330dc9818ab11018078840c774e4,0,1,1,0.6984544003339005,3,833,834,834
explicit_missing,5,14443b3d24612a35abba78aaa251bff9b49707282094c445ec45fd38b3ffa6f9,1,0,1,0.9923171156353319,4,834,835,835
explicit_missing,5,38bce2ff0e22f3df539b55d9d216d260f103d59ddf92db797b5b3d91f45c5871,1,0,0,0.09796131227873282,4,836,837,837
explicit_missing,5,f0914630bcb4501011c61f0fdca100f2ed1871b0dc37e8c1efe4ad782fc5ea18,0,1,1,0.6365773678177025,3,839,840,840
explicit_missing,5,33e6adf80af0df0a39618b9acfc57926cc2019f47aba6970b12cc71b90133528,1,0,1,0.9885014032057128,4,848,849,849
explicit_missing,5,061ba64092eac5bd44c6cacbaea2462c1e8b466f74244a7b2c13c2ba19e131c7,0,1,0,0.008900817543943604,3,849,850,850
explicit_missing,5,b78557ce10197718a152e202e49d54e4f3510e8b930749217564c5db89832954,0,1,0,0.14537396595391816,3,852,853,853
explicit_missing,5,ea57250f104de3238441dcd3a225f555a2513240855feb6fafd2b23c1fc39aba,0,1,0,0.017254413779571612,3,856,857,857
explicit_missing,5,647869556e35bc8fdc67c14d538ff75f1c52ae89f0ee4c7e078ff50a0db62fa1,1,0,1,0.7822157711344058,4,863,864,864
explicit_missing,5,6a5facba7060397b41b604e420c7447f305524010379fc44045788411bf8d418,0,1,0,0.3889534715976826,3,874,875,875
explicit_missing,5,e267aca2d9fad7b05b3e27e392eea6c3ac2fe229dfe6fba8125edb8ab70fa856,1,0,1,0.9972116380586101,4,876,877,877
explicit_missing,5,d6ae8c98af272bca3058d34fc0e930cbf2dcc32b406602f6d5e2b0b54e0e6565,1,0,1,0.9867671128884344,3,889,890,890
explicit_missing,5,31fb88da40cc50c6bb2bf5c056385a8acd4a2fdf92ca684f2b333232a08e0bf9,1,0,1,0.9953064893151031,4,893,894,894
explicit_missing,5,dbb17851c899b8708331cfae6bd526f5dd385f9cc94d0bf647c577302afad8ea,0,1,1,0.961120588147265,3,897,898,898
explicit_missing,5,10cb202b1229270efda6de3f5cac0cf57a41e4f051b04330f96cbf00c11a67b9,1,0,0,0.09302227183112644,4,912,913,913
explicit_missing,5,bacf5f3cb82469f6cb94d07511d9b74ff6031b0f53be437791bb968c96d2923f,0,1,0,0.17231672945744958,3,924,925,925
explicit_missing,5,b3468cc6871414e829c8ec8693fde72cae6ad1c8830fc103376427901047c434,0,1,0,0.0641295594411673,3,928,929,929
explicit_missing,5,7183b17b4592fa23b00888e29295f19259bce28fcbde332655aa64db1ec677f4,1,0,1,0.9983869420260117,3,929,930,930
explicit_missing,5,e267aca2d9fad7b05b3e27e392eea6c3ac2fe229dfe6fba8125edb8ab70fa856,1,0,1,0.9972116380586101,4,930,931,931
explicit_missing,5,cf0437b7443620131ffb1a124fa7407a4169173892a206fd3205c0d8cec68924,0,1,0,0.09105104278126308,3,947,948,948
explicit_missing,5,83ee532a1d29b3a96067a4d54513c801553ec3df64470b689aac366c71d6a042,0,1,1,0.854546048752541,3,956,957,957
explicit_missing,5,6722a9945781794c423b108d03952930f9d754497aa1321848b989b9e89c4f33,1,0,1,0.7563850734121302,4,977,978,978
explicit_missing,5,cd365ce7907ad5d04fd47b4d8758d592e29b75c0baeecca5f1cc14bd0d7fc010,0,1,0,0.004089755239886878,3,978,979,979
explicit_missing,5,77d5789c9dbdb4478c8d61a59fd5db8997e837ff2ce0198a9b25ecaf89baf4a0,1,0,0,0.33589280721778386,3,979,980,980
explicit_missing,5,6a5facba7060397b41b604e420c7447f305524010379fc44045788411bf8d418,0,1,0,0.3889534715976826,3,981,982,982
explicit_missing,5,83ee532a1d29b3a96067a4d54513c801553ec3df64470b689aac366c71d6a042,0,1,1,0.854546048752541,3,986,987,987
explicit_missing,5,8ee78b19a7462aeeefa87f284e9d20a8e7725e541e71f365c6cc9b749185256c,1,0,1,0.9551309180289261,4,987,988,988
explicit_missing,5,677ace1b7f031aa18f4cef63c87a9fbecdc05d0153ba697168eb3c812d79bb19,0,1,0,0.25765866255628744,3,990,991,991
explicit_missing,5,e982aa16188dee201345fa9375c31bce273c55ce71f68abbe66ada568c7a9b63,1,0,1,0.8991804139578231,3,1000,1001,1001
explicit_missing,5,297729bb51295fd7c92c3e11ea44a176fd131ffa59292eb69bf12a5cfb61d7ec,0,1,0,0.046907213429469345,3,1020,1021,1021
mode_plus_indicator,1,dd15218f1a013e70a109e1984ae7d2faa187d273dbf204ee073a11783531eb12,1,0,1,0.8652230872213528,4,1,2,2
mode_plus_indicator,1,8d6840f62c2edb1e02086519ff5e9163cc08d066341dc64f37a69d833324e6bf,1,0,1,0.9127539073395317,4,2,3,3
mode_plus_indicator,1,d30c09705f48c161d3a9e5efeb137dd919907efda71e91f7457a1177531458cf,1,0,1,0.780436937837361,4,7,8,8
mode_plus_indicator,1,e18400d255a8fe19f6cf3fb3c63068458a4c1d567fed71427cc4c355472be3dd,0,1,1,0.8302689669677312,3,23,24,24
mode_plus_indicator,1,200be9908d2f03977c9d890b01bcb7c5d6451d6722981c3e25a653c9bf889bf0,0,1,0,0.02949653106196625,3,27,28,28
mode_plus_indicator,1,cfba642a12fc49a24c4a9576252fe8886575fba4b0aba975c99ed02b1c5bc28d,1,0,1,0.7789491887579384,4,29,30,30
mode_plus_indicator,1,0ace5c2af2df9bc4e6441e53e392444525e325a2d3a68c86d2b5642afd86d72f,0,1,0,0.011197853105676748,3,35,36,36
mode_plus_indicator,1,696582f64d2c8c4c7be10106139532593c1c19d4dec3198b61f8e4b320f29b6d,1,0,1,0.8575268122305633,4,40,41,41
mode_plus_indicator,1,fdfa6d0e96adb82e9938b26295ca093df27ec4f54560b528eade178354d6cbfc,0,1,0,0.012381818275642923,4,45,46,46
mode_plus_indicator,1,343f97779e92a75005a37b420b3886a2ab852ac2282cd0b3565b5e75473619ad,1,0,1,0.9438615160118407,4,50,51,51
mode_plus_indicator,1,7f46e41a27a75de946eb9ebf48a991a157e9490f0b996e0e1466f132bcd092f9,1,0,1,0.9834405214592938,3,63,64,64
mode_plus_indicator,1,603cfec9ce1edf3278224d34ea43ef858a566d5a4c964e9678680d07026438d1,0,1,0,0.04766856163812493,3,76,77,77
mode_plus_indicator,1,8e815e6224cc4639a52ab1ae08fb124e258ce0126e14966faedf7a394b414341,0,1,0,0.004372900376886691,3,91,92,92
mode_plus_indicator,1,4e46c66a13476a18e41b9011c90927a84959e00120bb6bf8803729a2164e900c,0,1,0,0.30632655730357655,3,97,98,98
mode_plus_indicator,1,603cfec9ce1edf3278224d34ea43ef858a566d5a4c964e9678680d07026438d1,0,1,0,0.04766856163812493,3,104,105,105
mode_plus_indicator,1,4ac578757f209823c2f46aae5441e129be3ea66c5c789b25152679499ebb2be6,1,0,1,0.7099290363278775,4,107,108,108
mode_plus_indicator,1,7f002c74c88d56f20387f9a39939a28cbfdfff55085d9611f50b66fdfd547e8f,0,1,1,0.9522838771229258,3,112,113,113
mode_plus_indicator,1,0ace5c2af2df9bc4e6441e53e392444525e325a2d3a68c86d2b5642afd86d72f,0,1,0,0.011197853105676748,3,134,135,135
mode_plus_indicator,1,fdfa6d0e96adb82e9938b26295ca093df27ec4f54560b528eade178354d6cbfc,0,1,0,0.012381818275642923,4,137,138,138
mode_plus_indicator,1,603cfec9ce1edf3278224d34ea43ef858a566d5a4c964e9678680d07026438d1,0,1,0,0.04766856163812493,3,139,140,140
mode_plus_indicator,1,860eb53eed8a67b576b005aefd9eeb466479557343a6dac29a4085b281056fec,0,1,0,0.009820372207833317,3,147,148,148
mode_plus_indicator,1,d30c09705f48c161d3a9e5efeb137dd919907efda71e91f7457a1177531458cf,1,0,1,0.780436937837361,4,151,152,152
mode_plus_indicator,1,3f2ae0deb6d754888898ee1bfde5b96c5101eb11a8e9a5cb525b7ca2d517fd4e,1,0,1,0.8483684307954803,3,152,153,153
mode_plus_indicator,1,dd5c245125fe3099c5e793a7b54c034797b426e0102a57072052647de3c5dd48,1,0,1,0.9834615011080121,4,155,156,156
mode_plus_indicator,1,0407b2e5edd3f95da70a19f2c12e12a47c44e87ff40fc30a43008ea9828acd37,0,1,0,0.2849806955266853,3,157,158,158
mode_plus_indicator,1,bb7e29caa6d2cef421e3a09d03d81364f29d33dcdbcf549476c1d7c6d82ab962,1,0,1,0.7276918721484881,3,161,162,162
mode_plus_indicator,1,bb7e29caa6d2cef421e3a09d03d81364f29d33dcdbcf549476c1d7c6d82ab962,1,0,1,0.7276918721484881,3,163,164,164
mode_plus_indicator,1,e26dbf6dab96e0bdac459c7140cb1a4bab5bd832038ab3789e75e2a3ee1ef187,0,1,0,0.000960506987415289,3,174,175,175
mode_plus_indicator,1,534f9af47c5f491cc5dccac4f9d01a63b6e3c81664b5debce6e390a31e8362e6,1,0,1,0.9764297487340258,4,178,179,179
mode_plus_indicator,1,66d1e294707307b4e01fbfec8f7518babeca6f7c3d358e108423e5c4ef2a97bb,0,1,0,0.41939839198494033,3,182,183,183
mode_plus_indicator,1,a413cb39d1decbc932843765c2542a4f438d41b0490d251063c04001303012b5,0,1,1,0.7771531997598785,3,194,195,195
mode_plus_indicator,1,5a5522ce37eb6a200af447f255944323e78731c213ba32119d8a85a9c50441d9,1,0,1,0.9845978497674547,3,200,201,201
mode_plus_indicator,1,7f46e41a27a75de946eb9ebf48a991a157e9490f0b996e0e1466f132bcd092f9,1,0,1,0.9834405214592938,3,212,213,213
mode_plus_indicator,1,170beb254cb4ead91ac6abdd27b9f5fb35183137c08b806ed7193d57b16feb8e,1,0,1,0.9942169035372809,4,217,218,218
mode_plus_indicator,1,66d1e294707307b4e01fbfec8f7518babeca6f7c3d358e108423e5c4ef2a97bb,0,1,0,0.41939839198494033,3,223,224,224
mode_plus_indicator,1,e26dbf6dab96e0bdac459c7140cb1a4bab5bd832038ab3789e75e2a3ee1ef187,0,1,0,0.000960506987415289,3,224,225,225
mode_plus_indicator,1,135c49b7206acbca4bd59a45bb5d0a441086b0141794b35d9d227242c762622b,0,1,0,0.009458647312356022,3,234,235,235
mode_plus_indicator,1,343f97779e92a75005a37b420b3886a2ab852ac2282cd0b3565b5e75473619ad,1,0,1,0.9438615160118407,4,239,240,240
mode_plus_indicator,1,cc8c89cd0a972fdc064c79b43412c7ecf3dd893295d57cf6507359ba5fd03779,1,0,0,0.40440278385025547,3,240,241,241
mode_plus_indicator,1,3f2ae0deb6d754888898ee1bfde5b96c5101eb11a8e9a5cb525b7ca2d517fd4e,1,0,1,0.8483684307954803,3,247,248,248
mode_plus_indicator,1,71a456eca9ed8e0f911459cf49f92f5fc04a04441ffa627fcc36dce85f9fa8d2,0,1,0,0.02104961276919567,4,249,250,250
mode_plus_indicator,1,825f8b984b3b2505c87484fc88419cb15c5d6d2fb94134940297db5ba9c9b0a0,1,0,1,0.9934198327158265,4,253,254,254
mode_plus_indicator,1,fdfa6d0e96adb82e9938b26295ca093df27ec4f54560b528eade178354d6cbfc,0,1,0,0.012381818275642923,4,264,265,265
mode_plus_indicator,1,e18400d255a8fe19f6cf3fb3c63068458a4c1d567fed71427cc4c355472be3dd,0,1,1,0.8302689669677312,3,266,267,267
mode_plus_indicator,1,71a456eca9ed8e0f911459cf49f92f5fc04a04441ffa627fcc36dce85f9fa8d2,0,1,0,0.02104961276919567,4,273,274,274
mode_plus_indicator,1,8feee4224ffbeb5f7b43b2b4fad9c3c5ae603265edf250f61081635299493c5f,0,1,0,0.02498470980283791,3,283,284,284
mode_plus_indicator,1,66d1e294707307b4e01fbfec8f7518babeca6f7c3d358e108423e5c4ef2a97bb,0,1,0,0.41939839198494033,3,284,285,285
mode_plus_indicator,1,5270e06dd07b1eee8360113c3002a00782a57f2fd1ee83b393297d321910c860,0,1,0,0.04850185375337623,3,287,288,288
mode_plus_indicator,1,dcf56b83ac2fcdb249809aacc65db1e72810bd0f85d48af38af88189180f5359,0,1,0,0.2952356324304951,3,293,294,294
mode_plus_indicator,1,7f46e41a27a75de946eb9ebf48a991a157e9490f0b996e0e1466f132bcd092f9,1,0,1,0.9834405214592938,3,296,297,297
mode_plus_indicator,1,fdfa6d0e96adb82e9938b26295ca093df27ec4f54560b528eade178354d6cbfc,0,1,0,0.012381818275642923,4,303,304,304
mode_plus_indicator,1,7bc7edc81504823da0e2cc15c08d254d6374580c1278bd0c02c1068619176e4d,0,1,0,0.15733871565289084,3,310,311,311
mode_plus_indicator,1,2270cf63c75bff8f5ef058b2fadb9aecf66d022bcba7474ec79d74ed30cc1f3f,0,1,0,0.49213647831435653,3,314,315,315
mode_plus_indicator,1,0407b2e5edd3f95da70a19f2c12e12a47c44e87ff40fc30a43008ea9828acd37,0,1,0,0.2849806955266853,3,315,316,316
mode_plus_indicator,1,5270e06dd07b1eee8360113c3002a00782a57f2fd1ee83b393297d321910c860,0,1,0,0.04850185375337623,3,317,318,318
mode_plus_indicator,1,e41f2e64a79954c9fd723382f0487dfbf40e9c368b0e03b7c346d068482865eb,0,1,0,0.0387509043263471,3,320,321,321
mode_plus_indicator,1,7bc7edc81504823da0e2cc15c08d254d6374580c1278bd0c02c1068619176e4d,0,1,0,0.15733871565289084,3,326,327,327
mode_plus_indicator,1,3f2ae0deb6d754888898ee1bfde5b96c5101eb11a8e9a5cb525b7ca2d517fd4e,1,0,1,0.8483684307954803,3,327,328,328
mode_plus_indicator,1,0609526803727eb7a02eae6e31fdad5351ee604bf6e87ca01cef0f174ec966c4,1,0,1,0.9706239258055024,4,329,330,330
mode_plus_indicator,1,e41f2e64a79954c9fd723382f0487dfbf40e9c368b0e03b7c346d068482865eb,0,1,0,0.0387509043263471,3,330,331,331
mode_plus_indicator,1,295d3770d48a22c76fbea70306840dbd3e5705d6e8d33e981f02fd949298e5e7,0,1,0,0.011837781142388561,3,334,335,335
mode_plus_indicator,1,cfba642a12fc49a24c4a9576252fe8886575fba4b0aba975c99ed02b1c5bc28d,1,0,1,0.7789491887579384,4,339,340,340
mode_plus_indicator,1,8e815e6224cc4639a52ab1ae08fb124e258ce0126e14966faedf7a394b414341,0,1,0,0.004372900376886691,3,348,349,349
mode_plus_indicator,1,5a5522ce37eb6a200af447f255944323e78731c213ba32119d8a85a9c50441d9,1,0,1,0.9845978497674547,3,352,353,353
mode_plus_indicator,1,e41f2e64a79954c9fd723382f0487dfbf40e9c368b0e03b7c346d068482865eb,0,1,0,0.0387509043263471,3,360,361,361
mode_plus_indicator,1,825f8b984b3b2505c87484fc88419cb15c5d6d2fb94134940297db5ba9c9b0a0,1,0,1,0.9934198327158265,4,372,373,373
mode_plus_indicator,1,295d3770d48a22c76fbea70306840dbd3e5705d6e8d33e981f02fd949298e5e7,0,1,0,0.011837781142388561,3,373,374,374
mode_plus_indicator,1,dc3c121a5dfc1821538ece060b91b4c94fe9371f0c30eb41c6d7e3fe52ffa100,1,0,1,0.9925082732474546,4,381,382,382
mode_plus_indicator,1,bb7e29caa6d2cef421e3a09d03d81364f29d33dcdbcf549476c1d7c6d82ab962,1,0,1,0.7276918721484881,3,388,389,389
mode_plus_indicator,1,534f9af47c5f491cc5dccac4f9d01a63b6e3c81664b5debce6e390a31e8362e6,1,0,1,0.9764297487340258,4,389,390,390
mode_plus_indicator,1,dd5c245125fe3099c5e793a7b54c034797b426e0102a57072052647de3c5dd48,1,0,1,0.9834615011080121,4,395,396,396
mode_plus_indicator,1,92304ad7f291bd2213aa856c0ea3eeba5566f3bff231dc1e8df23cba6b6cef63,0,1,0,0.16857755146141432,3,403,404,404
mode_plus_indicator,1,cfba642a12fc49a24c4a9576252fe8886575fba4b0aba975c99ed02b1c5bc28d,1,0,1,0.7789491887579384,4,406,407,407
mode_plus_indicator,1,0609526803727eb7a02eae6e31fdad5351ee604bf6e87ca01cef0f174ec966c4,1,0,1,0.9706239258055024,4,414,415,415
mode_plus_indicator,1,8feee4224ffbeb5f7b43b2b4fad9c3c5ae603265edf250f61081635299493c5f,0,1,0,0.02498470980283791,3,416,417,417
mode_plus_indicator,1,4e46c66a13476a18e41b9011c90927a84959e00120bb6bf8803729a2164e900c,0,1,0,0.30632655730357655,3,421,422,422
mode_plus_indicator,1,1546abffe6332affe53e386427effe04cc2751bced858e563c9bcaa2c9b24fa0,1,0,1,0.9984642810445075,4,438,439,439
mode_plus_indicator,1,cc8c89cd0a972fdc064c79b43412c7ecf3dd893295d57cf6507359ba5fd03779,1,0,0,0.40440278385025547,3,441,442,442
mode_plus_indicator,1,860eb53eed8a67b576b005aefd9eeb466479557343a6dac29a4085b281056fec,0,1,0,0.009820372207833317,3,449,450,450
mode_plus_indicator,1,0ddceaf19a5cf5d118fbf392204aa1a82ba99fdc457b92f25ee797383d5f8372,1,0,1,0.9768416779635783,4,451,452,452
mode_plus_indicator,1,a413cb39d1decbc932843765c2542a4f438d41b0490d251063c04001303012b5,0,1,1,0.7771531997598785,3,456,457,457
mode_plus_indicator,1,71a456eca9ed8e0f911459cf49f92f5fc04a04441ffa627fcc36dce85f9fa8d2,0,1,0,0.02104961276919567,4,458,459,459
mode_plus_indicator,1,dcf56b83ac2fcdb249809aacc65db1e72810bd0f85d48af38af88189180f5359,0,1,0,0.2952356324304951,3,469,470,470
mode_plus_indicator,1,5270e06dd07b1eee8360113c3002a00782a57f2fd1ee83b393297d321910c860,0,1,0,0.04850185375337623,3,472,473,473
mode_plus_indicator,1,696582f64d2c8c4c7be10106139532593c1c19d4dec3198b61f8e4b320f29b6d,1,0,1,0.8575268122305633,4,478,479,479
mode_plus_indicator,1,0ddceaf19a5cf5d118fbf392204aa1a82ba99fdc457b92f25ee797383d5f8372,1,0,1,0.9768416779635783,4,482,483,483
mode_plus_indicator,1,170beb254cb4ead91ac6abdd27b9f5fb35183137c08b806ed7193d57b16feb8e,1,0,1,0.9942169035372809,4,488,489,489
mode_plus_indicator,1,dcf56b83ac2fcdb249809aacc65db1e72810bd0f85d48af38af88189180f5359,0,1,0,0.2952356324304951,3,490,491,491
mode_plus_indicator,1,4e46c66a13476a18e41b9011c90927a84959e00120bb6bf8803729a2164e900c,0,1,0,0.30632655730357655,3,491,492,492
mode_plus_indicator,1,825f8b984b3b2505c87484fc88419cb15c5d6d2fb94134940297db5ba9c9b0a0,1,0,1,0.9934198327158265,4,494,495,495
mode_plus_indicator,1,30b933ace8f9fcaa8563c3d45a947ee641c793d5ce5e63fe9b184854f2805ebc,0,1,1,0.673030386065463,3,496,497,497
mode_plus_indicator,1,8feee4224ffbeb5f7b43b2b4fad9c3c5ae603265edf250f61081635299493c5f,0,1,0,0.02498470980283791,3,508,509,509
mode_plus_indicator,1,ad62d3796b9e5d6cb390232882aced91f4b2175affc6fca536ba075e9f928696,1,0,1,0.6156034402027194,3,513,514,514
mode_plus_indicator,1,a413cb39d1decbc932843765c2542a4f438d41b0490d251063c04001303012b5,0,1,1,0.7771531997598785,3,530,531,531
mode_plus_indicator,1,8e815e6224cc4639a52ab1ae08fb124e258ce0126e14966faedf7a394b414341,0,1,0,0.004372900376886691,3,535,536,536
mode_plus_indicator,1,f86d6e1632a29799273da4683ce4e6e85b3a5dd7a07f2bf94a84a84caeb02e77,0,1,0,0.01584824575185664,3,537,538,538
mode_plus_indicator,1,0609526803727eb7a02eae6e31fdad5351ee604bf6e87ca01cef0f174ec966c4,1,0,1,0.9706239258055024,4,547,548,548
mode_plus_indicator,1,860eb53eed8a67b576b005aefd9eeb466479557343a6dac29a4085b281056fec,0,1,0,0.009820372207833317,3,549,550,550
mode_plus_indicator,1,e26dbf6dab96e0bdac459c7140cb1a4bab5bd832038ab3789e75e2a3ee1ef187,0,1,0,0.000960506987415289,3,559,560,560
mode_plus_indicator,1,ad62d3796b9e5d6cb390232882aced91f4b2175affc6fca536ba075e9f928696,1,0,1,0.6156034402027194,3,564,565,565
mode_plus_indicator,1,3e112fed1f2a09fda69b8b62ed9a1ed98e6ac5bad1cbf35a0c622a861b38c9f5,0,1,0,0.002454355103525777,3,571,572,572
mode_plus_indicator,1,ad62d3796b9e5d6cb390232882aced91f4b2175affc6fca536ba075e9f928696,1,0,1,0.6156034402027194,3,574,575,575
mode_plus_indicator,1,0609526803727eb7a02eae6e31fdad5351ee604bf6e87ca01cef0f174ec966c4,1,0,1,0.9706239258055024,4,578,579,579
mode_plus_indicator,1,dc3c121a5dfc1821538ece060b91b4c94fe9371f0c30eb41c6d7e3fe52ffa100,1,0,1,0.9925082732474546,4,580,581,581
mode_plus_indicator,1,825f8b984b3b2505c87484fc88419cb15c5d6d2fb94134940297db5ba9c9b0a0,1,0,1,0.9934198327158265,4,585,586,586
mode_plus_indicator,1,0407b2e5edd3f95da70a19f2c12e12a47c44e87ff40fc30a43008ea9828acd37,0,1,0,0.2849806955266853,3,586,587,587
mode_plus_indicator,1,2270cf63c75bff8f5ef058b2fadb9aecf66d022bcba7474ec79d74ed30cc1f3f,0,1,0,0.49213647831435653,3,591,592,592
mode_plus_indicator,1,f86d6e1632a29799273da4683ce4e6e85b3a5dd7a07f2bf94a84a84caeb02e77,0,1,0,0.01584824575185664,3,616,617,617
mode_plus_indicator,1,135c49b7206acbca4bd59a45bb5d0a441086b0141794b35d9d227242c762622b,0,1,0,0.009458647312356022,3,618,619,619
mode_plus_indicator,1,dd15218f1a013e70a109e1984ae7d2faa187d273dbf204ee073a11783531eb12,1,0,1,0.8652230872213528,4,635,636,636
mode_plus_indicator,1,135c49b7206acbca4bd59a45bb5d0a441086b0141794b35d9d227242c762622b,0,1,0,0.009458647312356022,3,655,656,656
mode_plus_indicator,1,71a456eca9ed8e0f911459cf49f92f5fc04a04441ffa627fcc36dce85f9fa8d2,0,1,0,0.02104961276919567,4,658,659,659
mode_plus_indicator,1,d30c09705f48c161d3a9e5efeb137dd919907efda71e91f7457a1177531458cf,1,0,1,0.780436937837361,4,662,663,663
mode_plus_indicator,1,dd15218f1a013e70a109e1984ae7d2faa187d273dbf204ee073a11783531eb12,1,0,1,0.8652230872213528,4,672,673,673
mode_plus_indicator,1,dd5c245125fe3099c5e793a7b54c034797b426e0102a57072052647de3c5dd48,1,0,1,0.9834615011080121,4,675,676,676
mode_plus_indicator,1,0ddceaf19a5cf5d118fbf392204aa1a82ba99fdc457b92f25ee797383d5f8372,1,0,1,0.9768416779635783,4,686,687,687
mode_plus_indicator,1,3e112fed1f2a09fda69b8b62ed9a1ed98e6ac5bad1cbf35a0c622a861b38c9f5,0,1,0,0.002454355103525777,3,690,691,691
mode_plus_indicator,1,8d6840f62c2edb1e02086519ff5e9163cc08d066341dc64f37a69d833324e6bf,1,0,1,0.9127539073395317,4,693,694,694
mode_plus_indicator,1,18a41bc3a1d854654e09b4269e27c4989bddb4ddea9d69fc6dd5b0ea19ccb130,1,0,1,0.7916140786656863,4,695,696,696
mode_plus_indicator,1,f86d6e1632a29799273da4683ce4e6e85b3a5dd7a07f2bf94a84a84caeb02e77,0,1,0,0.01584824575185664,3,697,698,698
mode_plus_indicator,1,696582f64d2c8c4c7be10106139532593c1c19d4dec3198b61f8e4b320f29b6d,1,0,1,0.8575268122305633,4,707,708,708
mode_plus_indicator,1,7bc7edc81504823da0e2cc15c08d254d6374580c1278bd0c02c1068619176e4d,0,1,0,0.15733871565289084,3,708,709,709
mode_plus_indicator,1,92304ad7f291bd2213aa856c0ea3eeba5566f3bff231dc1e8df23cba6b6cef63,0,1,0,0.16857755146141432,3,716,717,717
mode_plus_indicator,1,cfba642a12fc49a24c4a9576252fe8886575fba4b0aba975c99ed02b1c5bc28d,1,0,1,0.7789491887579384,4,718,719,719
mode_plus_indicator,1,2270cf63c75bff8f5ef058b2fadb9aecf66d022bcba7474ec79d74ed30cc1f3f,0,1,0,0.49213647831435653,3,725,726,726
mode_plus_indicator,1,36ef84ea39323f491e3bb21475464b9d3da7df200d4412c1945bb19f9cfeeda7,0,1,0,0.0053814561954293565,3,734,735,735
mode_plus_indicator,1,0ace5c2af2df9bc4e6441e53e392444525e325a2d3a68c86d2b5642afd86d72f,0,1,0,0.011197853105676748,3,736,737,737
mode_plus_indicator,1,1546abffe6332affe53e386427effe04cc2751bced858e563c9bcaa2c9b24fa0,1,0,1,0.9984642810445075,4,738,739,739
mode_plus_indicator,1,dd5c245125fe3099c5e793a7b54c034797b426e0102a57072052647de3c5dd48,1,0,1,0.9834615011080121,4,743,744,744
mode_plus_indicator,1,343f97779e92a75005a37b420b3886a2ab852ac2282cd0b3565b5e75473619ad,1,0,1,0.9438615160118407,4,748,749,749
mode_plus_indicator,1,534f9af47c5f491cc5dccac4f9d01a63b6e3c81664b5debce6e390a31e8362e6,1,0,1,0.9764297487340258,4,757,758,758
mode_plus_indicator,1,cc8c89cd0a972fdc064c79b43412c7ecf3dd893295d57cf6507359ba5fd03779,1,0,0,0.40440278385025547,3,773,774,774
mode_plus_indicator,1,dc3c121a5dfc1821538ece060b91b4c94fe9371f0c30eb41c6d7e3fe52ffa100,1,0,1,0.9925082732474546,4,782,783,783
mode_plus_indicator,1,1546abffe6332affe53e386427effe04cc2751bced858e563c9bcaa2c9b24fa0,1,0,1,0.9984642810445075,4,801,802,802
mode_plus_indicator,1,7f002c74c88d56f20387f9a39939a28cbfdfff55085d9611f50b66fdfd547e8f,0,1,1,0.9522838771229258,3,806,807,807
mode_plus_indicator,1,200be9908d2f03977c9d890b01bcb7c5d6451d6722981c3e25a653c9bf889bf0,0,1,0,0.02949653106196625,3,808,809,809
mode_plus_indicator,1,295d3770d48a22c76fbea70306840dbd3e5705d6e8d33e981f02fd949298e5e7,0,1,0,0.011837781142388561,3,810,811,811
mode_plus_indicator,1,8d6840f62c2edb1e02086519ff5e9163cc08d066341dc64f37a69d833324e6bf,1,0,1,0.9127539073395317,4,814,815,815
mode_plus_indicator,1,92304ad7f291bd2213aa856c0ea3eeba5566f3bff231dc1e8df23cba6b6cef63,0,1,0,0.16857755146141432,3,817,818,818
mode_plus_indicator,1,696582f64d2c8c4c7be10106139532593c1c19d4dec3198b61f8e4b320f29b6d,1,0,1,0.8575268122305633,4,828,829,829
mode_plus_indicator,1,200be9908d2f03977c9d890b01bcb7c5d6451d6722981c3e25a653c9bf889bf0,0,1,0,0.02949653106196625,3,829,830,830
mode_plus_indicator,1,1546abffe6332affe53e386427effe04cc2751bced858e563c9bcaa2c9b24fa0,1,0,1,0.9984642810445075,4,854,855,855
mode_plus_indicator,1,4ac578757f209823c2f46aae5441e129be3ea66c5c789b25152679499ebb2be6,1,0,1,0.7099290363278775,4,860,861,861
mode_plus_indicator,1,dd15218f1a013e70a109e1984ae7d2faa187d273dbf204ee073a11783531eb12,1,0,1,0.8652230872213528,4,864,865,865
mode_plus_indicator,1,0ddceaf19a5cf5d118fbf392204aa1a82ba99fdc457b92f25ee797383d5f8372,1,0,1,0.9768416779635783,4,890,891,891
mode_plus_indicator,1,4ac578757f209823c2f46aae5441e129be3ea66c5c789b25152679499ebb2be6,1,0,1,0.7099290363278775,4,895,896,896
mode_plus_indicator,1,30b933ace8f9fcaa8563c3d45a947ee641c793d5ce5e63fe9b184854f2805ebc,0,1,1,0.673030386065463,3,900,901,901
mode_plus_indicator,1,534f9af47c5f491cc5dccac4f9d01a63b6e3c81664b5debce6e390a31e8362e6,1,0,1,0.9764297487340258,4,906,907,907
mode_plus_indicator,1,5a5522ce37eb6a200af447f255944323e78731c213ba32119d8a85a9c50441d9,1,0,1,0.9845978497674547,3,910,911,911
mode_plus_indicator,1,e18400d255a8fe19f6cf3fb3c63068458a4c1d567fed71427cc4c355472be3dd,0,1,1,0.8302689669677312,3,914,915,915
mode_plus_indicator,1,170beb254cb4ead91ac6abdd27b9f5fb35183137c08b806ed7193d57b16feb8e,1,0,1,0.9942169035372809,4,917,918,918
mode_plus_indicator,1,18a41bc3a1d854654e09b4269e27c4989bddb4ddea9d69fc6dd5b0ea19ccb130,1,0,1,0.7916140786656863,4,921,922,922
mode_plus_indicator,1,dc3c121a5dfc1821538ece060b91b4c94fe9371f0c30eb41c6d7e3fe52ffa100,1,0,1,0.9925082732474546,4,922,923,923
mode_plus_indicator,1,170beb254cb4ead91ac6abdd27b9f5fb35183137c08b806ed7193d57b16feb8e,1,0,1,0.9942169035372809,4,931,932,932
mode_plus_indicator,1,7f002c74c88d56f20387f9a39939a28cbfdfff55085d9611f50b66fdfd547e8f,0,1,1,0.9522838771229258,3,939,940,940
mode_plus_indicator,1,3e112fed1f2a09fda69b8b62ed9a1ed98e6ac5bad1cbf35a0c622a861b38c9f5,0,1,0,0.002454355103525777,3,953,954,954
mode_plus_indicator,1,36ef84ea39323f491e3bb21475464b9d3da7df200d4412c1945bb19f9cfeeda7,0,1,0,0.0053814561954293565,3,965,966,966
mode_plus_indicator,1,8d6840f62c2edb1e02086519ff5e9163cc08d066341dc64f37a69d833324e6bf,1,0,1,0.9127539073395317,4,969,970,970
mode_plus_indicator,1,18a41bc3a1d854654e09b4269e27c4989bddb4ddea9d69fc6dd5b0ea19ccb130,1,0,1,0.7916140786656863,4,976,977,977
mode_plus_indicator,1,18a41bc3a1d854654e09b4269e27c4989bddb4ddea9d69fc6dd5b0ea19ccb130,1,0,1,0.7916140786656863,4,982,983,983
mode_plus_indicator,1,30b933ace8f9fcaa8563c3d45a947ee641c793d5ce5e63fe9b184854f2805ebc,0,1,1,0.673030386065463,3,985,986,986
mode_plus_indicator,1,343f97779e92a75005a37b420b3886a2ab852ac2282cd0b3565b5e75473619ad,1,0,1,0.9438615160118407,4,992,993,993
mode_plus_indicator,1,4ac578757f209823c2f46aae5441e129be3ea66c5c789b25152679499ebb2be6,1,0,1,0.7099290363278775,4,1011,1012,1012
mode_plus_indicator,1,d30c09705f48c161d3a9e5efeb137dd919907efda71e91f7457a1177531458cf,1,0,1,0.780436937837361,4,1014,1015,1015
mode_plus_indicator,1,36ef84ea39323f491e3bb21475464b9d3da7df200d4412c1945bb19f9cfeeda7,0,1,0,0.0053814561954293565,3,1015,1016,1016
mode_plus_indicator,2,ba76646a6cd8bac9a3915000fd01b2c6f72767317e7a127d3c76c2a3528e15cf,1,0,1,0.6486693097059043,4,9,10,10
mode_plus_indicator,2,97c28d190215d11fe23f3d9daeb08b08876a6ba9a0b50b9f20e083c3dfdf063d,0,1,0,0.20950793211441762,3,17,18,18
mode_plus_indicator,2,7fa477610afc161c8c6896002d27de9519656c1dc1e45ca94e675e67d6b62df4,1,0,0,0.16809777397746412,3,21,22,22
mode_plus_indicator,2,d2f6d8bfdc925926b52b4aae864f595549c5c2af935859f00fa441a2540b23a2,1,0,1,0.9072902929643579,4,26,27,27
mode_plus_indicator,2,120c066e96fbf896a39fd17defc80d0d3914bd808fdfa0bb021e353ed8901859,0,1,0,0.4817558327328425,4,42,43,43
mode_plus_indicator,2,ba76646a6cd8bac9a3915000fd01b2c6f72767317e7a127d3c76c2a3528e15cf,1,0,1,0.6486693097059043,4,44,45,45
mode_plus_indicator,2,3019eb9e1e2b3b50d39f08ab776beb802ed15d5fc99de6ec9091db4070eb02d5,0,1,0,0.3812550719996817,4,47,48,48
mode_plus_indicator,2,6fb7211a460e94d8a2ff0054bee1425482bcef1ce7adf232fa5758f42ba5b121,1,0,1,0.9223225505619562,4,68,69,69
mode_plus_indicator,2,1b5f089a7c6d6cbe4752e5a0476366179819182b598d80d7ff25d6a34fc0111f,1,0,1,0.9749167557920051,4,72,73,73
mode_plus_indicator,2,e730d621d57973dddae599c97a7d6066b1465945227bfcd5e8eb81b50c9b32f8,1,0,1,0.988618492903141,4,78,79,79
mode_plus_indicator,2,74d43fe49e4de4a3e8536759ef6eecd48658b73769dc6d3bfaba40e1fa2d20ef,1,0,1,0.5408802893767582,3,88,89,89
mode_plus_indicator,2,1b06c566472cb1ec33bf7e37c86c2cb32d5247e2d414507bc5a2d80facf48cfd,1,0,1,0.9804787269485491,3,90,91,91
mode_plus_indicator,2,e730d621d57973dddae599c97a7d6066b1465945227bfcd5e8eb81b50c9b32f8,1,0,1,0.988618492903141,4,93,94,94
mode_plus_indicator,2,dd2800b0ea96c66364f3306ccd1a5ab6ea03c8388eca414925b643e74a6cb5ac,0,1,1,0.5759952672982647,3,96,97,97
mode_plus_indicator,2,699503624a9726f122bd002cf2c31e5d52f3e9d52378c9e39980205edf8e3cb8,0,1,0,0.23051353230727312,3,102,103,103
mode_plus_indicator,2,d2f6d8bfdc925926b52b4aae864f595549c5c2af935859f00fa441a2540b23a2,1,0,1,0.9072902929643579,4,116,117,117
mode_plus_indicator,2,74b17ea90d77b212c11109d27b9d3b9be35581a0cc2764adf81eb89a1ff7aabe,1,0,1,0.9687875164840251,4,118,119,119
mode_plus_indicator,2,37a5ca2f4a45de7fab333b84741ad58cc9f825d41d59b1164bce5f6f8ff371dc,0,1,0,0.04524153531748582,3,120,121,121
mode_plus_indicator,2,9af78ef35e19aad8c614167387840ddc427d6ba06741bbc5ed79b11923844b40,1,0,1,0.9984392960924422,3,123,124,124
mode_plus_indicator,2,3019eb9e1e2b3b50d39f08ab776beb802ed15d5fc99de6ec9091db4070eb02d5,0,1,0,0.3812550719996817,4,133,134,134
mode_plus_indicator,2,129187a6d1989b8cc9b57e85dc4d9895800f53b4ae4701f45a08e325b2376b74,1,0,1,0.9841442882163693,4,136,137,137
mode_plus_indicator,2,61378bf2c4a1c06a1e183a872365216e3b2b8f60f7caf2e2ec42580ad3ed365f,1,0,1,0.9641432193009581,4,146,147,147
mode_plus_indicator,2,120c066e96fbf896a39fd17defc80d0d3914bd808fdfa0bb021e353ed8901859,0,1,0,0.4817558327328425,4,154,155,155
mode_plus_indicator,2,120c066e96fbf896a39fd17defc80d0d3914bd808fdfa0bb021e353ed8901859,0,1,0,0.4817558327328425,4,158,159,159
mode_plus_indicator,2,3a9042a29b3fdd27f4ee67ed178246094baf68a7233571b46398b0ecc1016bed,0,1,0,0.0170924504541589,4,160,161,161
mode_plus_indicator,2,1b13de9667a1c75c937b869c9712b13162197cb3cecd6a46d0a43d83cc10c822,1,0,1,0.9898976678725632,3,167,168,168
mode_plus_indicator,2,9e38f577755af30ef9073f9811650f8b5e27d31fa538abb028c7257b5938854a,1,0,1,0.9299759602618118,4,172,173,173
mode_plus_indicator,2,1c7f4c143bea5753cfffa7db6bc57e8ef8757cfb6ad73cc78c2a324f18bbf8d5,0,1,0,0.034247337736231565,4,173,174,174
mode_plus_indicator,2,9e38f577755af30ef9073f9811650f8b5e27d31fa538abb028c7257b5938854a,1,0,1,0.9299759602618118,4,177,178,178
mode_plus_indicator,2,e730d621d57973dddae599c97a7d6066b1465945227bfcd5e8eb81b50c9b32f8,1,0,1,0.988618492903141,4,181,182,182
mode_plus_indicator,2,f571f0cd4c431f4b48997a331dd42b1029a286f870eb5192eb628a62b4db0f30,1,0,1,0.9915230895600217,4,183,184,184
mode_plus_indicator,2,0360d1fe51073754b3d7e916e181429845ca593d2283b305477af36399e10e0a,0,1,0,0.019067392949355694,4,184,185,185
mode_plus_indicator,2,61378bf2c4a1c06a1e183a872365216e3b2b8f60f7caf2e2ec42580ad3ed365f,1,0,1,0.9641432193009581,4,187,188,188
mode_plus_indicator,2,7b4cb154cd8c96042bc5aa6fbfaa724dc9d8e687f6b7683bd7ad946a959c57c3,0,1,0,0.01112704180236938,3,191,192,192
mode_plus_indicator,2,789ca93868a1160ef0149b26f44f6db86d70b66095514fabd8e42fc41e0fd745,0,1,0,0.2354960202983803,4,192,193,193
mode_plus_indicator,2,b638ab645482db4e738d7d3eb39bd66b3f32590e2de9c2fe379d9e510078ac26,1,0,1,0.9901980481778049,4,195,196,196
mode_plus_indicator,2,7b4cb154cd8c96042bc5aa6fbfaa724dc9d8e687f6b7683bd7ad946a959c57c3,0,1,0,0.01112704180236938,3,208,209,209
mode_plus_indicator,2,3a9042a29b3fdd27f4ee67ed178246094baf68a7233571b46398b0ecc1016bed,0,1,0,0.0170924504541589,4,218,219,219
mode_plus_indicator,2,7f6eb87a7a0f0e7c7a774f4a858d04d3733168da28f6b25ac8cc3f36a4d9791f,0,1,0,0.22824900067576934,3,226,227,227
mode_plus_indicator,2,7fa477610afc161c8c6896002d27de9519656c1dc1e45ca94e675e67d6b62df4,1,0,0,0.16809777397746412,3,244,245,245
mode_plus_indicator,2,5c0b540b637e788c8fc043df421a9c0558a171671432a84b540cbe2534cc5ad0,0,1,0,0.11374532063886214,3,245,246,246
mode_plus_indicator,2,0360d1fe51073754b3d7e916e181429845ca593d2283b305477af36399e10e0a,0,1,0,0.019067392949355694,4,250,251,251
mode_plus_indicator,2,f8d7191c33cd66e4036928b32a526d0e7092e626e266655498b2fb7fa268b982,1,0,1,0.9372448173345793,4,255,256,256
mode_plus_indicator,2,57406ef4552f43df3583eb064c14d18ff05a35a479c162a4facf5417fa6aacb1,0,1,0,0.45550117234255855,3,256,257,257
mode_plus_indicator,2,757cb6c1021bfb2d04e492afa47e4ca576c7bdb0f2e1634ede080ae8788c08dd,1,0,1,0.5424210666025696,4,259,260,260
mode_plus_indicator,2,7f6eb87a7a0f0e7c7a774f4a858d04d3733168da28f6b25ac8cc3f36a4d9791f,0,1,0,0.22824900067576934,3,262,263,263
mode_plus_indicator,2,129187a6d1989b8cc9b57e85dc4d9895800f53b4ae4701f45a08e325b2376b74,1,0,1,0.9841442882163693,4,265,266,266
mode_plus_indicator,2,c55a7e160850b5600d39fdf91e2748ce9a6052c5453da5253e012c334394a10f,0,1,0,0.14458494998366608,3,272,273,273
mode_plus_indicator,2,9e38f577755af30ef9073f9811650f8b5e27d31fa538abb028c7257b5938854a,1,0,1,0.9299759602618118,4,276,277,277
mode_plus_indicator,2,9af78ef35e19aad8c614167387840ddc427d6ba06741bbc5ed79b11923844b40,1,0,1,0.9984392960924422,3,304,305,305
mode_plus_indicator,2,bc01e9feb2ba2f4c340bc6785a4e3b676a96f1532ea05cc4a644d35d872b0762,0,1,0,0.03782139617428945,3,305,306,306
mode_plus_indicator,2,0dee614e6d81244540b4166c994f0559c9efce5766765c3e78fcdf5e9c7b7e3f,1,0,1,0.9967453635564182,3,306,307,307
mode_plus_indicator,2,cd30b545269c64e3a3a5898d73ac2d127104626770f16dddc903ebcb82750600,0,1,0,0.345726958481363,3,321,322,322
mode_plus_indicator,2,699503624a9726f122bd002cf2c31e5d52f3e9d52378c9e39980205edf8e3cb8,0,1,0,0.23051353230727312,3,337,338,338
mode_plus_indicator,2,3a9042a29b3fdd27f4ee67ed178246094baf68a7233571b46398b0ecc1016bed,0,1,0,0.0170924504541589,4,345,346,346
mode_plus_indicator,2,ae8873c61d6232fd878a5a241d1017471f0aebad3c70e67f6a80dea02d16c8e8,1,0,1,0.9455263566322151,3,349,350,350
mode_plus_indicator,2,cf47d8d0b7538dc2494a4bd2ff50962532ffa8063831c87277198fc7856d1113,0,1,1,0.7155352743112167,3,354,355,355
mode_plus_indicator,2,76188df7212d02fe6400921583c3af92cec04bccde92adf10fbff387728c06bb,0,1,1,0.5704306020174019,3,356,357,357
mode_plus_indicator,2,b638ab645482db4e738d7d3eb39bd66b3f32590e2de9c2fe379d9e510078ac26,1,0,1,0.9901980481778049,4,358,359,359
mode_plus_indicator,2,7d8da25e9ce0d659ef0e6ddc790d98e5843871183b13d257985c8192be9c299b,0,1,0,0.01734144263571638,3,370,371,371
mode_plus_indicator,2,b8e349b1ba6e3b96024138700a9f65e0b547880c5d961e044b3b1316973d8a13,1,0,1,0.8510224504268684,3,385,386,386
mode_plus_indicator,2,7d8da25e9ce0d659ef0e6ddc790d98e5843871183b13d257985c8192be9c299b,0,1,0,0.01734144263571638,3,386,387,387
mode_plus_indicator,2,7d8da25e9ce0d659ef0e6ddc790d98e5843871183b13d257985c8192be9c299b,0,1,0,0.01734144263571638,3,393,394,394
mode_plus_indicator,2,61378bf2c4a1c06a1e183a872365216e3b2b8f60f7caf2e2ec42580ad3ed365f,1,0,1,0.9641432193009581,4,398,399,399
mode_plus_indicator,2,1b5f089a7c6d6cbe4752e5a0476366179819182b598d80d7ff25d6a34fc0111f,1,0,1,0.9749167557920051,4,405,406,406
mode_plus_indicator,2,76188df7212d02fe6400921583c3af92cec04bccde92adf10fbff387728c06bb,0,1,1,0.5704306020174019,3,409,410,410
mode_plus_indicator,2,ae8873c61d6232fd878a5a241d1017471f0aebad3c70e67f6a80dea02d16c8e8,1,0,1,0.9455263566322151,3,429,430,430
mode_plus_indicator,2,74d43fe49e4de4a3e8536759ef6eecd48658b73769dc6d3bfaba40e1fa2d20ef,1,0,1,0.5408802893767582,3,437,438,438
mode_plus_indicator,2,f571f0cd4c431f4b48997a331dd42b1029a286f870eb5192eb628a62b4db0f30,1,0,1,0.9915230895600217,4,442,443,443
mode_plus_indicator,2,0548dc97d6bdab333330eded8112df676bd49389532fe8b0d4aa3410887c1912,0,1,0,0.06401164586640769,3,452,453,453
mode_plus_indicator,2,0548dc97d6bdab333330eded8112df676bd49389532fe8b0d4aa3410887c1912,0,1,0,0.06401164586640769,3,454,455,455
mode_plus_indicator,2,b638ab645482db4e738d7d3eb39bd66b3f32590e2de9c2fe379d9e510078ac26,1,0,1,0.9901980481778049,4,470,471,471
mode_plus_indicator,2,d30faafdfabaf1b0603ee349f3994cc850fb9581abb48b270769113a399439cc,0,1,0,0.17420573992184374,3,474,475,475
mode_plus_indicator,2,699503624a9726f122bd002cf2c31e5d52f3e9d52378c9e39980205edf8e3cb8,0,1,0,0.23051353230727312,3,476,477,477
mode_plus_indicator,2,5c0b540b637e788c8fc043df421a9c0558a171671432a84b540cbe2534cc5ad0,0,1,0,0.11374532063886214,3,495,496,496
mode_plus_indicator,2,74b17ea90d77b212c11109d27b9d3b9be35581a0cc2764adf81eb89a1ff7aabe,1,0,1,0.9687875164840251,4,512,513,513
mode_plus_indicator,2,ba76646a6cd8bac9a3915000fd01b2c6f72767317e7a127d3c76c2a3528e15cf,1,0,1,0.6486693097059043,4,539,540,540
mode_plus_indicator,2,57406ef4552f43df3583eb064c14d18ff05a35a479c162a4facf5417fa6aacb1,0,1,0,0.45550117234255855,3,543,544,544
mode_plus_indicator,2,1b13de9667a1c75c937b869c9712b13162197cb3cecd6a46d0a43d83cc10c822,1,0,1,0.9898976678725632,3,565,566,566
mode_plus_indicator,2,d30faafdfabaf1b0603ee349f3994cc850fb9581abb48b270769113a399439cc,0,1,0,0.17420573992184374,3,568,569,569
mode_plus_indicator,2,9af78ef35e19aad8c614167387840ddc427d6ba06741bbc5ed79b11923844b40,1,0,1,0.9984392960924422,3,572,573,573
mode_plus_indicator,2,57406ef4552f43df3583eb064c14d18ff05a35a479c162a4facf5417fa6aacb1,0,1,0,0.45550117234255855,3,579,580,580
mode_plus_indicator,2,2a0f4f605cfcdc52d443d5510c0f07f62dadd3e503b339ea5a801c5c9abd5321,0,1,0,0.03868076707771895,3,583,584,584
mode_plus_indicator,2,74b17ea90d77b212c11109d27b9d3b9be35581a0cc2764adf81eb89a1ff7aabe,1,0,1,0.9687875164840251,4,584,585,585
mode_plus_indicator,2,d2f6d8bfdc925926b52b4aae864f595549c5c2af935859f00fa441a2540b23a2,1,0,1,0.9072902929643579,4,589,590,590
mode_plus_indicator,2,6fb7211a460e94d8a2ff0054bee1425482bcef1ce7adf232fa5758f42ba5b121,1,0,1,0.9223225505619562,4,608,609,609
mode_plus_indicator,2,cacd13fa97e54082499001d9a2fe3123d5447ae19ec99d1b4ab914b5b40f3620,1,0,1,0.9814929561754175,4,612,613,613
mode_plus_indicator,2,129187a6d1989b8cc9b57e85dc4d9895800f53b4ae4701f45a08e325b2376b74,1,0,1,0.9841442882163693,4,613,614,614
mode_plus_indicator,2,b0ec63e8037dab55904515a603da26c078d8e189ca3edff62640790278ee3e01,0,1,0,0.3369430004121442,3,617,618,618
mode_plus_indicator,2,757cb6c1021bfb2d04e492afa47e4ca576c7bdb0f2e1634ede080ae8788c08dd,1,0,1,0.5424210666025696,4,628,629,629
mode_plus_indicator,2,cd30b545269c64e3a3a5898d73ac2d127104626770f16dddc903ebcb82750600,0,1,0,0.345726958481363,3,636,637,637
mode_plus_indicator,2,74d43fe49e4de4a3e8536759ef6eecd48658b73769dc6d3bfaba40e1fa2d20ef,1,0,1,0.5408802893767582,3,637,638,638
mode_plus_indicator,2,76188df7212d02fe6400921583c3af92cec04bccde92adf10fbff387728c06bb,0,1,1,0.5704306020174019,3,641,642,642
mode_plus_indicator,2,0dee614e6d81244540b4166c994f0559c9efce5766765c3e78fcdf5e9c7b7e3f,1,0,1,0.9967453635564182,3,651,652,652
mode_plus_indicator,2,3a9042a29b3fdd27f4ee67ed178246094baf68a7233571b46398b0ecc1016bed,0,1,0,0.0170924504541589,4,652,653,653
mode_plus_indicator,2,b56e85f3c7bed8b1bda063f6031ee521ee982cf9f767cb14c5091aaf64bffeab,0,1,0,0.02594125062676901,3,653,654,654
mode_plus_indicator,2,9e38f577755af30ef9073f9811650f8b5e27d31fa538abb028c7257b5938854a,1,0,1,0.9299759602618118,4,654,655,655
mode_plus_indicator,2,b56e85f3c7bed8b1bda063f6031ee521ee982cf9f767cb14c5091aaf64bffeab,0,1,0,0.02594125062676901,3,665,666,666
mode_plus_indicator,2,120c066e96fbf896a39fd17defc80d0d3914bd808fdfa0bb021e353ed8901859,0,1,0,0.4817558327328425,4,674,675,675
mode_plus_indicator,2,37a5ca2f4a45de7fab333b84741ad58cc9f825d41d59b1164bce5f6f8ff371dc,0,1,0,0.04524153531748582,3,681,682,682
mode_plus_indicator,2,74b17ea90d77b212c11109d27b9d3b9be35581a0cc2764adf81eb89a1ff7aabe,1,0,1,0.9687875164840251,4,684,685,685
mode_plus_indicator,2,7fa477610afc161c8c6896002d27de9519656c1dc1e45ca94e675e67d6b62df4,1,0,0,0.16809777397746412,3,685,686,686
mode_plus_indicator,2,b8e349b1ba6e3b96024138700a9f65e0b547880c5d961e044b3b1316973d8a13,1,0,1,0.8510224504268684,3,696,697,697
mode_plus_indicator,2,b8e349b1ba6e3b96024138700a9f65e0b547880c5d961e044b3b1316973d8a13,1,0,1,0.8510224504268684,3,700,701,701
mode_plus_indicator,2,d30faafdfabaf1b0603ee349f3994cc850fb9581abb48b270769113a399439cc,0,1,0,0.17420573992184374,3,701,702,702
mode_plus_indicator,2,f8d7191c33cd66e4036928b32a526d0e7092e626e266655498b2fb7fa268b982,1,0,1,0.9372448173345793,4,702,703,703
mode_plus_indicator,2,cf47d8d0b7538dc2494a4bd2ff50962532ffa8063831c87277198fc7856d1113,0,1,1,0.7155352743112167,3,704,705,705
mode_plus_indicator,2,60cfc9ffcb5c94cd7a137909b9ae5d39e77d0510aafc957c78fed02cdcb5a264,0,1,0,0.0057917555414030335,3,709,710,710
mode_plus_indicator,2,789ca93868a1160ef0149b26f44f6db86d70b66095514fabd8e42fc41e0fd745,0,1,0,0.2354960202983803,4,711,712,712
mode_plus_indicator,2,f8d7191c33cd66e4036928b32a526d0e7092e626e266655498b2fb7fa268b982,1,0,1,0.9372448173345793,4,712,713,713
mode_plus_indicator,2,b56e85f3c7bed8b1bda063f6031ee521ee982cf9f767cb14c5091aaf64bffeab,0,1,0,0.02594125062676901,3,714,715,715
mode_plus_indicator,2,cacd13fa97e54082499001d9a2fe3123d5447ae19ec99d1b4ab914b5b40f3620,1,0,1,0.9814929561754175,4,717,718,718
mode_plus_indicator,2,789ca93868a1160ef0149b26f44f6db86d70b66095514fabd8e42fc41e0fd745,0,1,0,0.2354960202983803,4,728,729,729
mode_plus_indicator,2,2a0f4f605cfcdc52d443d5510c0f07f62dadd3e503b339ea5a801c5c9abd5321,0,1,0,0.03868076707771895,3,751,752,752
mode_plus_indicator,2,789ca93868a1160ef0149b26f44f6db86d70b66095514fabd8e42fc41e0fd745,0,1,0,0.2354960202983803,4,763,764,764
mode_plus_indicator,2,e730d621d57973dddae599c97a7d6066b1465945227bfcd5e8eb81b50c9b32f8,1,0,1,0.988618492903141,4,765,766,766
mode_plus_indicator,2,1b06c566472cb1ec33bf7e37c86c2cb32d5247e2d414507bc5a2d80facf48cfd,1,0,1,0.9804787269485491,3,768,769,769
mode_plus_indicator,2,3019eb9e1e2b3b50d39f08ab776beb802ed15d5fc99de6ec9091db4070eb02d5,0,1,0,0.3812550719996817,4,771,772,772
mode_plus_indicator,2,dd2800b0ea96c66364f3306ccd1a5ab6ea03c8388eca414925b643e74a6cb5ac,0,1,1,0.5759952672982647,3,772,773,773
mode_plus_indicator,2,d2f6d8bfdc925926b52b4aae864f595549c5c2af935859f00fa441a2540b23a2,1,0,1,0.9072902929643579,4,777,778,778
mode_plus_indicator,2,1c7f4c143bea5753cfffa7db6bc57e8ef8757cfb6ad73cc78c2a324f18bbf8d5,0,1,0,0.034247337736231565,4,784,785,785
mode_plus_indicator,2,7f6eb87a7a0f0e7c7a774f4a858d04d3733168da28f6b25ac8cc3f36a4d9791f,0,1,0,0.22824900067576934,3,785,786,786
mode_plus_indicator,2,1b06c566472cb1ec33bf7e37c86c2cb32d5247e2d414507bc5a2d80facf48cfd,1,0,1,0.9804787269485491,3,793,794,794
mode_plus_indicator,2,60cfc9ffcb5c94cd7a137909b9ae5d39e77d0510aafc957c78fed02cdcb5a264,0,1,0,0.0057917555414030335,3,794,795,795
mode_plus_indicator,2,3019eb9e1e2b3b50d39f08ab776beb802ed15d5fc99de6ec9091db4070eb02d5,0,1,0,0.3812550719996817,4,797,798,798
mode_plus_indicator,2,b0ec63e8037dab55904515a603da26c078d8e189ca3edff62640790278ee3e01,0,1,0,0.3369430004121442,3,800,801,801
mode_plus_indicator,2,61378bf2c4a1c06a1e183a872365216e3b2b8f60f7caf2e2ec42580ad3ed365f,1,0,1,0.9641432193009581,4,811,812,812
mode_plus_indicator,2,129187a6d1989b8cc9b57e85dc4d9895800f53b4ae4701f45a08e325b2376b74,1,0,1,0.9841442882163693,4,820,821,821
mode_plus_indicator,2,1b5f089a7c6d6cbe4752e5a0476366179819182b598d80d7ff25d6a34fc0111f,1,0,1,0.9749167557920051,4,821,822,822
mode_plus_indicator,2,0360d1fe51073754b3d7e916e181429845ca593d2283b305477af36399e10e0a,0,1,0,0.019067392949355694,4,827,828,828
mode_plus_indicator,2,6fb7211a460e94d8a2ff0054bee1425482bcef1ce7adf232fa5758f42ba5b121,1,0,1,0.9223225505619562,4,835,836,836
mode_plus_indicator,2,f571f0cd4c431f4b48997a331dd42b1029a286f870eb5192eb628a62b4db0f30,1,0,1,0.9915230895600217,4,845,846,846
mode_plus_indicator,2,1b13de9667a1c75c937b869c9712b13162197cb3cecd6a46d0a43d83cc10c822,1,0,1,0.9898976678725632,3,846,847,847
mode_plus_indicator,2,b0ec63e8037dab55904515a603da26c078d8e189ca3edff62640790278ee3e01,0,1,0,0.3369430004121442,3,858,859,859
mode_plus_indicator,2,7b4cb154cd8c96042bc5aa6fbfaa724dc9d8e687f6b7683bd7ad946a959c57c3,0,1,0,0.01112704180236938,3,867,868,868
mode_plus_indicator,2,1c7f4c143bea5753cfffa7db6bc57e8ef8757cfb6ad73cc78c2a324f18bbf8d5,0,1,0,0.034247337736231565,4,869,870,870
mode_plus_indicator,2,1b5f089a7c6d6cbe4752e5a0476366179819182b598d80d7ff25d6a34fc0111f,1,0,1,0.9749167557920051,4,877,878,878
mode_plus_indicator,2,cf47d8d0b7538dc2494a4bd2ff50962532ffa8063831c87277198fc7856d1113,0,1,1,0.7155352743112167,3,888,889,889
mode_plus_indicator,2,cacd13fa97e54082499001d9a2fe3123d5447ae19ec99d1b4ab914b5b40f3620,1,0,1,0.9814929561754175,4,891,892,892
mode_plus_indicator,2,2a0f4f605cfcdc52d443d5510c0f07f62dadd3e503b339ea5a801c5c9abd5321,0,1,0,0.03868076707771895,3,905,906,906
mode_plus_indicator,2,0dee614e6d81244540b4166c994f0559c9efce5766765c3e78fcdf5e9c7b7e3f,1,0,1,0.9967453635564182,3,909,910,910
mode_plus_indicator,2,f8d7191c33cd66e4036928b32a526d0e7092e626e266655498b2fb7fa268b982,1,0,1,0.9372448173345793,4,913,914,914
mode_plus_indicator,2,ba76646a6cd8bac9a3915000fd01b2c6f72767317e7a127d3c76c2a3528e15cf,1,0,1,0.6486693097059043,4,916,917,917
mode_plus_indicator,2,757cb6c1021bfb2d04e492afa47e4ca576c7bdb0f2e1634ede080ae8788c08dd,1,0,1,0.5424210666025696,4,920,921,921
mode_plus_indicator,2,c55a7e160850b5600d39fdf91e2748ce9a6052c5453da5253e012c334394a10f,0,1,0,0.14458494998366608,3,923,924,924
mode_plus_indicator,2,97c28d190215d11fe23f3d9daeb08b08876a6ba9a0b50b9f20e083c3dfdf063d,0,1,0,0.20950793211441762,3,933,934,934
mode_plus_indicator,2,757cb6c1021bfb2d04e492afa47e4ca576c7bdb0f2e1634ede080ae8788c08dd,1,0,1,0.5424210666025696,4,934,935,935
mode_plus_indicator,2,0360d1fe51073754b3d7e916e181429845ca593d2283b305477af36399e10e0a,0,1,0,0.019067392949355694,4,935,936,936
mode_plus_indicator,2,1c7f4c143bea5753cfffa7db6bc57e8ef8757cfb6ad73cc78c2a324f18bbf8d5,0,1,0,0.034247337736231565,4,936,937,937
mode_plus_indicator,2,0548dc97d6bdab333330eded8112df676bd49389532fe8b0d4aa3410887c1912,0,1,0,0.06401164586640769,3,940,941,941
mode_plus_indicator,2,bc01e9feb2ba2f4c340bc6785a4e3b676a96f1532ea05cc4a644d35d872b0762,0,1,0,0.03782139617428945,3,942,943,943
mode_plus_indicator,2,b638ab645482db4e738d7d3eb39bd66b3f32590e2de9c2fe379d9e510078ac26,1,0,1,0.9901980481778049,4,951,952,952
mode_plus_indicator,2,dd2800b0ea96c66364f3306ccd1a5ab6ea03c8388eca414925b643e74a6cb5ac,0,1,1,0.5759952672982647,3,954,955,955
mode_plus_indicator,2,cd30b545269c64e3a3a5898d73ac2d127104626770f16dddc903ebcb82750600,0,1,0,0.345726958481363,3,955,956,956
mode_plus_indicator,2,bc01e9feb2ba2f4c340bc6785a4e3b676a96f1532ea05cc4a644d35d872b0762,0,1,0,0.03782139617428945,3,961,962,962
mode_plus_indicator,2,60cfc9ffcb5c94cd7a137909b9ae5d39e77d0510aafc957c78fed02cdcb5a264,0,1,0,0.0057917555414030335,3,968,969,969
mode_plus_indicator,2,5c0b540b637e788c8fc043df421a9c0558a171671432a84b540cbe2534cc5ad0,0,1,0,0.11374532063886214,3,974,975,975
mode_plus_indicator,2,f571f0cd4c431f4b48997a331dd42b1029a286f870eb5192eb628a62b4db0f30,1,0,1,0.9915230895600217,4,989,990,990
mode_plus_indicator,2,ae8873c61d6232fd878a5a241d1017471f0aebad3c70e67f6a80dea02d16c8e8,1,0,1,0.9455263566322151,3,994,995,995
mode_plus_indicator,2,c55a7e160850b5600d39fdf91e2748ce9a6052c5453da5253e012c334394a10f,0,1,0,0.14458494998366608,3,996,997,997
mode_plus_indicator,2,6fb7211a460e94d8a2ff0054bee1425482bcef1ce7adf232fa5758f42ba5b121,1,0,1,0.9223225505619562,4,999,1000,1000
mode_plus_indicator,2,97c28d190215d11fe23f3d9daeb08b08876a6ba9a0b50b9f20e083c3dfdf063d,0,1,0,0.20950793211441762,3,1005,1006,1006
mode_plus_indicator,2,cacd13fa97e54082499001d9a2fe3123d5447ae19ec99d1b4ab914b5b40f3620,1,0,1,0.9814929561754175,4,1006,1007,1007
mode_plus_indicator,2,37a5ca2f4a45de7fab333b84741ad58cc9f825d41d59b1164bce5f6f8ff371dc,0,1,0,0.04524153531748582,3,1009,1010,1010
mode_plus_indicator,3,066522f7a92b25978c09d7c8f84df1d54215614115225febfce2e971becee109,0,1,0,0.10633653528577364,4,11,12,12
mode_plus_indicator,3,ce6c68d3a1dbbc1ae9570521fb65beccfea82c109ae978f1d8156ea50eeec3c9,0,1,0,0.006577557212709763,3,13,14,14
mode_plus_indicator,3,c81d1ba7569fbf0299d326ae4b6ce4b00fb82dcde7b7ad70ec772faf9904f555,1,0,0,0.4409005410821512,4,15,16,16
mode_plus_indicator,3,ce6c68d3a1dbbc1ae9570521fb65beccfea82c109ae978f1d8156ea50eeec3c9,0,1,0,0.006577557212709763,3,16,17,17
mode_plus_indicator,3,74263a0590c0f5edcafddc6cf3bb13930ed7c8a19ce7c02afbdf8049227b5a24,0,1,0,0.018631593606617227,4,20,21,21
mode_plus_indicator,3,f99c9fde728ed0f8a12d0956907d6fef9f90c3e8772e33f88d418df81e50de3a,0,1,0,0.23914135856337213,3,22,23,23
mode_plus_indicator,3,5c2b48acf547b55cf9c87fa708c9357aa01caa36724f2c43da32b8023347319e,1,0,1,0.9646442610064503,3,34,35,35
mode_plus_indicator,3,6b6195468415ac0d72b7ab37b44c6583abf461c24d10c1bc6548e3d5a83bba6f,0,1,0,0.1531105608697659,3,38,39,39
mode_plus_indicator,3,12da9bc52d27e6191d4e5541a326452567b4d5dee368ffd05c10e6dadefc757e,0,1,0,0.10059013420370434,3,46,47,47
mode_plus_indicator,3,7571ee92bbc9fe16a5ad1579363ef8649ab489f854db348d7d9c4c1e7efc75e9,0,1,0,0.30948742309697447,3,57,58,58
mode_plus_indicator,3,8f55318caaf3927568c5480202057f4c3b39b0a86cf41a6db167fdc77ab9fe39,1,0,0,0.3294041281554177,4,59,60,60
mode_plus_indicator,3,b9be251a4fda0f81d816d42257c61aaced7bedf8dc314ba8934eb4c24378f9eb,0,1,0,0.0277766643597788,3,64,65,65
mode_plus_indicator,3,849ae80134bf91e463f2f63b372716e308875ff01244b9d8bee2aba9c5eb9f41,1,0,1,0.5742162093330442,3,81,82,82
mode_plus_indicator,3,81bd778b049e7b92197bbaf720877992dbb11553313d9ab43f1528ac1616745d,0,1,0,0.01781006090576047,4,86,87,87
mode_plus_indicator,3,74263a0590c0f5edcafddc6cf3bb13930ed7c8a19ce7c02afbdf8049227b5a24,0,1,0,0.018631593606617227,4,87,88,88
mode_plus_indicator,3,9d1210a366042f16f58716a0b2aa2b5521cdf17b75a645c3a5f9a2a3f009892e,1,0,1,0.835782658761453,4,89,90,90
mode_plus_indicator,3,ce64b99dd7879fab4a416b2b107278957d097722e511c122dcfacffba1d6aa7c,0,1,0,0.023619647964982702,4,92,93,93
mode_plus_indicator,3,01b2d02e21c70f7adceafe2a74bb7d81a2fd07bf8680e73a3454ba24b0f75e7e,0,1,0,0.0986863914814937,4,103,104,104
mode_plus_indicator,3,7aca4477c2989c14361a39ad10723de9580751a6b47f57474f7978ed10fd5f78,1,0,1,0.9540924154830548,4,106,107,107
mode_plus_indicator,3,e6a79fde0b768ebd318484a3a32160e6da306eb998fdbc5cb94c76b53b8d0497,1,0,1,0.9899094626645935,4,114,115,115
mode_plus_indicator,3,01b2d02e21c70f7adceafe2a74bb7d81a2fd07bf8680e73a3454ba24b0f75e7e,0,1,0,0.0986863914814937,4,121,122,122
mode_plus_indicator,3,8fce5508f36278d370665df53df181a14de66990b95b69e77e69ef7487b21b0b,1,0,1,0.9912268203387591,4,125,126,126
mode_plus_indicator,3,01b2d02e21c70f7adceafe2a74bb7d81a2fd07bf8680e73a3454ba24b0f75e7e,0,1,0,0.0986863914814937,4,135,136,136
mode_plus_indicator,3,7d1a0d7b51fc1ca79344034ee06dac9db61da107e30bb307a34cbf260c4c303e,1,0,1,0.5973585133917266,4,143,144,144
mode_plus_indicator,3,178a78be273c187af69c4c36804102052b935fcffe2c0a83f38d884e6432c23e,1,0,0,0.393203792965974,3,148,149,149
mode_plus_indicator,3,cc0fc219a020bff908f6e6eb7bbec747dd8a68c3d92461f4ccf417b985254a0d,0,1,0,0.03316929975551072,3,150,151,151
mode_plus_indicator,3,01b2d02e21c70f7adceafe2a74bb7d81a2fd07bf8680e73a3454ba24b0f75e7e,0,1,0,0.0986863914814937,4,156,157,157
mode_plus_indicator,3,bf48fb6cbf53057d3b546db601b53563f5b011ddcc2268b459f693500a06ab7a,0,1,0,0.0727776160661141,4,162,163,163
mode_plus_indicator,3,1d51ec110e8e21b17cc0b4768ea24be1f7374646eb4f366556bceb09cb733e19,1,0,1,0.7590239469268935,3,164,165,165
mode_plus_indicator,3,5a826db633bc4287d736ccab62222f706dd6bae2431d9e023c4519c2dbf74dbf,1,0,1,0.5471086633199836,4,190,191,191
mode_plus_indicator,3,b9be251a4fda0f81d816d42257c61aaced7bedf8dc314ba8934eb4c24378f9eb,0,1,0,0.0277766643597788,3,196,197,197
mode_plus_indicator,3,f0ad337c1acc1781789c6091d8003ba7a56eff910eb6a35154877cc1b87e6e4e,0,1,0,0.01806621278538876,3,199,200,200
mode_plus_indicator,3,ce64b99dd7879fab4a416b2b107278957d097722e511c122dcfacffba1d6aa7c,0,1,0,0.023619647964982702,4,201,202,202
mode_plus_indicator,3,620cc12069aca5ccf15c41fba13c7c8c9222ee69785e8bf549d69a2c43c490b4,1,0,0,0.15634681592650224,3,221,222,222
mode_plus_indicator,3,2e962eaae036270df658e4a4408980b6924f8f3ae4e353de90879894c10eeffa,0,1,0,0.02005989250293795,3,232,233,233
mode_plus_indicator,3,524e62aa99d66a1475c941c30fcc40cbc63c9ac4f02a66c2797f0af0e68cec0c,0,1,0,0.04193875533867727,3,235,236,236
mode_plus_indicator,3,8f55318caaf3927568c5480202057f4c3b39b0a86cf41a6db167fdc77ab9fe39,1,0,0,0.3294041281554177,4,242,243,243
mode_plus_indicator,3,06af32be1fea11cafb8a39d95c9a43fc43ed522f2c1e3b737c37648a2f736f40,0,1,0,0.031002110425767386,3,246,247,247
mode_plus_indicator,3,7aca4477c2989c14361a39ad10723de9580751a6b47f57474f7978ed10fd5f78,1,0,1,0.9540924154830548,4,251,252,252
mode_plus_indicator,3,58575998326d6f39bc9f021302255ed4cb8e71ba926847810c3c6107062b2305,0,1,0,0.05920524782703931,4,257,258,258
mode_plus_indicator,3,4cf48cafc68ff8e922d89b0238322bfcf427064a08f1ce306dfb7b1039209bc1,1,0,1,0.8081755668483448,4,269,270,270
mode_plus_indicator,3,2bc8c2b9337b71f266f35585dc762c806965b51c582af7c8c5a0e47aeeccef54,0,1,0,0.040334538688253874,4,270,271,271
mode_plus_indicator,3,cc5f448a32badd8210c0774fd170aa0efc4f7b9f1c5c4115cf660017252ec109,0,1,1,0.6990645875878989,4,275,276,276
mode_plus_indicator,3,06af32be1fea11cafb8a39d95c9a43fc43ed522f2c1e3b737c37648a2f736f40,0,1,0,0.031002110425767386,3,278,279,279
mode_plus_indicator,3,9c97fd04daf2e276f6870c8a09bc4f169510ecfb6b4efe771802e002cccd35e2,0,1,0,0.043561567663933064,4,281,282,282
mode_plus_indicator,3,4cf48cafc68ff8e922d89b0238322bfcf427064a08f1ce306dfb7b1039209bc1,1,0,1,0.8081755668483448,4,285,286,286
mode_plus_indicator,3,2bc8c2b9337b71f266f35585dc762c806965b51c582af7c8c5a0e47aeeccef54,0,1,0,0.040334538688253874,4,286,287,287
mode_plus_indicator,3,b9be251a4fda0f81d816d42257c61aaced7bedf8dc314ba8934eb4c24378f9eb,0,1,0,0.0277766643597788,3,294,295,295
mode_plus_indicator,3,81bd778b049e7b92197bbaf720877992dbb11553313d9ab43f1528ac1616745d,0,1,0,0.01781006090576047,4,308,309,309
mode_plus_indicator,3,8fce5508f36278d370665df53df181a14de66990b95b69e77e69ef7487b21b0b,1,0,1,0.9912268203387591,4,311,312,312
mode_plus_indicator,3,5c2b48acf547b55cf9c87fa708c9357aa01caa36724f2c43da32b8023347319e,1,0,1,0.9646442610064503,3,313,314,314
mode_plus_indicator,3,b0a89e4436a57c29cab621c76e7efd3b37c13e43cea5fadd38336b1c5ebddbe4,0,1,0,0.007813886564222102,3,322,323,323
mode_plus_indicator,3,e116e341f7f5f6dab22df090e03a21a207341fd36dffd8ce4b5450b87d6ad22c,1,0,1,0.8428207372211303,3,324,325,325
mode_plus_indicator,3,e116e341f7f5f6dab22df090e03a21a207341fd36dffd8ce4b5450b87d6ad22c,1,0,1,0.8428207372211303,3,346,347,347
mode_plus_indicator,3,c6e2d067bd47a9ef04baca30f3b47d6f4fab6b04fdb6fba2f4e35f574be7676b,1,0,1,0.5844687157323117,4,350,351,351
mode_plus_indicator,3,e6a79fde0b768ebd318484a3a32160e6da306eb998fdbc5cb94c76b53b8d0497,1,0,1,0.9899094626645935,4,353,354,354
mode_plus_indicator,3,389c4502d032aa2f0cc33a502e4200ba50509572bf9baab03efec659d0a94ac3,1,0,1,0.9855975098975205,3,357,358,358
mode_plus_indicator,3,620cc12069aca5ccf15c41fba13c7c8c9222ee69785e8bf549d69a2c43c490b4,1,0,0,0.15634681592650224,3,365,366,366
mode_plus_indicator,3,fb2158de6ed4e9a39d3bd3ad86365c118ca6951ca9356fce9ef06d503737df06,1,0,1,0.7546945318372044,3,367,368,368
mode_plus_indicator,3,cc5f448a32badd8210c0774fd170aa0efc4f7b9f1c5c4115cf660017252ec109,0,1,1,0.6990645875878989,4,376,377,377
mode_plus_indicator,3,4cf48cafc68ff8e922d89b0238322bfcf427064a08f1ce306dfb7b1039209bc1,1,0,1,0.8081755668483448,4,382,383,383
mode_plus_indicator,3,5c2e15695af92e59f03182c6a247d293720c0302b43330da5f3e2863d21df14c,0,1,0,0.13207113863231845,3,390,391,391
mode_plus_indicator,3,cc5f448a32badd8210c0774fd170aa0efc4f7b9f1c5c4115cf660017252ec109,0,1,1,0.6990645875878989,4,399,400,400
mode_plus_indicator,3,5c2e15695af92e59f03182c6a247d293720c0302b43330da5f3e2863d21df14c,0,1,0,0.13207113863231845,3,400,401,401
mode_plus_indicator,3,066522f7a92b25978c09d7c8f84df1d54215614115225febfce2e971becee109,0,1,0,0.10633653528577364,4,402,403,403
mode_plus_indicator,3,74263a0590c0f5edcafddc6cf3bb13930ed7c8a19ce7c02afbdf8049227b5a24,0,1,0,0.018631593606617227,4,407,408,408
mode_plus_indicator,3,ce64b99dd7879fab4a416b2b107278957d097722e511c122dcfacffba1d6aa7c,0,1,0,0.023619647964982702,4,419,420,420
mode_plus_indicator,3,63e4dfbbed757f4cc8618922654099706bf26d68fe2c1b8829540bde762c8c3a,0,1,0,0.24795302862708796,3,422,423,423
mode_plus_indicator,3,fd4f03a8e8f290d765c4275316ba719436b925169c2001d5c071a33cfd866652,0,1,0,0.019630634901227035,3,428,429,429
mode_plus_indicator,3,8f55318caaf3927568c5480202057f4c3b39b0a86cf41a6db167fdc77ab9fe39,1,0,0,0.3294041281554177,4,431,432,432
mode_plus_indicator,3,f0ad337c1acc1781789c6091d8003ba7a56eff910eb6a35154877cc1b87e6e4e,0,1,0,0.01806621278538876,3,433,434,434
mode_plus_indicator,3,fd4f03a8e8f290d765c4275316ba719436b925169c2001d5c071a33cfd866652,0,1,0,0.019630634901227035,3,444,445,445
mode_plus_indicator,3,06af32be1fea11cafb8a39d95c9a43fc43ed522f2c1e3b737c37648a2f736f40,0,1,0,0.031002110425767386,3,467,468,468
mode_plus_indicator,3,7aca4477c2989c14361a39ad10723de9580751a6b47f57474f7978ed10fd5f78,1,0,1,0.9540924154830548,4,468,469,469
mode_plus_indicator,3,cc0fc219a020bff908f6e6eb7bbec747dd8a68c3d92461f4ccf417b985254a0d,0,1,0,0.03316929975551072,3,479,480,480
mode_plus_indicator,3,1e299b803253cc89e2fb28de7e05884e01e4232409eb32444eb4ffbd20786704,1,0,1,0.9934906105097039,3,480,481,481
mode_plus_indicator,3,178a78be273c187af69c4c36804102052b935fcffe2c0a83f38d884e6432c23e,1,0,0,0.393203792965974,3,487,488,488
mode_plus_indicator,3,fd4f03a8e8f290d765c4275316ba719436b925169c2001d5c071a33cfd866652,0,1,0,0.019630634901227035,3,492,493,493
mode_plus_indicator,3,5a826db633bc4287d736ccab62222f706dd6bae2431d9e023c4519c2dbf74dbf,1,0,1,0.5471086633199836,4,493,494,494
mode_plus_indicator,3,066522f7a92b25978c09d7c8f84df1d54215614115225febfce2e971becee109,0,1,0,0.10633653528577364,4,501,502,502
mode_plus_indicator,3,58575998326d6f39bc9f021302255ed4cb8e71ba926847810c3c6107062b2305,0,1,0,0.05920524782703931,4,502,503,503
mode_plus_indicator,3,9c97fd04daf2e276f6870c8a09bc4f169510ecfb6b4efe771802e002cccd35e2,0,1,0,0.043561567663933064,4,504,505,505
mode_plus_indicator,3,8fce5508f36278d370665df53df181a14de66990b95b69e77e69ef7487b21b0b,1,0,1,0.9912268203387591,4,507,508,508
mode_plus_indicator,3,81bd778b049e7b92197bbaf720877992dbb11553313d9ab43f1528ac1616745d,0,1,0,0.01781006090576047,4,515,516,516
mode_plus_indicator,3,fb2158de6ed4e9a39d3bd3ad86365c118ca6951ca9356fce9ef06d503737df06,1,0,1,0.7546945318372044,3,525,526,526
mode_plus_indicator,3,ce64b99dd7879fab4a416b2b107278957d097722e511c122dcfacffba1d6aa7c,0,1,0,0.023619647964982702,4,528,529,529
mode_plus_indicator,3,f99c9fde728ed0f8a12d0956907d6fef9f90c3e8772e33f88d418df81e50de3a,0,1,0,0.23914135856337213,3,548,549,549
mode_plus_indicator,3,5a826db633bc4287d736ccab62222f706dd6bae2431d9e023c4519c2dbf74dbf,1,0,1,0.5471086633199836,4,587,588,588
mode_plus_indicator,3,389c4502d032aa2f0cc33a502e4200ba50509572bf9baab03efec659d0a94ac3,1,0,1,0.9855975098975205,3,588,589,589
mode_plus_indicator,3,5c2b48acf547b55cf9c87fa708c9357aa01caa36724f2c43da32b8023347319e,1,0,1,0.9646442610064503,3,593,594,594
mode_plus_indicator,3,bfcf790ee767993c70f3c276356be34beba834ec45b2f34e7497be74560a5f79,1,0,1,0.977825561142389,3,595,596,596
mode_plus_indicator,3,c6e2d067bd47a9ef04baca30f3b47d6f4fab6b04fdb6fba2f4e35f574be7676b,1,0,1,0.5844687157323117,4,601,602,602
mode_plus_indicator,3,2bc8c2b9337b71f266f35585dc762c806965b51c582af7c8c5a0e47aeeccef54,0,1,0,0.040334538688253874,4,606,607,607
mode_plus_indicator,3,bfcf790ee767993c70f3c276356be34beba834ec45b2f34e7497be74560a5f79,1,0,1,0.977825561142389,3,609,610,610
mode_plus_indicator,3,7d1a0d7b51fc1ca79344034ee06dac9db61da107e30bb307a34cbf260c4c303e,1,0,1,0.5973585133917266,4,624,625,625
mode_plus_indicator,3,4cf48cafc68ff8e922d89b0238322bfcf427064a08f1ce306dfb7b1039209bc1,1,0,1,0.8081755668483448,4,627,628,628
mode_plus_indicator,3,9c97fd04daf2e276f6870c8a09bc4f169510ecfb6b4efe771802e002cccd35e2,0,1,0,0.043561567663933064,4,633,634,634
mode_plus_indicator,3,066522f7a92b25978c09d7c8f84df1d54215614115225febfce2e971becee109,0,1,0,0.10633653528577364,4,649,650,650
mode_plus_indicator,3,9c97fd04daf2e276f6870c8a09bc4f169510ecfb6b4efe771802e002cccd35e2,0,1,0,0.043561567663933064,4,650,651,651
mode_plus_indicator,3,620cc12069aca5ccf15c41fba13c7c8c9222ee69785e8bf549d69a2c43c490b4,1,0,0,0.15634681592650224,3,657,658,658
mode_plus_indicator,3,5a826db633bc4287d736ccab62222f706dd6bae2431d9e023c4519c2dbf74dbf,1,0,1,0.5471086633199836,4,659,660,660
mode_plus_indicator,3,6b6195468415ac0d72b7ab37b44c6583abf461c24d10c1bc6548e3d5a83bba6f,0,1,0,0.1531105608697659,3,660,661,661
mode_plus_indicator,3,e116e341f7f5f6dab22df090e03a21a207341fd36dffd8ce4b5450b87d6ad22c,1,0,1,0.8428207372211303,3,670,671,671
mode_plus_indicator,3,389c4502d032aa2f0cc33a502e4200ba50509572bf9baab03efec659d0a94ac3,1,0,1,0.9855975098975205,3,683,684,684
mode_plus_indicator,3,c81d1ba7569fbf0299d326ae4b6ce4b00fb82dcde7b7ad70ec772faf9904f555,1,0,0,0.4409005410821512,4,687,688,688
mode_plus_indicator,3,8f55318caaf3927568c5480202057f4c3b39b0a86cf41a6db167fdc77ab9fe39,1,0,0,0.3294041281554177,4,698,699,699
mode_plus_indicator,3,1e299b803253cc89e2fb28de7e05884e01e4232409eb32444eb4ffbd20786704,1,0,1,0.9934906105097039,3,706,707,707
mode_plus_indicator,3,3eadcf23d7d34c055b8ed2f17af7bf8e189759c0f48056da258ae29854ea0703,0,1,0,0.042630545981379005,3,724,725,725
mode_plus_indicator,3,1d51ec110e8e21b17cc0b4768ea24be1f7374646eb4f366556bceb09cb733e19,1,0,1,0.7590239469268935,3,727,728,728
mode_plus_indicator,3,81bd778b049e7b92197bbaf720877992dbb11553313d9ab43f1528ac1616745d,0,1,0,0.01781006090576047,4,731,732,732
mode_plus_indicator,3,c81d1ba7569fbf0299d326ae4b6ce4b00fb82dcde7b7ad70ec772faf9904f555,1,0,0,0.4409005410821512,4,735,736,736
mode_plus_indicator,3,8e95953bea6b4979261f7ca3a74a8cb34973c7acff9c3799e2c97e2dea05429a,1,0,1,0.8914156282171263,3,740,741,741
mode_plus_indicator,3,f0ad337c1acc1781789c6091d8003ba7a56eff910eb6a35154877cc1b87e6e4e,0,1,0,0.01806621278538876,3,745,746,746
mode_plus_indicator,3,bf48fb6cbf53057d3b546db601b53563f5b011ddcc2268b459f693500a06ab7a,0,1,0,0.0727776160661141,4,746,747,747
mode_plus_indicator,3,cc5f448a32badd8210c0774fd170aa0efc4f7b9f1c5c4115cf660017252ec109,0,1,1,0.6990645875878989,4,758,759,759
mode_plus_indicator,3,524e62aa99d66a1475c941c30fcc40cbc63c9ac4f02a66c2797f0af0e68cec0c,0,1,0,0.04193875533867727,3,762,763,763
mode_plus_indicator,3,e6a79fde0b768ebd318484a3a32160e6da306eb998fdbc5cb94c76b53b8d0497,1,0,1,0.9899094626645935,4,766,767,767
mode_plus_indicator,3,e6a79fde0b768ebd318484a3a32160e6da306eb998fdbc5cb94c76b53b8d0497,1,0,1,0.9899094626645935,4,767,768,768
mode_plus_indicator,3,2bc8c2b9337b71f266f35585dc762c806965b51c582af7c8c5a0e47aeeccef54,0,1,0,0.040334538688253874,4,770,771,771
mode_plus_indicator,3,b0a89e4436a57c29cab621c76e7efd3b37c13e43cea5fadd38336b1c5ebddbe4,0,1,0,0.007813886564222102,3,775,776,776
mode_plus_indicator,3,bf48fb6cbf53057d3b546db601b53563f5b011ddcc2268b459f693500a06ab7a,0,1,0,0.0727776160661141,4,776,777,777
mode_plus_indicator,3,ce6c68d3a1dbbc1ae9570521fb65beccfea82c109ae978f1d8156ea50eeec3c9,0,1,0,0.006577557212709763,3,780,781,781
mode_plus_indicator,3,7d1a0d7b51fc1ca79344034ee06dac9db61da107e30bb307a34cbf260c4c303e,1,0,1,0.5973585133917266,4,795,796,796
mode_plus_indicator,3,5c2e15695af92e59f03182c6a247d293720c0302b43330da5f3e2863d21df14c,0,1,0,0.13207113863231845,3,802,803,803
mode_plus_indicator,3,9d1210a366042f16f58716a0b2aa2b5521cdf17b75a645c3a5f9a2a3f009892e,1,0,1,0.835782658761453,4,813,814,814
mode_plus_indicator,3,9d1210a366042f16f58716a0b2aa2b5521cdf17b75a645c3a5f9a2a3f009892e,1,0,1,0.835782658761453,4,822,823,823
mode_plus_indicator,3,bf48fb6cbf53057d3b546db601b53563f5b011ddcc2268b459f693500a06ab7a,0,1,0,0.0727776160661141,4,831,832,832
mode_plus_indicator,3,58575998326d6f39bc9f021302255ed4cb8e71ba926847810c3c6107062b2305,0,1,0,0.05920524782703931,4,842,843,843
mode_plus_indicator,3,fb2158de6ed4e9a39d3bd3ad86365c118ca6951ca9356fce9ef06d503737df06,1,0,1,0.7546945318372044,3,843,844,844
mode_plus_indicator,3,40d1a60b3b046c23fac890cfd6cd24ed7988972f4fd5338af1885872acba6a1d,1,0,0,0.0801908084779217,3,844,845,845
mode_plus_indicator,3,58575998326d6f39bc9f021302255ed4cb8e71ba926847810c3c6107062b2305,0,1,0,0.05920524782703931,4,847,848,848
mode_plus_indicator,3,8e95953bea6b4979261f7ca3a74a8cb34973c7acff9c3799e2c97e2dea05429a,1,0,1,0.8914156282171263,3,850,851,851
mode_plus_indicator,3,8e95953bea6b4979261f7ca3a74a8cb34973c7acff9c3799e2c97e2dea05429a,1,0,1,0.8914156282171263,3,853,854,854
mode_plus_indicator,3,3eadcf23d7d34c055b8ed2f17af7bf8e189759c0f48056da258ae29854ea0703,0,1,0,0.042630545981379005,3,857,858,858
mode_plus_indicator,3,3eadcf23d7d34c055b8ed2f17af7bf8e189759c0f48056da258ae29854ea0703,0,1,0,0.042630545981379005,3,859,860,860
mode_plus_indicator,3,40d1a60b3b046c23fac890cfd6cd24ed7988972f4fd5338af1885872acba6a1d,1,0,0,0.0801908084779217,3,865,866,866
mode_plus_indicator,3,2e962eaae036270df658e4a4408980b6924f8f3ae4e353de90879894c10eeffa,0,1,0,0.02005989250293795,3,870,871,871
mode_plus_indicator,3,b0a89e4436a57c29cab621c76e7efd3b37c13e43cea5fadd38336b1c5ebddbe4,0,1,0,0.007813886564222102,3,871,872,872
mode_plus_indicator,3,cc0fc219a020bff908f6e6eb7bbec747dd8a68c3d92461f4ccf417b985254a0d,0,1,0,0.03316929975551072,3,872,873,873
mode_plus_indicator,3,40d1a60b3b046c23fac890cfd6cd24ed7988972f4fd5338af1885872acba6a1d,1,0,0,0.0801908084779217,3,875,876,876
mode_plus_indicator,3,6b6195468415ac0d72b7ab37b44c6583abf461c24d10c1bc6548e3d5a83bba6f,0,1,0,0.1531105608697659,3,880,881,881
mode_plus_indicator,3,1d51ec110e8e21b17cc0b4768ea24be1f7374646eb4f366556bceb09cb733e19,1,0,1,0.7590239469268935,3,884,885,885
mode_plus_indicator,3,8fce5508f36278d370665df53df181a14de66990b95b69e77e69ef7487b21b0b,1,0,1,0.9912268203387591,4,887,888,888
mode_plus_indicator,3,c81d1ba7569fbf0299d326ae4b6ce4b00fb82dcde7b7ad70ec772faf9904f555,1,0,0,0.4409005410821512,4,894,895,895
mode_plus_indicator,3,c6e2d067bd47a9ef04baca30f3b47d6f4fab6b04fdb6fba2f4e35f574be7676b,1,0,1,0.5844687157323117,4,896,897,897
mode_plus_indicator,3,63e4dfbbed757f4cc8618922654099706bf26d68fe2c1b8829540bde762c8c3a,0,1,0,0.24795302862708796,3,899,900,900
mode_plus_indicator,3,7d1a0d7b51fc1ca79344034ee06dac9db61da107e30bb307a34cbf260c4c303e,1,0,1,0.5973585133917266,4,901,902,902
mode_plus_indicator,3,63e4dfbbed757f4cc8618922654099706bf26d68fe2c1b8829540bde762c8c3a,0,1,0,0.24795302862708796,3,902,903,903
mode_plus_indicator,3,9d1210a366042f16f58716a0b2aa2b5521cdf17b75a645c3a5f9a2a3f009892e,1,0,1,0.835782658761453,4,903,904,904
mode_plus_indicator,3,12da9bc52d27e6191d4e5541a326452567b4d5dee368ffd05c10e6dadefc757e,0,1,0,0.10059013420370434,3,907,908,908
mode_plus_indicator,3,849ae80134bf91e463f2f63b372716e308875ff01244b9d8bee2aba9c5eb9f41,1,0,1,0.5742162093330442,3,911,912,912
mode_plus_indicator,3,7571ee92bbc9fe16a5ad1579363ef8649ab489f854db348d7d9c4c1e7efc75e9,0,1,0,0.30948742309697447,3,946,947,947
mode_plus_indicator,3,c6e2d067bd47a9ef04baca30f3b47d6f4fab6b04fdb6fba2f4e35f574be7676b,1,0,1,0.5844687157323117,4,952,953,953
mode_plus_indicator,3,524e62aa99d66a1475c941c30fcc40cbc63c9ac4f02a66c2797f0af0e68cec0c,0,1,0,0.04193875533867727,3,957,958,958
mode_plus_indicator,3,849ae80134bf91e463f2f63b372716e308875ff01244b9d8bee2aba9c5eb9f41,1,0,1,0.5742162093330442,3,958,959,959
mode_plus_indicator,3,f99c9fde728ed0f8a12d0956907d6fef9f90c3e8772e33f88d418df81e50de3a,0,1,0,0.23914135856337213,3,983,984,984
mode_plus_indicator,3,2e962eaae036270df658e4a4408980b6924f8f3ae4e353de90879894c10eeffa,0,1,0,0.02005989250293795,3,991,992,992
mode_plus_indicator,3,bfcf790ee767993c70f3c276356be34beba834ec45b2f34e7497be74560a5f79,1,0,1,0.977825561142389,3,1001,1002,1002
mode_plus_indicator,3,12da9bc52d27e6191d4e5541a326452567b4d5dee368ffd05c10e6dadefc757e,0,1,0,0.10059013420370434,3,1002,1003,1003
mode_plus_indicator,3,74263a0590c0f5edcafddc6cf3bb13930ed7c8a19ce7c02afbdf8049227b5a24,0,1,0,0.018631593606617227,4,1007,1008,1008
mode_plus_indicator,3,7571ee92bbc9fe16a5ad1579363ef8649ab489f854db348d7d9c4c1e7efc75e9,0,1,0,0.30948742309697447,3,1008,1009,1009
mode_plus_indicator,3,1e299b803253cc89e2fb28de7e05884e01e4232409eb32444eb4ffbd20786704,1,0,1,0.9934906105097039,3,1016,1017,1017
mode_plus_indicator,3,178a78be273c187af69c4c36804102052b935fcffe2c0a83f38d884e6432c23e,1,0,0,0.393203792965974,3,1019,1020,1020
mode_plus_indicator,3,7aca4477c2989c14361a39ad10723de9580751a6b47f57474f7978ed10fd5f78,1,0,1,0.9540924154830548,4,1023,1024,1024
mode_plus_indicator,4,eccf1293fca65adfe383732981fadacced2c99c1eebaf28a15371204a6c92270,1,0,1,0.7853094727696449,4,4,5,5
mode_plus_indicator,4,a53941766e6dcccf9c9394bc28d736edcd6812cbea84f16179abd03b796f5ec7,0,1,0,0.15365120771438576,3,6,7,7
mode_plus_indicator,4,13de85647cb767115b90dc11946b4b68b3bf0df758589903b501a619b2b3b417,1,0,1,0.9568454936082285,4,12,13,13
mode_plus_indicator,4,e5c9900a36e1da52f16efd8fac68ba4cfecaa06c48f4a537af4ce62dc3acba63,0,1,0,0.008648319451115981,3,19,20,20
mode_plus_indicator,4,5a8d0043ad2df8d0f0c35b9d158a0b31ea8a63eb6f595c3f4a094660e70d4d0e,0,1,0,0.004913958815201272,3,24,25,25
mode_plus_indicator,4,e7e2449f4432e1c84b59cf7c038eccdaf3bc03994089a00dfd9cc30a019ab68f,0,1,0,0.013143533279217195,3,25,26,26
mode_plus_indicator,4,37017d97f2466972966c94e197ae3183b56c0eb6189f48ecbd798c6eae203126,1,0,0,0.354588887657935,4,31,32,32
mode_plus_indicator,4,e5c9900a36e1da52f16efd8fac68ba4cfecaa06c48f4a537af4ce62dc3acba63,0,1,0,0.008648319451115981,3,32,33,33
mode_plus_indicator,4,18d067330a032de550678dd02a4fc7def157655810459143f2a382dd21323a18,0,1,0,0.022597653707072406,3,41,42,42
mode_plus_indicator,4,f8d73caef322ee691205b1cd0841423e1f53618a514645cb0634a72d8435aced,1,0,0,0.034789883724980715,4,43,44,44
mode_plus_indicator,4,c9e7a1e3f5a720441980d54da64da6cc0704873f1611a6b7cf0be975f47747ec,0,1,0,0.03810941063898014,4,61,62,62
mode_plus_indicator,4,c9e7a1e3f5a720441980d54da64da6cc0704873f1611a6b7cf0be975f47747ec,0,1,0,0.03810941063898014,4,65,66,66
mode_plus_indicator,4,fedd5c70bb3c8a11fb43b60060935c094a31d5805eb1ed2fd15017ab9da91375,0,1,0,0.03726868374649059,3,67,68,68
mode_plus_indicator,4,3f021ab13bdcb8ae0e4820708ce8a75ac7d4ecd086ca3b3547275e9243e707ad,1,0,1,0.9789011164847768,3,70,71,71
mode_plus_indicator,4,df1d3b0f2248abab4fb12f8f9aa0bb8eb0474bc47842db922dee0baa5ec6bda1,1,0,1,0.8810952238395778,4,74,75,75
mode_plus_indicator,4,bba988a9d26ced6565527b09086c7aade67ef16213a33a6278b2ef3625373529,0,1,0,0.182940363388265,3,77,78,78
mode_plus_indicator,4,1b1129ef327d069f1a34c42adb437deff3a6d17d68517228c77f803183c892ff,0,1,0,0.2039192354246145,3,79,80,80
mode_plus_indicator,4,1b1129ef327d069f1a34c42adb437deff3a6d17d68517228c77f803183c892ff,0,1,0,0.2039192354246145,3,80,81,81
mode_plus_indicator,4,37017d97f2466972966c94e197ae3183b56c0eb6189f48ecbd798c6eae203126,1,0,0,0.354588887657935,4,94,95,95
mode_plus_indicator,4,244d0e39518c8f541b6b8258b6e7cb298cd85acc70e95a648bf50b83332af195,1,0,1,0.9980369647639086,4,98,99,99
mode_plus_indicator,4,3fca6ad2af45e994867f0dc386a2e508f5ff6c0c16f41b5125089e51cf3be39e,1,0,1,0.5692513825399343,3,99,100,100
mode_plus_indicator,4,f16247d803620af74eeb494a3c09ac3e6acfdd0bf5a4af592731805fbed20719,0,1,0,0.016567085879835134,3,101,102,102
mode_plus_indicator,4,8b21c94eb86b1d9ba890e1cc38f18e999802fac53b4631c1731ee9107badae28,1,0,0,0.42733714056926575,4,109,110,110
mode_plus_indicator,4,cd9c8c6bc18516e3a9ac3fb1d6afa604d44229e73613770a4784f65ebb57b974,1,0,1,0.9737360027436014,4,117,118,118
mode_plus_indicator,4,c9e7a1e3f5a720441980d54da64da6cc0704873f1611a6b7cf0be975f47747ec,0,1,0,0.03810941063898014,4,119,120,120
mode_plus_indicator,4,37017d97f2466972966c94e197ae3183b56c0eb6189f48ecbd798c6eae203126,1,0,0,0.354588887657935,4,122,123,123
mode_plus_indicator,4,fedd5c70bb3c8a11fb43b60060935c094a31d5805eb1ed2fd15017ab9da91375,0,1,0,0.03726868374649059,3,128,129,129
mode_plus_indicator,4,1f83652fe17ea9ae57a330edf0e9cf8dd7680eda44b67707befa1bb75a531e0e,0,1,0,0.013162944665762863,3,129,130,130
mode_plus_indicator,4,1f5d179ce8e88b673dbee865916763858299c3e0dc63bb5c513c0b35cf6a46e1,0,1,0,0.17309643989252166,3,138,139,139
mode_plus_indicator,4,70fe8d752064d32a25fd5dfd2f306c301d8439811ba23cdb3194d3e25fb5a50e,1,0,1,0.9968773648415099,3,141,142,142
mode_plus_indicator,4,82a99de9fbb442105521d932e584019f8b8d46ace4ca08841c9711ef096cd4c5,0,1,0,0.39979720750168,3,149,150,150
mode_plus_indicator,4,8bb6305f62d0bcddd0bb27c82749e15f638e7fa04f1fd7cff8afe59356dc2cf8,1,0,1,0.9950111990302206,3,180,181,181
mode_plus_indicator,4,cd9c8c6bc18516e3a9ac3fb1d6afa604d44229e73613770a4784f65ebb57b974,1,0,1,0.9737360027436014,4,189,190,190
mode_plus_indicator,4,ec4d12033a1fd07b320e7d4cd8d5b4ee80c604728b96360e714545dfc9024b5b,0,1,0,0.07366708301995467,3,198,199,199
mode_plus_indicator,4,82a99de9fbb442105521d932e584019f8b8d46ace4ca08841c9711ef096cd4c5,0,1,0,0.39979720750168,3,203,204,204
mode_plus_indicator,4,cd9c8c6bc18516e3a9ac3fb1d6afa604d44229e73613770a4784f65ebb57b974,1,0,1,0.9737360027436014,4,222,223,223
mode_plus_indicator,4,c9e81c70995e4af02e24d4f22730abed6a955fc8aa4489391dcce8a780049d0c,1,0,1,0.9940096704060184,3,233,234,234
mode_plus_indicator,4,6b91d8af6046bb1b3bd4201ff0769b39a44b8575601f6844e89f4fbd8fa89d28,1,0,0,0.13493779139476036,4,238,239,239
mode_plus_indicator,4,1f5d179ce8e88b673dbee865916763858299c3e0dc63bb5c513c0b35cf6a46e1,0,1,0,0.17309643989252166,3,258,259,259
mode_plus_indicator,4,6a38a3aa130a38b6a6c9e4b293719c34f4ab16da218a8f81551d06e721cd67c9,0,1,0,0.01061469892678495,4,261,262,262
mode_plus_indicator,4,1eea40f77e57121da4b599eeb72ab1c5dd4b625c0ec1482606ace2528d3c07c8,0,1,0,0.06924379158671437,3,263,264,264
mode_plus_indicator,4,244d0e39518c8f541b6b8258b6e7cb298cd85acc70e95a648bf50b83332af195,1,0,1,0.9980369647639086,4,267,268,268
mode_plus_indicator,4,096b6ed78faef05c313ad9d51bcfad2e71cd63037cd77d8c7a591f2b5c7e6610,1,0,0,0.46485754085433856,4,268,269,269
mode_plus_indicator,4,c250cae60f244a16c2021f894c8325ca55e383e549055689d646fa3830107b01,0,1,0,0.2392759156430444,3,271,272,272
mode_plus_indicator,4,f4120adf75eab3565048aed3d1a7c55680beb59934877654a7db7c346038efb2,0,1,0,0.036638264727603384,3,280,281,281
mode_plus_indicator,4,8b21c94eb86b1d9ba890e1cc38f18e999802fac53b4631c1731ee9107badae28,1,0,0,0.42733714056926575,4,290,291,291
mode_plus_indicator,4,1f83652fe17ea9ae57a330edf0e9cf8dd7680eda44b67707befa1bb75a531e0e,0,1,0,0.013162944665762863,3,291,292,292
mode_plus_indicator,4,096b6ed78faef05c313ad9d51bcfad2e71cd63037cd77d8c7a591f2b5c7e6610,1,0,0,0.46485754085433856,4,297,298,298
mode_plus_indicator,4,495cc9be552f134bbd4f0e2c0176d48dba754b3dc99c138e97ae8f1fcf0edcb1,1,0,1,0.9000242648617263,3,298,299,299
mode_plus_indicator,4,5a8d0043ad2df8d0f0c35b9d158a0b31ea8a63eb6f595c3f4a094660e70d4d0e,0,1,0,0.004913958815201272,3,318,319,319
mode_plus_indicator,4,df1d3b0f2248abab4fb12f8f9aa0bb8eb0474bc47842db922dee0baa5ec6bda1,1,0,1,0.8810952238395778,4,319,320,320
mode_plus_indicator,4,6a8f170690918ae06c3ba2785b52b7ef0f41ec47d10d22255e8fce9fcab1a500,1,0,1,0.9966225371479742,3,323,324,324
mode_plus_indicator,4,495cc9be552f134bbd4f0e2c0176d48dba754b3dc99c138e97ae8f1fcf0edcb1,1,0,1,0.9000242648617263,3,336,337,337
mode_plus_indicator,4,6a38a3aa130a38b6a6c9e4b293719c34f4ab16da218a8f81551d06e721cd67c9,0,1,0,0.01061469892678495,4,342,343,343
mode_plus_indicator,4,0e456da1d5cf3ab7c2f5989ea69e0b08ec37617973a3f31b353534f530abe725,0,1,0,0.008767675610858373,3,343,344,344
mode_plus_indicator,4,fe294f19347477153461441681326d163ce2d6aeea6650f20536e917b90285e4,0,1,0,0.18483076042287824,3,344,345,345
mode_plus_indicator,4,6b91d8af6046bb1b3bd4201ff0769b39a44b8575601f6844e89f4fbd8fa89d28,1,0,0,0.13493779139476036,4,355,356,356
mode_plus_indicator,4,1eea40f77e57121da4b599eeb72ab1c5dd4b625c0ec1482606ace2528d3c07c8,0,1,0,0.06924379158671437,3,361,362,362
mode_plus_indicator,4,f16247d803620af74eeb494a3c09ac3e6acfdd0bf5a4af592731805fbed20719,0,1,0,0.016567085879835134,3,363,364,364
mode_plus_indicator,4,13de85647cb767115b90dc11946b4b68b3bf0df758589903b501a619b2b3b417,1,0,1,0.9568454936082285,4,371,372,372
mode_plus_indicator,4,096712ed40df97b119e2b1b3fe93efaac6885a8d6d0c0dcbca66350b83dfcb42,0,1,0,0.04518115340307972,3,375,376,376
mode_plus_indicator,4,8f4533f48e184729d8435c4595ac02b2a74540885869b0ab9fa1686400f47b38,0,1,0,0.04859447184914161,3,377,378,378
mode_plus_indicator,4,096b6ed78faef05c313ad9d51bcfad2e71cd63037cd77d8c7a591f2b5c7e6610,1,0,0,0.46485754085433856,4,379,380,380
mode_plus_indicator,4,495cc9be552f134bbd4f0e2c0176d48dba754b3dc99c138e97ae8f1fcf0edcb1,1,0,1,0.9000242648617263,3,384,385,385
mode_plus_indicator,4,e7e2449f4432e1c84b59cf7c038eccdaf3bc03994089a00dfd9cc30a019ab68f,0,1,0,0.013143533279217195,3,387,388,388
mode_plus_indicator,4,3f021ab13bdcb8ae0e4820708ce8a75ac7d4ecd086ca3b3547275e9243e707ad,1,0,1,0.9789011164847768,3,394,395,395
mode_plus_indicator,4,f4120adf75eab3565048aed3d1a7c55680beb59934877654a7db7c346038efb2,0,1,0,0.036638264727603384,3,411,412,412
mode_plus_indicator,4,1f83652fe17ea9ae57a330edf0e9cf8dd7680eda44b67707befa1bb75a531e0e,0,1,0,0.013162944665762863,3,418,419,419
mode_plus_indicator,4,18d067330a032de550678dd02a4fc7def157655810459143f2a382dd21323a18,0,1,0,0.022597653707072406,3,420,421,421
mode_plus_indicator,4,6a8f170690918ae06c3ba2785b52b7ef0f41ec47d10d22255e8fce9fcab1a500,1,0,1,0.9966225371479742,3,425,426,426
mode_plus_indicator,4,9df599a55e176e2bbd02f26573cddff6595c9e7dd473c30d09b2caba5734fd7e,1,0,1,0.7870647875763095,3,426,427,427
mode_plus_indicator,4,601e3a14e6bc701b040f7d9ae9cb1a6352a91cb827c681d07cc462fda59b4afb,1,0,1,0.9775773036433788,4,432,433,433
mode_plus_indicator,4,70fe8d752064d32a25fd5dfd2f306c301d8439811ba23cdb3194d3e25fb5a50e,1,0,1,0.9968773648415099,3,443,444,444
mode_plus_indicator,4,601e3a14e6bc701b040f7d9ae9cb1a6352a91cb827c681d07cc462fda59b4afb,1,0,1,0.9775773036433788,4,455,456,456
mode_plus_indicator,4,45864539a04450af431cb2a1048352fbcf3a2acc5fe2ce0bf92ec05650925d99,1,0,1,0.9310678094905777,3,461,462,462
mode_plus_indicator,4,bba988a9d26ced6565527b09086c7aade67ef16213a33a6278b2ef3625373529,0,1,0,0.182940363388265,3,462,463,463
mode_plus_indicator,4,c250cae60f244a16c2021f894c8325ca55e383e549055689d646fa3830107b01,0,1,0,0.2392759156430444,3,464,465,465
mode_plus_indicator,4,9df599a55e176e2bbd02f26573cddff6595c9e7dd473c30d09b2caba5734fd7e,1,0,1,0.7870647875763095,3,481,482,482
mode_plus_indicator,4,3fca6ad2af45e994867f0dc386a2e508f5ff6c0c16f41b5125089e51cf3be39e,1,0,1,0.5692513825399343,3,485,486,486
mode_plus_indicator,4,096712ed40df97b119e2b1b3fe93efaac6885a8d6d0c0dcbca66350b83dfcb42,0,1,0,0.04518115340307972,3,500,501,501
mode_plus_indicator,4,096712ed40df97b119e2b1b3fe93efaac6885a8d6d0c0dcbca66350b83dfcb42,0,1,0,0.04518115340307972,3,503,504,504
mode_plus_indicator,4,f4120adf75eab3565048aed3d1a7c55680beb59934877654a7db7c346038efb2,0,1,0,0.036638264727603384,3,518,519,519
mode_plus_indicator,4,eccf1293fca65adfe383732981fadacced2c99c1eebaf28a15371204a6c92270,1,0,1,0.7853094727696449,4,520,521,521
mode_plus_indicator,4,df1d3b0f2248abab4fb12f8f9aa0bb8eb0474bc47842db922dee0baa5ec6bda1,1,0,1,0.8810952238395778,4,521,522,522
mode_plus_indicator,4,eccf1293fca65adfe383732981fadacced2c99c1eebaf28a15371204a6c92270,1,0,1,0.7853094727696449,4,524,525,525
mode_plus_indicator,4,3f021ab13bdcb8ae0e4820708ce8a75ac7d4ecd086ca3b3547275e9243e707ad,1,0,1,0.9789011164847768,3,527,528,528
mode_plus_indicator,4,0e456da1d5cf3ab7c2f5989ea69e0b08ec37617973a3f31b353534f530abe725,0,1,0,0.008767675610858373,3,532,533,533
mode_plus_indicator,4,45864539a04450af431cb2a1048352fbcf3a2acc5fe2ce0bf92ec05650925d99,1,0,1,0.9310678094905777,3,551,552,552
mode_plus_indicator,4,13de85647cb767115b90dc11946b4b68b3bf0df758589903b501a619b2b3b417,1,0,1,0.9568454936082285,4,553,554,554
mode_plus_indicator,4,fedd5c70bb3c8a11fb43b60060935c094a31d5805eb1ed2fd15017ab9da91375,0,1,0,0.03726868374649059,3,554,555,555
mode_plus_indicator,4,df1d3b0f2248abab4fb12f8f9aa0bb8eb0474bc47842db922dee0baa5ec6bda1,1,0,1,0.8810952238395778,4,557,558,558
mode_plus_indicator,4,1eea40f77e57121da4b599eeb72ab1c5dd4b625c0ec1482606ace2528d3c07c8,0,1,0,0.06924379158671437,3,558,559,559
mode_plus_indicator,4,096b6ed78faef05c313ad9d51bcfad2e71cd63037cd77d8c7a591f2b5c7e6610,1,0,0,0.46485754085433856,4,560,561,561
mode_plus_indicator,4,0e456da1d5cf3ab7c2f5989ea69e0b08ec37617973a3f31b353534f530abe725,0,1,0,0.008767675610858373,3,562,563,563
mode_plus_indicator,4,e7e2449f4432e1c84b59cf7c038eccdaf3bc03994089a00dfd9cc30a019ab68f,0,1,0,0.013143533279217195,3,563,564,564
mode_plus_indicator,4,c9e81c70995e4af02e24d4f22730abed6a955fc8aa4489391dcce8a780049d0c,1,0,1,0.9940096704060184,3,575,576,576
mode_plus_indicator,4,82a99de9fbb442105521d932e584019f8b8d46ace4ca08841c9711ef096cd4c5,0,1,0,0.39979720750168,3,577,578,578
mode_plus_indicator,4,eccf1293fca65adfe383732981fadacced2c99c1eebaf28a15371204a6c92270,1,0,1,0.7853094727696449,4,596,597,597
mode_plus_indicator,4,8f4533f48e184729d8435c4595ac02b2a74540885869b0ab9fa1686400f47b38,0,1,0,0.04859447184914161,3,597,598,598
mode_plus_indicator,4,67e5760b4b1bccb2009c20987d67ecc249d595658f687eec06f65db3961584f4,1,0,1,0.6335017366538017,4,607,608,608
mode_plus_indicator,4,13de85647cb767115b90dc11946b4b68b3bf0df758589903b501a619b2b3b417,1,0,1,0.9568454936082285,4,611,612,612
mode_plus_indicator,4,9df599a55e176e2bbd02f26573cddff6595c9e7dd473c30d09b2caba5734fd7e,1,0,1,0.7870647875763095,3,615,616,616
mode_plus_indicator,4,3fca6ad2af45e994867f0dc386a2e508f5ff6c0c16f41b5125089e51cf3be39e,1,0,1,0.5692513825399343,3,620,621,621
mode_plus_indicator,4,70fe8d752064d32a25fd5dfd2f306c301d8439811ba23cdb3194d3e25fb5a50e,1,0,1,0.9968773648415099,3,621,622,622
mode_plus_indicator,4,45864539a04450af431cb2a1048352fbcf3a2acc5fe2ce0bf92ec05650925d99,1,0,1,0.9310678094905777,3,626,627,627
mode_plus_indicator,4,a2d6b1026a6c54283042a0c2e17042ed5fee4e3c557032ee77311dfdcd5d57c4,0,1,0,0.11101199962172734,3,629,630,630
mode_plus_indicator,4,5d503dfda1b6df014e460b7ebc2313c1bc47cac4dbf8a6a18c64572da948473c,1,0,0,0.4612869454209553,4,630,631,631
mode_plus_indicator,4,5d503dfda1b6df014e460b7ebc2313c1bc47cac4dbf8a6a18c64572da948473c,1,0,0,0.4612869454209553,4,639,640,640
mode_plus_indicator,4,8bb6305f62d0bcddd0bb27c82749e15f638e7fa04f1fd7cff8afe59356dc2cf8,1,0,1,0.9950111990302206,3,642,643,643
mode_plus_indicator,4,4675cfa0fe6893f320e02a6e53a1f9881f02d616ab5f415c1435da962130c064,0,1,0,0.21577847556874755,3,644,645,645
mode_plus_indicator,4,6a38a3aa130a38b6a6c9e4b293719c34f4ab16da218a8f81551d06e721cd67c9,0,1,0,0.01061469892678495,4,645,646,646
mode_plus_indicator,4,a53941766e6dcccf9c9394bc28d736edcd6812cbea84f16179abd03b796f5ec7,0,1,0,0.15365120771438576,3,664,665,665
mode_plus_indicator,4,6b91d8af6046bb1b3bd4201ff0769b39a44b8575601f6844e89f4fbd8fa89d28,1,0,0,0.13493779139476036,4,668,669,669
mode_plus_indicator,4,c9e7a1e3f5a720441980d54da64da6cc0704873f1611a6b7cf0be975f47747ec,0,1,0,0.03810941063898014,4,669,670,670
mode_plus_indicator,4,f8d73caef322ee691205b1cd0841423e1f53618a514645cb0634a72d8435aced,1,0,0,0.034789883724980715,4,671,672,672
mode_plus_indicator,4,cd9c8c6bc18516e3a9ac3fb1d6afa604d44229e73613770a4784f65ebb57b974,1,0,1,0.9737360027436014,4,678,679,679
mode_plus_indicator,4,ba85fb6d106acb39ff22d1dbb67a3fb66ce2c770958f25f7b065812d2b77fa04,0,1,0,0.08123095889269473,3,692,693,693
mode_plus_indicator,4,67e5760b4b1bccb2009c20987d67ecc249d595658f687eec06f65db3961584f4,1,0,1,0.6335017366538017,4,699,700,700
mode_plus_indicator,4,ba85fb6d106acb39ff22d1dbb67a3fb66ce2c770958f25f7b065812d2b77fa04,0,1,0,0.08123095889269473,3,719,720,720
mode_plus_indicator,4,7e73ac069893cc840847f82526f598463993b1530846863e38db58b64bb001d3,0,1,1,0.8165605570406582,3,720,721,721
mode_plus_indicator,4,ec4d12033a1fd07b320e7d4cd8d5b4ee80c604728b96360e714545dfc9024b5b,0,1,0,0.07366708301995467,3,722,723,723
mode_plus_indicator,4,ba85fb6d106acb39ff22d1dbb67a3fb66ce2c770958f25f7b065812d2b77fa04,0,1,0,0.08123095889269473,3,730,731,731
mode_plus_indicator,4,6a38a3aa130a38b6a6c9e4b293719c34f4ab16da218a8f81551d06e721cd67c9,0,1,0,0.01061469892678495,4,749,750,750
mode_plus_indicator,4,18d067330a032de550678dd02a4fc7def157655810459143f2a382dd21323a18,0,1,0,0.022597653707072406,3,752,753,753
mode_plus_indicator,4,4675cfa0fe6893f320e02a6e53a1f9881f02d616ab5f415c1435da962130c064,0,1,0,0.21577847556874755,3,754,755,755
mode_plus_indicator,4,bba988a9d26ced6565527b09086c7aade67ef16213a33a6278b2ef3625373529,0,1,0,0.182940363388265,3,756,757,757
mode_plus_indicator,4,f8d73caef322ee691205b1cd0841423e1f53618a514645cb0634a72d8435aced,1,0,0,0.034789883724980715,4,760,761,761
mode_plus_indicator,4,601e3a14e6bc701b040f7d9ae9cb1a6352a91cb827c681d07cc462fda59b4afb,1,0,1,0.9775773036433788,4,774,775,775
mode_plus_indicator,4,244d0e39518c8f541b6b8258b6e7cb298cd85acc70e95a648bf50b83332af195,1,0,1,0.9980369647639086,4,778,779,779
mode_plus_indicator,4,37017d97f2466972966c94e197ae3183b56c0eb6189f48ecbd798c6eae203126,1,0,0,0.354588887657935,4,781,782,782
mode_plus_indicator,4,601e3a14e6bc701b040f7d9ae9cb1a6352a91cb827c681d07cc462fda59b4afb,1,0,1,0.9775773036433788,4,798,799,799
mode_plus_indicator,4,6b91d8af6046bb1b3bd4201ff0769b39a44b8575601f6844e89f4fbd8fa89d28,1,0,0,0.13493779139476036,4,812,813,813
mode_plus_indicator,4,ec4d12033a1fd07b320e7d4cd8d5b4ee80c604728b96360e714545dfc9024b5b,0,1,0,0.07366708301995467,3,818,819,819
mode_plus_indicator,4,5a8d0043ad2df8d0f0c35b9d158a0b31ea8a63eb6f595c3f4a094660e70d4d0e,0,1,0,0.004913958815201272,3,826,827,827
mode_plus_indicator,4,fe294f19347477153461441681326d163ce2d6aeea6650f20536e917b90285e4,0,1,0,0.18483076042287824,3,838,839,839
mode_plus_indicator,4,5d503dfda1b6df014e460b7ebc2313c1bc47cac4dbf8a6a18c64572da948473c,1,0,0,0.4612869454209553,4,855,856,856
mode_plus_indicator,4,f16247d803620af74eeb494a3c09ac3e6acfdd0bf5a4af592731805fbed20719,0,1,0,0.016567085879835134,3,878,879,879
mode_plus_indicator,4,1f5d179ce8e88b673dbee865916763858299c3e0dc63bb5c513c0b35cf6a46e1,0,1,0,0.17309643989252166,3,892,893,893
mode_plus_indicator,4,1b1129ef327d069f1a34c42adb437deff3a6d17d68517228c77f803183c892ff,0,1,0,0.2039192354246145,3,898,899,899
mode_plus_indicator,4,e5c9900a36e1da52f16efd8fac68ba4cfecaa06c48f4a537af4ce62dc3acba63,0,1,0,0.008648319451115981,3,908,909,909
mode_plus_indicator,4,67e5760b4b1bccb2009c20987d67ecc249d595658f687eec06f65db3961584f4,1,0,1,0.6335017366538017,4,915,916,916
mode_plus_indicator,4,f8d73caef322ee691205b1cd0841423e1f53618a514645cb0634a72d8435aced,1,0,0,0.034789883724980715,4,925,926,926
mode_plus_indicator,4,8b21c94eb86b1d9ba890e1cc38f18e999802fac53b4631c1731ee9107badae28,1,0,0,0.42733714056926575,4,932,933,933
mode_plus_indicator,4,a2d6b1026a6c54283042a0c2e17042ed5fee4e3c557032ee77311dfdcd5d57c4,0,1,0,0.11101199962172734,3,943,944,944
mode_plus_indicator,4,4675cfa0fe6893f320e02a6e53a1f9881f02d616ab5f415c1435da962130c064,0,1,0,0.21577847556874755,3,944,945,945
mode_plus_indicator,4,a2d6b1026a6c54283042a0c2e17042ed5fee4e3c557032ee77311dfdcd5d57c4,0,1,0,0.11101199962172734,3,960,961,961
mode_plus_indicator,4,a53941766e6dcccf9c9394bc28d736edcd6812cbea84f16179abd03b796f5ec7,0,1,0,0.15365120771438576,3,962,963,963
mode_plus_indicator,4,7e73ac069893cc840847f82526f598463993b1530846863e38db58b64bb001d3,0,1,1,0.8165605570406582,3,963,964,964
mode_plus_indicator,4,fe294f19347477153461441681326d163ce2d6aeea6650f20536e917b90285e4,0,1,0,0.18483076042287824,3,972,973,973
mode_plus_indicator,4,c250cae60f244a16c2021f894c8325ca55e383e549055689d646fa3830107b01,0,1,0,0.2392759156430444,3,975,976,976
mode_plus_indicator,4,6a8f170690918ae06c3ba2785b52b7ef0f41ec47d10d22255e8fce9fcab1a500,1,0,1,0.9966225371479742,3,980,981,981
mode_plus_indicator,4,8bb6305f62d0bcddd0bb27c82749e15f638e7fa04f1fd7cff8afe59356dc2cf8,1,0,1,0.9950111990302206,3,997,998,998
mode_plus_indicator,4,67e5760b4b1bccb2009c20987d67ecc249d595658f687eec06f65db3961584f4,1,0,1,0.6335017366538017,4,1003,1004,1004
mode_plus_indicator,4,7e73ac069893cc840847f82526f598463993b1530846863e38db58b64bb001d3,0,1,1,0.8165605570406582,3,1004,1005,1005
mode_plus_indicator,4,8b21c94eb86b1d9ba890e1cc38f18e999802fac53b4631c1731ee9107badae28,1,0,0,0.42733714056926575,4,1010,1011,1011
mode_plus_indicator,4,5d503dfda1b6df014e460b7ebc2313c1bc47cac4dbf8a6a18c64572da948473c,1,0,0,0.4612869454209553,4,1017,1018,1018
mode_plus_indicator,4,244d0e39518c8f541b6b8258b6e7cb298cd85acc70e95a648bf50b83332af195,1,0,1,0.9980369647639086,4,1018,1019,1019
mode_plus_indicator,4,8f4533f48e184729d8435c4595ac02b2a74540885869b0ab9fa1686400f47b38,0,1,0,0.04859447184914161,3,1021,1022,1022
mode_plus_indicator,4,c9e81c70995e4af02e24d4f22730abed6a955fc8aa4489391dcce8a780049d0c,1,0,1,0.9940096704060184,3,1022,1023,1023
mode_plus_indicator,5,2d917aba2e1c80aafcc9567b5ad199c26af38d88bde9e0c72f0a9c4501401d25,1,0,1,0.6252245497995736,3,5,6,6
mode_plus_indicator,5,ee76e98271c98fdbfe03307181269b985dad709fc0b0f2364647f21b0ed372e5,1,0,1,0.9988868430076419,3,14,15,15
mode_plus_indicator,5,7183b17b4592fa23b00888e29295f19259bce28fcbde332655aa64db1ec677f4,1,0,1,0.9983502528737332,3,18,19,19
mode_plus_indicator,5,10cb202b1229270efda6de3f5cac0cf57a41e4f051b04330f96cbf00c11a67b9,1,0,0,0.10079368039476432,4,28,29,29
mode_plus_indicator,5,8ee78b19a7462aeeefa87f284e9d20a8e7725e541e71f365c6cc9b749185256c,1,0,1,0.9573755856102539,4,30,31,31
mode_plus_indicator,5,f0914630bcb4501011c61f0fdca100f2ed1871b0dc37e8c1efe4ad782fc5ea18,0,1,1,0.645546496789853,3,37,38,38
mode_plus_indicator,5,aca412568c2d3e84423ec48b4c259f0bf59e7f24c2b6a548305164a462fb8367,0,1,0,0.36958163063398497,4,49,50,50
mode_plus_indicator,5,061ba64092eac5bd44c6cacbaea2462c1e8b466f74244a7b2c13c2ba19e131c7,0,1,0,0.0094440891195018,3,51,52,52
mode_plus_indicator,5,6ca52788d8dbc2bdc178275f032f7b8c01fa68075e0850b9c5448161951786a9,1,0,1,0.7818125729215408,4,54,55,55
mode_plus_indicator,5,14443b3d24612a35abba78aaa251bff9b49707282094c445ec45fd38b3ffa6f9,1,0,1,0.9921806600196189,4,55,56,56
mode_plus_indicator,5,14443b3d24612a35abba78aaa251bff9b49707282094c445ec45fd38b3ffa6f9,1,0,1,0.9921806600196189,4,56,57,57
mode_plus_indicator,5,aca412568c2d3e84423ec48b4c259f0bf59e7f24c2b6a548305164a462fb8367,0,1,0,0.36958163063398497,4,62,63,63
mode_plus_indicator,5,647869556e35bc8fdc67c14d538ff75f1c52ae89f0ee4c7e078ff50a0db62fa1,1,0,1,0.7700798895809248,4,66,67,67
mode_plus_indicator,5,f6d853fdc4a1ac5955be7d219c34a8f08a6dacd7e7fccc931028d92e8429651b,1,0,1,0.9967090554530562,3,71,72,72
mode_plus_indicator,5,38bce2ff0e22f3df539b55d9d216d260f103d59ddf92db797b5b3d91f45c5871,1,0,0,0.10599162698218163,4,82,83,83
mode_plus_indicator,5,d599b2196258eba82068373f3df1938a4b520ed6c54955aaa1fa503794b24adc,0,1,0,0.01407482357238075,3,95,96,96
mode_plus_indicator,5,4429b79f639f96884a81b073d2cca8b658c3155ac7cbd42eb827dc1dc99c016e,1,0,1,0.9784417696470952,4,108,109,109
mode_plus_indicator,5,77d5789c9dbdb4478c8d61a59fd5db8997e837ff2ce0198a9b25ecaf89baf4a0,1,0,0,0.3511911407127015,3,111,112,112
mode_plus_indicator,5,6a5facba7060397b41b604e420c7447f305524010379fc44045788411bf8d418,0,1,0,0.3792460887711298,3,130,131,131
mode_plus_indicator,5,f5955d065e1ad64e6dd7a066e46970faf4570609e889a82677c91847b43ccf51,0,1,0,0.010009524123787455,3,144,145,145
mode_plus_indicator,5,297729bb51295fd7c92c3e11ea44a176fd131ffa59292eb69bf12a5cfb61d7ec,0,1,0,0.052035352828423136,3,145,146,146
mode_plus_indicator,5,ca34f7df41e00a22d82176837673a1b167f35018f31863a68d987fe94f6044f2,0,1,1,0.7433031168846584,3,159,160,160
mode_plus_indicator,5,f6d853fdc4a1ac5955be7d219c34a8f08a6dacd7e7fccc931028d92e8429651b,1,0,1,0.9967090554530562,3,166,167,167
mode_plus_indicator,5,31fb88da40cc50c6bb2bf5c056385a8acd4a2fdf92ca684f2b333232a08e0bf9,1,0,1,0.9952293952079984,4,175,176,176
mode_plus_indicator,5,77d5789c9dbdb4478c8d61a59fd5db8997e837ff2ce0198a9b25ecaf89baf4a0,1,0,0,0.3511911407127015,3,179,180,180
mode_plus_indicator,5,ca34f7df41e00a22d82176837673a1b167f35018f31863a68d987fe94f6044f2,0,1,1,0.7433031168846584,3,193,194,194
mode_plus_indicator,5,f5955d065e1ad64e6dd7a066e46970faf4570609e889a82677c91847b43ccf51,0,1,0,0.010009524123787455,3,202,203,203
mode_plus_indicator,5,aca412568c2d3e84423ec48b4c259f0bf59e7f24c2b6a548305164a462fb8367,0,1,0,0.36958163063398497,4,205,206,206
mode_plus_indicator,5,fd7aa2b65fe93a64b53b9c837c3e6c7176d77035cc0eb236a0cf8fff931b588c,0,1,0,0.4141656484321043,3,206,207,207
mode_plus_indicator,5,4429b79f639f96884a81b073d2cca8b658c3155ac7cbd42eb827dc1dc99c016e,1,0,1,0.9784417696470952,4,210,211,211
mode_plus_indicator,5,b3468cc6871414e829c8ec8693fde72cae6ad1c8830fc103376427901047c434,0,1,0,0.06955051938732343,3,211,212,212
mode_plus_indicator,5,b98d3240019a115ee2fccbec1fdf30c890f2e6d5bd029388daa513437e1b5434,1,0,1,0.9704923832609913,3,213,214,214
mode_plus_indicator,5,38bce2ff0e22f3df539b55d9d216d260f103d59ddf92db797b5b3d91f45c5871,1,0,0,0.10599162698218163,4,227,228,228
mode_plus_indicator,5,cd365ce7907ad5d04fd47b4d8758d592e29b75c0baeecca5f1cc14bd0d7fc010,0,1,0,0.004907443841757679,3,229,230,230
mode_plus_indicator,5,38bce2ff0e22f3df539b55d9d216d260f103d59ddf92db797b5b3d91f45c5871,1,0,0,0.10599162698218163,4,237,238,238
mode_plus_indicator,5,7c1fb69465a7636425be744b6cf9f0a9e0b642b470151730b2223f390f084cb4,0,1,0,0.1492925300101877,3,241,242,242
mode_plus_indicator,5,b9f19fa8190e5b6f47648f3a9da3f9afc583fd73bdf9c7a0e204c9f9684d4169,0,1,0,0.011497433376237027,4,282,283,283
mode_plus_indicator,5,677ace1b7f031aa18f4cef63c87a9fbecdc05d0153ba697168eb3c812d79bb19,0,1,0,0.2531463610802713,3,288,289,289
mode_plus_indicator,5,f4b13e3f04b63170894bf22d8fc9562675ee2f2cb9a0d1cb95ffa9ee0ca6cab1,0,1,0,0.005637382987542292,3,289,290,290
mode_plus_indicator,5,b9f19fa8190e5b6f47648f3a9da3f9afc583fd73bdf9c7a0e204c9f9684d4169,0,1,0,0.011497433376237027,4,299,300,300
mode_plus_indicator,5,fd7aa2b65fe93a64b53b9c837c3e6c7176d77035cc0eb236a0cf8fff931b588c,0,1,0,0.4141656484321043,3,316,317,317
mode_plus_indicator,5,88787e52c8e73fece635b59741e5064a29ff0d0e1509c3e5d51543b5ec5ba88a,1,0,1,0.9933856937621279,4,328,329,329
mode_plus_indicator,5,6722a9945781794c423b108d03952930f9d754497aa1321848b989b9e89c4f33,1,0,1,0.7642571417967557,4,332,333,333
mode_plus_indicator,5,b78557ce10197718a152e202e49d54e4f3510e8b930749217564c5db89832954,0,1,0,0.15338532690638332,3,333,334,334
mode_plus_indicator,5,e267aca2d9fad7b05b3e27e392eea6c3ac2fe229dfe6fba8125edb8ab70fa856,1,0,1,0.9972403992259038,4,335,336,336
mode_plus_indicator,5,07c4c4ce98cafa879b533e4f51ab5fd8f20c01d146b13a83e0340860f7edafb2,0,1,1,0.5694750507561563,3,338,339,339
mode_plus_indicator,5,b98d3240019a115ee2fccbec1fdf30c890f2e6d5bd029388daa513437e1b5434,1,0,1,0.9704923832609913,3,347,348,348
mode_plus_indicator,5,83ee532a1d29b3a96067a4d54513c801553ec3df64470b689aac366c71d6a042,0,1,1,0.8493981889460666,3,362,363,363
mode_plus_indicator,5,10cb202b1229270efda6de3f5cac0cf57a41e4f051b04330f96cbf00c11a67b9,1,0,0,0.10079368039476432,4,391,392,392
mode_plus_indicator,5,74711b8929e416b1ddec52d3428bc8e56ccf9d866095c2ee2b38b4de3e2d801d,1,0,0,0.40375841563870146,3,392,393,393
mode_plus_indicator,5,aca412568c2d3e84423ec48b4c259f0bf59e7f24c2b6a548305164a462fb8367,0,1,0,0.36958163063398497,4,396,397,397
mode_plus_indicator,5,8fb0b52de49f211acfa3020927c26a1e684640557296a758fc0072e7dac852a6,1,0,1,0.8936432957987167,3,397,398,398
mode_plus_indicator,5,6ca52788d8dbc2bdc178275f032f7b8c01fa68075e0850b9c5448161951786a9,1,0,1,0.7818125729215408,4,401,402,402
mode_plus_indicator,5,88787e52c8e73fece635b59741e5064a29ff0d0e1509c3e5d51543b5ec5ba88a,1,0,1,0.9933856937621279,4,413,414,414
mode_plus_indicator,5,647869556e35bc8fdc67c14d538ff75f1c52ae89f0ee4c7e078ff50a0db62fa1,1,0,1,0.7700798895809248,4,415,416,416
mode_plus_indicator,5,07c4c4ce98cafa879b533e4f51ab5fd8f20c01d146b13a83e0340860f7edafb2,0,1,1,0.5694750507561563,3,417,418,418
mode_plus_indicator,5,10cb202b1229270efda6de3f5cac0cf57a41e4f051b04330f96cbf00c11a67b9,1,0,0,0.10079368039476432,4,424,425,425
mode_plus_indicator,5,b78557ce10197718a152e202e49d54e4f3510e8b930749217564c5db89832954,0,1,0,0.15338532690638332,3,434,435,435
mode_plus_indicator,5,28fd2bbdfb26c8b6021071f28feed6016e0cbd9e1b4ffc55f53e9092e9c13fd1,0,1,0,0.010407583539574316,3,435,436,436
mode_plus_indicator,5,cd365ce7907ad5d04fd47b4d8758d592e29b75c0baeecca5f1cc14bd0d7fc010,0,1,0,0.004907443841757679,3,446,447,447
mode_plus_indicator,5,ca34f7df41e00a22d82176837673a1b167f35018f31863a68d987fe94f6044f2,0,1,1,0.7433031168846584,3,465,466,466
mode_plus_indicator,5,5dfb68eaf3fe08e7b765653dc52a7703f216a93268881875b2f09995326b1393,0,1,0,0.08995087771443978,4,473,474,474
mode_plus_indicator,5,ee76e98271c98fdbfe03307181269b985dad709fc0b0f2364647f21b0ed372e5,1,0,1,0.9988868430076419,3,483,484,484
mode_plus_indicator,5,b9f19fa8190e5b6f47648f3a9da3f9afc583fd73bdf9c7a0e204c9f9684d4169,0,1,0,0.011497433376237027,4,484,485,485
mode_plus_indicator,5,4429b79f639f96884a81b073d2cca8b658c3155ac7cbd42eb827dc1dc99c016e,1,0,1,0.9784417696470952,4,486,487,487
mode_plus_indicator,5,7c1fb69465a7636425be744b6cf9f0a9e0b642b470151730b2223f390f084cb4,0,1,0,0.1492925300101877,3,489,490,490
mode_plus_indicator,5,8fb0b52de49f211acfa3020927c26a1e684640557296a758fc0072e7dac852a6,1,0,1,0.8936432957987167,3,497,498,498
mode_plus_indicator,5,bacf5f3cb82469f6cb94d07511d9b74ff6031b0f53be437791bb968c96d2923f,0,1,0,0.18389494914597407,3,499,500,500
mode_plus_indicator,5,8ee78b19a7462aeeefa87f284e9d20a8e7725e541e71f365c6cc9b749185256c,1,0,1,0.9573755856102539,4,510,511,511
mode_plus_indicator,5,7c1fb69465a7636425be744b6cf9f0a9e0b642b470151730b2223f390f084cb4,0,1,0,0.1492925300101877,3,511,512,512
mode_plus_indicator,5,6ca52788d8dbc2bdc178275f032f7b8c01fa68075e0850b9c5448161951786a9,1,0,1,0.7818125729215408,4,516,517,517
mode_plus_indicator,5,e267aca2d9fad7b05b3e27e392eea6c3ac2fe229dfe6fba8125edb8ab70fa856,1,0,1,0.9972403992259038,4,517,518,518
mode_plus_indicator,5,6ca52788d8dbc2bdc178275f032f7b8c01fa68075e0850b9c5448161951786a9,1,0,1,0.7818125729215408,4,519,520,520
mode_plus_indicator,5,cf0437b7443620131ffb1a124fa7407a4169173892a206fd3205c0d8cec68924,0,1,0,0.08846795027497562,3,523,524,524
mode_plus_indicator,5,dbb17851c899b8708331cfae6bd526f5dd385f9cc94d0bf647c577302afad8ea,0,1,1,0.9564414867986716,3,529,530,530
mode_plus_indicator,5,d6ae8c98af272bca3058d34fc0e930cbf2dcc32b406602f6d5e2b0b54e0e6565,1,0,1,0.9854760128562178,3,531,532,532
mode_plus_indicator,5,ae2d5071351d67263b313982031f450f66d77675bce081949c82bfa759d014be,0,1,0,0.02651619563586419,3,542,543,543
mode_plus_indicator,5,07c4c4ce98cafa879b533e4f51ab5fd8f20c01d146b13a83e0340860f7edafb2,0,1,1,0.5694750507561563,3,545,546,546
mode_plus_indicator,5,3f81224d51c07e4952ab66f425301ca48f70330dc9818ab11018078840c774e4,0,1,1,0.6791195207893646,3,550,551,551
mode_plus_indicator,5,e982aa16188dee201345fa9375c31bce273c55ce71f68abbe66ada568c7a9b63,1,0,1,0.9061159366023759,3,556,557,557
mode_plus_indicator,5,5dfb68eaf3fe08e7b765653dc52a7703f216a93268881875b2f09995326b1393,0,1,0,0.08995087771443978,4,561,562,562
mode_plus_indicator,5,b3468cc6871414e829c8ec8693fde72cae6ad1c8830fc103376427901047c434,0,1,0,0.06955051938732343,3,570,571,571
mode_plus_indicator,5,f5955d065e1ad64e6dd7a066e46970faf4570609e889a82677c91847b43ccf51,0,1,0,0.010009524123787455,3,573,574,574
mode_plus_indicator,5,ea57250f104de3238441dcd3a225f555a2513240855feb6fafd2b23c1fc39aba,0,1,0,0.01899747923316074,3,581,582,582
mode_plus_indicator,5,ae2d5071351d67263b313982031f450f66d77675bce081949c82bfa759d014be,0,1,0,0.02651619563586419,3,582,583,583
mode_plus_indicator,5,6722a9945781794c423b108d03952930f9d754497aa1321848b989b9e89c4f33,1,0,1,0.7642571417967557,4,592,593,593
mode_plus_indicator,5,6722a9945781794c423b108d03952930f9d754497aa1321848b989b9e89c4f33,1,0,1,0.7642571417967557,4,594,595,595
mode_plus_indicator,5,f4b13e3f04b63170894bf22d8fc9562675ee2f2cb9a0d1cb95ffa9ee0ca6cab1,0,1,0,0.005637382987542292,3,603,604,604
mode_plus_indicator,5,8ee78b19a7462aeeefa87f284e9d20a8e7725e541e71f365c6cc9b749185256c,1,0,1,0.9573755856102539,4,610,611,611
mode_plus_indicator,5,14443b3d24612a35abba78aaa251bff9b49707282094c445ec45fd38b3ffa6f9,1,0,1,0.9921806600196189,4,614,615,615
mode_plus_indicator,5,2d917aba2e1c80aafcc9567b5ad199c26af38d88bde9e0c72f0a9c4501401d25,1,0,1,0.6252245497995736,3,623,624,624
mode_plus_indicator,5,dbb17851c899b8708331cfae6bd526f5dd385f9cc94d0bf647c577302afad8ea,0,1,1,0.9564414867986716,3,625,626,626
mode_plus_indicator,5,74711b8929e416b1ddec52d3428bc8e56ccf9d866095c2ee2b38b4de3e2d801d,1,0,0,0.40375841563870146,3,631,632,632
mode_plus_indicator,5,33e6adf80af0df0a39618b9acfc57926cc2019f47aba6970b12cc71b90133528,1,0,1,0.9893255992699773,4,634,635,635
mode_plus_indicator,5,f4b13e3f04b63170894bf22d8fc9562675ee2f2cb9a0d1cb95ffa9ee0ca6cab1,0,1,0,0.005637382987542292,3,638,639,639
mode_plus_indicator,5,5dfb68eaf3fe08e7b765653dc52a7703f216a93268881875b2f09995326b1393,0,1,0,0.08995087771443978,4,640,641,641
mode_plus_indicator,5,b98d3240019a115ee2fccbec1fdf30c890f2e6d5bd029388daa513437e1b5434,1,0,1,0.9704923832609913,3,646,647,647
mode_plus_indicator,5,33e6adf80af0df0a39618b9acfc57926cc2019f47aba6970b12cc71b90133528,1,0,1,0.9893255992699773,4,661,662,662
mode_plus_indicator,5,297729bb51295fd7c92c3e11ea44a176fd131ffa59292eb69bf12a5cfb61d7ec,0,1,0,0.052035352828423136,3,663,664,664
mode_plus_indicator,5,b9f19fa8190e5b6f47648f3a9da3f9afc583fd73bdf9c7a0e204c9f9684d4169,0,1,0,0.011497433376237027,4,667,668,668
mode_plus_indicator,5,3f81224d51c07e4952ab66f425301ca48f70330dc9818ab11018078840c774e4,0,1,1,0.6791195207893646,3,673,674,674
mode_plus_indicator,5,28fd2bbdfb26c8b6021071f28feed6016e0cbd9e1b4ffc55f53e9092e9c13fd1,0,1,0,0.010407583539574316,3,679,680,680
mode_plus_indicator,5,8fb0b52de49f211acfa3020927c26a1e684640557296a758fc0072e7dac852a6,1,0,1,0.8936432957987167,3,680,681,681
mode_plus_indicator,5,f6d853fdc4a1ac5955be7d219c34a8f08a6dacd7e7fccc931028d92e8429651b,1,0,1,0.9967090554530562,3,682,683,683
mode_plus_indicator,5,677ace1b7f031aa18f4cef63c87a9fbecdc05d0153ba697168eb3c812d79bb19,0,1,0,0.2531463610802713,3,703,704,704
mode_plus_indicator,5,74711b8929e416b1ddec52d3428bc8e56ccf9d866095c2ee2b38b4de3e2d801d,1,0,0,0.40375841563870146,3,710,711,711
mode_plus_indicator,5,f0914630bcb4501011c61f0fdca100f2ed1871b0dc37e8c1efe4ad782fc5ea18,0,1,1,0.645546496789853,3,715,716,716
mode_plus_indicator,5,cf0437b7443620131ffb1a124fa7407a4169173892a206fd3205c0d8cec68924,0,1,0,0.08846795027497562,3,723,724,724
mode_plus_indicator,5,d6ae8c98af272bca3058d34fc0e930cbf2dcc32b406602f6d5e2b0b54e0e6565,1,0,1,0.9854760128562178,3,726,727,727
mode_plus_indicator,5,ae2d5071351d67263b313982031f450f66d77675bce081949c82bfa759d014be,0,1,0,0.02651619563586419,3,741,742,742
mode_plus_indicator,5,28fd2bbdfb26c8b6021071f28feed6016e0cbd9e1b4ffc55f53e9092e9c13fd1,0,1,0,0.010407583539574316,3,742,743,743
mode_plus_indicator,5,88787e52c8e73fece635b59741e5064a29ff0d0e1509c3e5d51543b5ec5ba88a,1,0,1,0.9933856937621279,4,761,762,762
mode_plus_indicator,5,061ba64092eac5bd44c6cacbaea2462c1e8b466f74244a7b2c13c2ba19e131c7,0,1,0,0.0094440891195018,3,764,765,765
mode_plus_indicator,5,ea57250f104de3238441dcd3a225f555a2513240855feb6fafd2b23c1fc39aba,0,1,0,0.01899747923316074,3,769,770,770
mode_plus_indicator,5,e982aa16188dee201345fa9375c31bce273c55ce71f68abbe66ada568c7a9b63,1,0,1,0.9061159366023759,3,787,788,788
mode_plus_indicator,5,ee76e98271c98fdbfe03307181269b985dad709fc0b0f2364647f21b0ed372e5,1,0,1,0.9988868430076419,3,788,789,789
mode_plus_indicator,5,2d917aba2e1c80aafcc9567b5ad199c26af38d88bde9e0c72f0a9c4501401d25,1,0,1,0.6252245497995736,3,789,790,790
mode_plus_indicator,5,4429b79f639f96884a81b073d2cca8b658c3155ac7cbd42eb827dc1dc99c016e,1,0,1,0.9784417696470952,4,790,791,791
mode_plus_indicator,5,31fb88da40cc50c6bb2bf5c056385a8acd4a2fdf92ca684f2b333232a08e0bf9,1,0,1,0.9952293952079984,4,791,792,792
mode_plus_indicator,5,31fb88da40cc50c6bb2bf5c056385a8acd4a2fdf92ca684f2b333232a08e0bf9,1,0,1,0.9952293952079984,4,792,793,793
mode_plus_indicator,5,d599b2196258eba82068373f3df1938a4b520ed6c54955aaa1fa503794b24adc,0,1,0,0.01407482357238075,3,796,797,797
mode_plus_indicator,5,647869556e35bc8fdc67c14d538ff75f1c52ae89f0ee4c7e078ff50a0db62fa1,1,0,1,0.7700798895809248,4,799,800,800
mode_plus_indicator,5,5dfb68eaf3fe08e7b765653dc52a7703f216a93268881875b2f09995326b1393,0,1,0,0.08995087771443978,4,805,806,806
mode_plus_indicator,5,88787e52c8e73fece635b59741e5064a29ff0d0e1509c3e5d51543b5ec5ba88a,1,0,1,0.9933856937621279,4,807,808,808
mode_plus_indicator,5,d599b2196258eba82068373f3df1938a4b520ed6c54955aaa1fa503794b24adc,0,1,0,0.01407482357238075,3,815,816,816
mode_plus_indicator,5,fd7aa2b65fe93a64b53b9c837c3e6c7176d77035cc0eb236a0cf8fff931b588c,0,1,0,0.4141656484321043,3,819,820,820
mode_plus_indicator,5,bacf5f3cb82469f6cb94d07511d9b74ff6031b0f53be437791bb968c96d2923f,0,1,0,0.18389494914597407,3,824,825,825
mode_plus_indicator,5,33e6adf80af0df0a39618b9acfc57926cc2019f47aba6970b12cc71b90133528,1,0,1,0.9893255992699773,4,825,826,826
mode_plus_indicator,5,7183b17b4592fa23b00888e29295f19259bce28fcbde332655aa64db1ec677f4,1,0,1,0.9983502528737332,3,830,831,831
mode_plus_indicator,5,3f81224d51c07e4952ab66f425301ca48f70330dc9818ab11018078840c774e4,0,1,1,0.6791195207893646,3,833,834,834
mode_plus_indicator,5,14443b3d24612a35abba78aaa251bff9b49707282094c445ec45fd38b3ffa6f9,1,0,1,0.9921806600196189,4,834,835,835
mode_plus_indicator,5,38bce2ff0e22f3df539b55d9d216d260f103d59ddf92db797b5b3d91f45c5871,1,0,0,0.10599162698218163,4,836,837,837
mode_plus_indicator,5,f0914630bcb4501011c61f0fdca100f2ed1871b0dc37e8c1efe4ad782fc5ea18,0,1,1,0.645546496789853,3,839,840,840
mode_plus_indicator,5,33e6adf80af0df0a39618b9acfc57926cc2019f47aba6970b12cc71b90133528,1,0,1,0.9893255992699773,4,848,849,849
mode_plus_indicator,5,061ba64092eac5bd44c6cacbaea2462c1e8b466f74244a7b2c13c2ba19e131c7,0,1,0,0.0094440891195018,3,849,850,850
mode_plus_indicator,5,b78557ce10197718a152e202e49d54e4f3510e8b930749217564c5db89832954,0,1,0,0.15338532690638332,3,852,853,853
mode_plus_indicator,5,ea57250f104de3238441dcd3a225f555a2513240855feb6fafd2b23c1fc39aba,0,1,0,0.01899747923316074,3,856,857,857
mode_plus_indicator,5,647869556e35bc8fdc67c14d538ff75f1c52ae89f0ee4c7e078ff50a0db62fa1,1,0,1,0.7700798895809248,4,863,864,864
mode_plus_indicator,5,6a5facba7060397b41b604e420c7447f305524010379fc44045788411bf8d418,0,1,0,0.3792460887711298,3,874,875,875
mode_plus_indicator,5,e267aca2d9fad7b05b3e27e392eea6c3ac2fe229dfe6fba8125edb8ab70fa856,1,0,1,0.9972403992259038,4,876,877,877
mode_plus_indicator,5,d6ae8c98af272bca3058d34fc0e930cbf2dcc32b406602f6d5e2b0b54e0e6565,1,0,1,0.9854760128562178,3,889,890,890
mode_plus_indicator,5,31fb88da40cc50c6bb2bf5c056385a8acd4a2fdf92ca684f2b333232a08e0bf9,1,0,1,0.9952293952079984,4,893,894,894
mode_plus_indicator,5,dbb17851c899b8708331cfae6bd526f5dd385f9cc94d0bf647c577302afad8ea,0,1,1,0.9564414867986716,3,897,898,898
mode_plus_indicator,5,10cb202b1229270efda6de3f5cac0cf57a41e4f051b04330f96cbf00c11a67b9,1,0,0,0.10079368039476432,4,912,913,913
mode_plus_indicator,5,bacf5f3cb82469f6cb94d07511d9b74ff6031b0f53be437791bb968c96d2923f,0,1,0,0.18389494914597407,3,924,925,925
mode_plus_indicator,5,b3468cc6871414e829c8ec8693fde72cae6ad1c8830fc103376427901047c434,0,1,0,0.06955051938732343,3,928,929,929
mode_plus_indicator,5,7183b17b4592fa23b00888e29295f19259bce28fcbde332655aa64db1ec677f4,1,0,1,0.9983502528737332,3,929,930,930
mode_plus_indicator,5,e267aca2d9fad7b05b3e27e392eea6c3ac2fe229dfe6fba8125edb8ab70fa856,1,0,1,0.9972403992259038,4,930,931,931
mode_plus_indicator,5,cf0437b7443620131ffb1a124fa7407a4169173892a206fd3205c0d8cec68924,0,1,0,0.08846795027497562,3,947,948,948
mode_plus_indicator,5,83ee532a1d29b3a96067a4d54513c801553ec3df64470b689aac366c71d6a042,0,1,1,0.8493981889460666,3,956,957,957
mode_plus_indicator,5,6722a9945781794c423b108d03952930f9d754497aa1321848b989b9e89c4f33,1,0,1,0.7642571417967557,4,977,978,978
mode_plus_indicator,5,cd365ce7907ad5d04fd47b4d8758d592e29b75c0baeecca5f1cc14bd0d7fc010,0,1,0,0.004907443841757679,3,978,979,979
mode_plus_indicator,5,77d5789c9dbdb4478c8d61a59fd5db8997e837ff2ce0198a9b25ecaf89baf4a0,1,0,0,0.3511911407127015,3,979,980,980
mode_plus_indicator,5,6a5facba7060397b41b604e420c7447f305524010379fc44045788411bf8d418,0,1,0,0.3792460887711298,3,981,982,982
mode_plus_indicator,5,83ee532a1d29b3a96067a4d54513c801553ec3df64470b689aac366c71d6a042,0,1,1,0.8493981889460666,3,986,987,987
mode_plus_indicator,5,8ee78b19a7462aeeefa87f284e9d20a8e7725e541e71f365c6cc9b749185256c,1,0,1,0.9573755856102539,4,987,988,988
mode_plus_indicator,5,677ace1b7f031aa18f4cef63c87a9fbecdc05d0153ba697168eb3c812d79bb19,0,1,0,0.2531463610802713,3,990,991,991
mode_plus_indicator,5,e982aa16188dee201345fa9375c31bce273c55ce71f68abbe66ada568c7a9b63,1,0,1,0.9061159366023759,3,1000,1001,1001
mode_plus_indicator,5,297729bb51295fd7c92c3e11ea44a176fd131ffa59292eb69bf12a5cfb61d7ec,0,1,0,0.052035352828423136,3,1020,1021,1021
