record_number,csv_line_start,csv_line_end,group_id,target,partition,validation_fold,group_row_count,is_representative
1,2,2,dd15218f1a013e70a109e1984ae7d2faa187d273dbf204ee073a11783531eb12,0,development,1,4,True
2,3,3,8d6840f62c2edb1e02086519ff5e9163cc08d066341dc64f37a69d833324e6bf,0,development,1,4,True
3,4,4,1fa4bcbe77dcd55c1c74669b0d3487c23fbfc9a13721609ea25f51e562d603ab,0,test,,4,True
4,5,5,eccf1293fca65adfe383732981fadacced2c99c1eebaf28a15371204a6c92270,0,development,4,4,True
5,6,6,2d917aba2e1c80aafcc9567b5ad199c26af38d88bde9e0c72f0a9c4501401d25,0,development,5,3,True
6,7,7,a53941766e6dcccf9c9394bc28d736edcd6812cbea84f16179abd03b796f5ec7,1,development,4,3,True
7,8,8,d30c09705f48c161d3a9e5efeb137dd919907efda71e91f7457a1177531458cf,0,development,1,4,True
8,9,9,8209afdfc4f413d00c86b7537bbec68d79514b004420fea13039b4e34bab3f65,0,test,,4,True
9,10,10,ba76646a6cd8bac9a3915000fd01b2c6f72767317e7a127d3c76c2a3528e15cf,0,development,2,4,True
10,11,11,6d17cf05200500a503fbbd130f852633a3fa56977e59c320896d3b69a0b64f33,0,test,,4,True
11,12,12,066522f7a92b25978c09d7c8f84df1d54215614115225febfce2e971becee109,1,development,3,4,True
12,13,13,13de85647cb767115b90dc11946b4b68b3bf0df758589903b501a619b2b3b417,0,development,4,4,True
13,14,14,ce6c68d3a1dbbc1ae9570521fb65beccfea82c109ae978f1d8156ea50eeec3c9,1,development,3,3,True
14,15,15,ee76e98271c98fdbfe03307181269b985dad709fc0b0f2364647f21b0ed372e5,0,development,5,3,True
15,16,16,c81d1ba7569fbf0299d326ae4b6ce4b00fb82dcde7b7ad70ec772faf9904f555,0,development,3,4,True
16,17,17,ce6c68d3a1dbbc1ae9570521fb65beccfea82c109ae978f1d8156ea50eeec3c9,1,development,3,3,False
17,18,18,97c28d190215d11fe23f3d9daeb08b08876a6ba9a0b50b9f20e083c3dfdf063d,1,development,2,3,True
18,19,19,7183b17b4592fa23b00888e29295f19259bce28fcbde332655aa64db1ec677f4,0,development,5,3,True
19,20,20,e5c9900a36e1da52f16efd8fac68ba4cfecaa06c48f4a537af4ce62dc3acba63,1,development,4,3,True
20,21,21,74263a0590c0f5edcafddc6cf3bb13930ed7c8a19ce7c02afbdf8049227b5a24,1,development,3,4,True
21,22,22,7fa477610afc161c8c6896002d27de9519656c1dc1e45ca94e675e67d6b62df4,0,development,2,3,True
22,23,23,f99c9fde728ed0f8a12d0956907d6fef9f90c3e8772e33f88d418df81e50de3a,1,development,3,3,True
23,24,24,e18400d255a8fe19f6cf3fb3c63068458a4c1d567fed71427cc4c355472be3dd,1,development,1,3,True
24,25,25,5a8d0043ad2df8d0f0c35b9d158a0b31ea8a63eb6f595c3f4a094660e70d4d0e,1,development,4,3,True
25,26,26,e7e2449f4432e1c84b59cf7c038eccdaf3bc03994089a00dfd9cc30a019ab68f,1,development,4,3,True
26,27,27,d2f6d8bfdc925926b52b4aae864f595549c5c2af935859f00fa441a2540b23a2,0,development,2,4,True
27,28,28,200be9908d2f03977c9d890b01bcb7c5d6451d6722981c3e25a653c9bf889bf0,1,development,1,3,True
28,29,29,10cb202b1229270efda6de3f5cac0cf57a41e4f051b04330f96cbf00c11a67b9,0,development,5,4,True
29,30,30,cfba642a12fc49a24c4a9576252fe8886575fba4b0aba975c99ed02b1c5bc28d,0,development,1,4,True
30,31,31,8ee78b19a7462aeeefa87f284e9d20a8e7725e541e71f365c6cc9b749185256c,0,development,5,4,True
31,32,32,37017d97f2466972966c94e197ae3183b56c0eb6189f48ecbd798c6eae203126,0,development,4,4,True
32,33,33,e5c9900a36e1da52f16efd8fac68ba4cfecaa06c48f4a537af4ce62dc3acba63,1,development,4,3,False
33,34,34,c820e3844835f5be163a9676dde07d213f0f8b84ea65504f146ff83c1b42253b,0,test,,3,True
34,35,35,5c2b48acf547b55cf9c87fa708c9357aa01caa36724f2c43da32b8023347319e,0,development,3,3,True
35,36,36,0ace5c2af2df9bc4e6441e53e392444525e325a2d3a68c86d2b5642afd86d72f,1,development,1,3,True
36,37,37,07236a28c5f52d8c2aa76361308d5a15ec820c0a65353406518ef78dda73ded9,0,test,,3,True
37,38,38,f0914630bcb4501011c61f0fdca100f2ed1871b0dc37e8c1efe4ad782fc5ea18,1,development,5,3,True
38,39,39,6b6195468415ac0d72b7ab37b44c6583abf461c24d10c1bc6548e3d5a83bba6f,1,development,3,3,True
39,40,40,3ea3cc9c251cb00d4cd764a1014b4526f42f959fb5870cc8dc9a622f847addf1,1,test,,3,True
40,41,41,696582f64d2c8c4c7be10106139532593c1c19d4dec3198b61f8e4b320f29b6d,0,development,1,4,True
41,42,42,18d067330a032de550678dd02a4fc7def157655810459143f2a382dd21323a18,1,development,4,3,True
42,43,43,120c066e96fbf896a39fd17defc80d0d3914bd808fdfa0bb021e353ed8901859,1,development,2,4,True
43,44,44,f8d73caef322ee691205b1cd0841423e1f53618a514645cb0634a72d8435aced,0,development,4,4,True
44,45,45,ba76646a6cd8bac9a3915000fd01b2c6f72767317e7a127d3c76c2a3528e15cf,0,development,2,4,False
45,46,46,fdfa6d0e96adb82e9938b26295ca093df27ec4f54560b528eade178354d6cbfc,1,development,1,4,True
46,47,47,12da9bc52d27e6191d4e5541a326452567b4d5dee368ffd05c10e6dadefc757e,1,development,3,3,True
47,48,48,3019eb9e1e2b3b50d39f08ab776beb802ed15d5fc99de6ec9091db4070eb02d5,1,development,2,4,True
48,49,49,ddc3f39e5ad7141f45bc45b7520750a55186d88a762f5abbbef5525f30da815c,0,test,,4,True
49,50,50,aca412568c2d3e84423ec48b4c259f0bf59e7f24c2b6a548305164a462fb8367,1,development,5,4,True
50,51,51,343f97779e92a75005a37b420b3886a2ab852ac2282cd0b3565b5e75473619ad,0,development,1,4,True
51,52,52,061ba64092eac5bd44c6cacbaea2462c1e8b466f74244a7b2c13c2ba19e131c7,1,development,5,3,True
52,53,53,3d33bc9463e7c33f518ab655993b9f781e3be5cb7a1c9bfe175f92b60dcd2613,0,test,,3,True
53,54,54,d8d05858f6c6c77ee91db71d4bab1b1750aa0b43f5f9b002f0af6aa1da0fe5b8,1,test,,8,True
54,55,55,6ca52788d8dbc2bdc178275f032f7b8c01fa68075e0850b9c5448161951786a9,0,development,5,4,True
55,56,56,14443b3d24612a35abba78aaa251bff9b49707282094c445ec45fd38b3ffa6f9,0,development,5,4,True
56,57,57,14443b3d24612a35abba78aaa251bff9b49707282094c445ec45fd38b3ffa6f9,0,development,5,4,False
57,58,58,7571ee92bbc9fe16a5ad1579363ef8649ab489f854db348d7d9c4c1e7efc75e9,1,development,3,3,True
58,59,59,66462442c59b32e61a8c3524dd3703ce118e47f77cdff01924d3f5bbb64f2dbf,1,test,,3,True
59,60,60,8f55318caaf3927568c5480202057f4c3b39b0a86cf41a6db167fdc77ab9fe39,0,development,3,4,True
60,61,61,1aee97b08276c7517058cde71ba2e1e0c58f8848ffe6e4aff263fd57b515e587,0,test,,4,True
61,62,62,c9e7a1e3f5a720441980d54da64da6cc0704873f1611a6b7cf0be975f47747ec,1,development,4,4,True
62,63,63,aca412568c2d3e84423ec48b4c259f0bf59e7f24c2b6a548305164a462fb8367,1,development,5,4,False
63,64,64,7f46e41a27a75de946eb9ebf48a991a157e9490f0b996e0e1466f132bcd092f9,0,development,1,3,True
64,65,65,b9be251a4fda0f81d816d42257c61aaced7bedf8dc314ba8934eb4c24378f9eb,1,development,3,3,True
65,66,66,c9e7a1e3f5a720441980d54da64da6cc0704873f1611a6b7cf0be975f47747ec,1,development,4,4,False
66,67,67,647869556e35bc8fdc67c14d538ff75f1c52ae89f0ee4c7e078ff50a0db62fa1,0,development,5,4,True
67,68,68,fedd5c70bb3c8a11fb43b60060935c094a31d5805eb1ed2fd15017ab9da91375,1,development,4,3,True
68,69,69,6fb7211a460e94d8a2ff0054bee1425482bcef1ce7adf232fa5758f42ba5b121,0,development,2,4,True
69,70,70,d098aebb2c0d3f32ac82709a67d0859e588206a644400232fa7ae99d21c8e0f8,1,test,,3,True
70,71,71,3f021ab13bdcb8ae0e4820708ce8a75ac7d4ecd086ca3b3547275e9243e707ad,0,development,4,3,True
71,72,72,f6d853fdc4a1ac5955be7d219c34a8f08a6dacd7e7fccc931028d92e8429651b,0,development,5,3,True
72,73,73,1b5f089a7c6d6cbe4752e5a0476366179819182b598d80d7ff25d6a34fc0111f,0,development,2,4,True
73,74,74,27f58622864d217ed8c7ca30b321b0eafa1d6c599e57579ebc579691d137f2d8,0,test,,4,True
74,75,75,df1d3b0f2248abab4fb12f8f9aa0bb8eb0474bc47842db922dee0baa5ec6bda1,0,development,4,4,True
75,76,76,bb1930e4e9330814ee1c7d0c8b40c5ba051325c8703d42c3a5655323dd35a68d,0,test,,4,True
76,77,77,603cfec9ce1edf3278224d34ea43ef858a566d5a4c964e9678680d07026438d1,1,development,1,3,True
77,78,78,bba988a9d26ced6565527b09086c7aade67ef16213a33a6278b2ef3625373529,1,development,4,3,True
78,79,79,e730d621d57973dddae599c97a7d6066b1465945227bfcd5e8eb81b50c9b32f8,0,development,2,4,True
79,80,80,1b1129ef327d069f1a34c42adb437deff3a6d17d68517228c77f803183c892ff,1,development,4,3,True
80,81,81,1b1129ef327d069f1a34c42adb437deff3a6d17d68517228c77f803183c892ff,1,development,4,3,False
81,82,82,849ae80134bf91e463f2f63b372716e308875ff01244b9d8bee2aba9c5eb9f41,0,development,3,3,True
82,83,83,38bce2ff0e22f3df539b55d9d216d260f103d59ddf92db797b5b3d91f45c5871,0,development,5,4,True
83,84,84,07236a28c5f52d8c2aa76361308d5a15ec820c0a65353406518ef78dda73ded9,0,test,,3,False
84,85,85,d8d05858f6c6c77ee91db71d4bab1b1750aa0b43f5f9b002f0af6aa1da0fe5b8,1,test,,8,False
85,86,86,d098aebb2c0d3f32ac82709a67d0859e588206a644400232fa7ae99d21c8e0f8,1,test,,3,False
86,87,87,81bd778b049e7b92197bbaf720877992dbb11553313d9ab43f1528ac1616745d,1,development,3,4,True
87,88,88,74263a0590c0f5edcafddc6cf3bb13930ed7c8a19ce7c02afbdf8049227b5a24,1,development,3,4,False
88,89,89,74d43fe49e4de4a3e8536759ef6eecd48658b73769dc6d3bfaba40e1fa2d20ef,0,development,2,3,True
89,90,90,9d1210a366042f16f58716a0b2aa2b5521cdf17b75a645c3a5f9a2a3f009892e,0,development,3,4,True
90,91,91,1b06c566472cb1ec33bf7e37c86c2cb32d5247e2d414507bc5a2d80facf48cfd,0,development,2,3,True
91,92,92,8e815e6224cc4639a52ab1ae08fb124e258ce0126e14966faedf7a394b414341,1,development,1,3,True
92,93,93,ce64b99dd7879fab4a416b2b107278957d097722e511c122dcfacffba1d6aa7c,1,development,3,4,True
93,94,94,e730d621d57973dddae599c97a7d6066b1465945227bfcd5e8eb81b50c9b32f8,0,development,2,4,False
94,95,95,37017d97f2466972966c94e197ae3183b56c0eb6189f48ecbd798c6eae203126,0,development,4,4,False
95,96,96,d599b2196258eba82068373f3df1938a4b520ed6c54955aaa1fa503794b24adc,1,development,5,3,True
96,97,97,dd2800b0ea96c66364f3306ccd1a5ab6ea03c8388eca414925b643e74a6cb5ac,1,development,2,3,True
97,98,98,4e46c66a13476a18e41b9011c90927a84959e00120bb6bf8803729a2164e900c,1,development,1,3,True
98,99,99,244d0e39518c8f541b6b8258b6e7cb298cd85acc70e95a648bf50b83332af195,0,development,4,4,True
99,100,100,3fca6ad2af45e994867f0dc386a2e508f5ff6c0c16f41b5125089e51cf3be39e,0,development,4,3,True
100,101,101,cd19400fa2750e50b694144f670a249f901cf8a1802bea61873fceb002e85ea3,1,test,,3,True
101,102,102,f16247d803620af74eeb494a3c09ac3e6acfdd0bf5a4af592731805fbed20719,1,development,4,3,True
102,103,103,699503624a9726f122bd002cf2c31e5d52f3e9d52378c9e39980205edf8e3cb8,1,development,2,3,True
103,104,104,01b2d02e21c70f7adceafe2a74bb7d81a2fd07bf8680e73a3454ba24b0f75e7e,1,development,3,4,True
104,105,105,603cfec9ce1edf3278224d34ea43ef858a566d5a4c964e9678680d07026438d1,1,development,1,3,False
105,106,106,ad7183056d734299ca254ede7e184750bd0345f73c1dcd9fd0a638e853081569,1,test,,4,True
106,107,107,7aca4477c2989c14361a39ad10723de9580751a6b47f57474f7978ed10fd5f78,0,development,3,4,True
107,108,108,4ac578757f209823c2f46aae5441e129be3ea66c5c789b25152679499ebb2be6,0,development,1,4,True
108,109,109,4429b79f639f96884a81b073d2cca8b658c3155ac7cbd42eb827dc1dc99c016e,0,development,5,4,True
109,110,110,8b21c94eb86b1d9ba890e1cc38f18e999802fac53b4631c1731ee9107badae28,0,development,4,4,True
110,111,111,ec54dc21b3526091b69bb97c143065befaf49b0fff5b5b0edbe9926b1cdd49f3,0,test,,4,True
111,112,112,77d5789c9dbdb4478c8d61a59fd5db8997e837ff2ce0198a9b25ecaf89baf4a0,0,development,5,3,True
112,113,113,7f002c74c88d56f20387f9a39939a28cbfdfff55085d9611f50b66fdfd547e8f,1,development,1,3,True
113,114,114,bb1930e4e9330814ee1c7d0c8b40c5ba051325c8703d42c3a5655323dd35a68d,0,test,,4,False
114,115,115,e6a79fde0b768ebd318484a3a32160e6da306eb998fdbc5cb94c76b53b8d0497,0,development,3,4,True
115,116,116,65684880c5e1e32705900365c76289224ef388c226cedb9fc5cf9205de242410,0,test,,4,True
116,117,117,d2f6d8bfdc925926b52b4aae864f595549c5c2af935859f00fa441a2540b23a2,0,development,2,4,False
117,118,118,cd9c8c6bc18516e3a9ac3fb1d6afa604d44229e73613770a4784f65ebb57b974,0,development,4,4,True
118,119,119,74b17ea90d77b212c11109d27b9d3b9be35581a0cc2764adf81eb89a1ff7aabe,0,development,2,4,True
119,120,120,c9e7a1e3f5a720441980d54da64da6cc0704873f1611a6b7cf0be975f47747ec,1,development,4,4,False
120,121,121,37a5ca2f4a45de7fab333b84741ad58cc9f825d41d59b1164bce5f6f8ff371dc,1,development,2,3,True
121,122,122,01b2d02e21c70f7adceafe2a74bb7d81a2fd07bf8680e73a3454ba24b0f75e7e,1,development,3,4,False
122,123,123,37017d97f2466972966c94e197ae3183b56c0eb6189f48ecbd798c6eae203126,0,development,4,4,False
123,124,124,9af78ef35e19aad8c614167387840ddc427d6ba06741bbc5ed79b11923844b40,0,development,2,3,True
124,125,125,e0fa80ca1211201d49a550dd03fc4c49a024306027a3766883b2e914c7c59b9f,1,test,,3,True
125,126,126,8fce5508f36278d370665df53df181a14de66990b95b69e77e69ef7487b21b0b,0,development,3,4,True
126,127,127,cfe578d824a64a935d1ca438f17244b3531cc3e0c08f4418890f5384d15894c6,1,test,,4,True
127,128,128,ed440e129a3168a8a972629a667392a39fae8a93d7e4538e896df0e0717b4496,1,test,,3,True
128,129,129,fedd5c70bb3c8a11fb43b60060935c094a31d5805eb1ed2fd15017ab9da91375,1,development,4,3,False
129,130,130,1f83652fe17ea9ae57a330edf0e9cf8dd7680eda44b67707befa1bb75a531e0e,1,development,4,3,True
130,131,131,6a5facba7060397b41b604e420c7447f305524010379fc44045788411bf8d418,1,development,5,3,True
131,132,132,cfe578d824a64a935d1ca438f17244b3531cc3e0c08f4418890f5384d15894c6,1,test,,4,False
132,133,133,0ccf14389a963d48e004113394b3a2f471eaac2b93aec1dac63175398f187afd,1,test,,3,True
133,134,134,3019eb9e1e2b3b50d39f08ab776beb802ed15d5fc99de6ec9091db4070eb02d5,1,development,2,4,False
134,135,135,0ace5c2af2df9bc4e6441e53e392444525e325a2d3a68c86d2b5642afd86d72f,1,development,1,3,False
135,136,136,01b2d02e21c70f7adceafe2a74bb7d81a2fd07bf8680e73a3454ba24b0f75e7e,1,development,3,4,False
136,137,137,129187a6d1989b8cc9b57e85dc4d9895800f53b4ae4701f45a08e325b2376b74,0,development,2,4,True
137,138,138,fdfa6d0e96adb82e9938b26295ca093df27ec4f54560b528eade178354d6cbfc,1,development,1,4,False
138,139,139,1f5d179ce8e88b673dbee865916763858299c3e0dc63bb5c513c0b35cf6a46e1,1,development,4,3,True
139,140,140,603cfec9ce1edf3278224d34ea43ef858a566d5a4c964e9678680d07026438d1,1,development,1,3,False
140,141,141,80d441b0530a8c3c3a014666772785f6948f9f59b2fbe4dca24ef6b4e4bbf7d2,1,test,,3,True
141,142,142,70fe8d752064d32a25fd5dfd2f306c301d8439811ba23cdb3194d3e25fb5a50e,0,development,4,3,True
142,143,143,80c742d84f95bec4de97f8a03402cd1311fefb2bbd629cda6733ec49c9c7dbe7,0,test,,3,True
143,144,144,7d1a0d7b51fc1ca79344034ee06dac9db61da107e30bb307a34cbf260c4c303e,0,development,3,4,True
144,145,145,f5955d065e1ad64e6dd7a066e46970faf4570609e889a82677c91847b43ccf51,1,development,5,3,True
145,146,146,297729bb51295fd7c92c3e11ea44a176fd131ffa59292eb69bf12a5cfb61d7ec,1,development,5,3,True
146,147,147,61378bf2c4a1c06a1e183a872365216e3b2b8f60f7caf2e2ec42580ad3ed365f,0,development,2,4,True
147,148,148,860eb53eed8a67b576b005aefd9eeb466479557343a6dac29a4085b281056fec,1,development,1,3,True
148,149,149,178a78be273c187af69c4c36804102052b935fcffe2c0a83f38d884e6432c23e,0,development,3,3,True
149,150,150,82a99de9fbb442105521d932e584019f8b8d46ace4ca08841c9711ef096cd4c5,1,development,4,3,True
150,151,151,cc0fc219a020bff908f6e6eb7bbec747dd8a68c3d92461f4ccf417b985254a0d,1,development,3,3,True
151,152,152,d30c09705f48c161d3a9e5efeb137dd919907efda71e91f7457a1177531458cf,0,development,1,4,False
152,153,153,3f2ae0deb6d754888898ee1bfde5b96c5101eb11a8e9a5cb525b7ca2d517fd4e,0,development,1,3,True
153,154,154,c221199c5bd9f20988d4207d50b2948464323577aa37d5dade5dd1450bf5904a,0,test,,4,True
154,155,155,120c066e96fbf896a39fd17defc80d0d3914bd808fdfa0bb021e353ed8901859,1,development,2,4,False
155,156,156,dd5c245125fe3099c5e793a7b54c034797b426e0102a57072052647de3c5dd48,0,development,1,4,True
156,157,157,01b2d02e21c70f7adceafe2a74bb7d81a2fd07bf8680e73a3454ba24b0f75e7e,1,development,3,4,False
157,158,158,0407b2e5edd3f95da70a19f2c12e12a47c44e87ff40fc30a43008ea9828acd37,1,development,1,3,True
158,159,159,120c066e96fbf896a39fd17defc80d0d3914bd808fdfa0bb021e353ed8901859,1,development,2,4,False
159,160,160,ca34f7df41e00a22d82176837673a1b167f35018f31863a68d987fe94f6044f2,1,development,5,3,True
160,161,161,3a9042a29b3fdd27f4ee67ed178246094baf68a7233571b46398b0ecc1016bed,1,development,2,4,True
161,162,162,bb7e29caa6d2cef421e3a09d03d81364f29d33dcdbcf549476c1d7c6d82ab962,0,development,1,3,True
162,163,163,bf48fb6cbf53057d3b546db601b53563f5b011ddcc2268b459f693500a06ab7a,1,development,3,4,True
163,164,164,bb7e29caa6d2cef421e3a09d03d81364f29d33dcdbcf549476c1d7c6d82ab962,0,development,1,3,False
164,165,165,1d51ec110e8e21b17cc0b4768ea24be1f7374646eb4f366556bceb09cb733e19,0,development,3,3,True
165,166,166,27f58622864d217ed8c7ca30b321b0eafa1d6c599e57579ebc579691d137f2d8,0,test,,4,False
166,167,167,f6d853fdc4a1ac5955be7d219c34a8f08a6dacd7e7fccc931028d92e8429651b,0,development,5,3,False
167,168,168,1b13de9667a1c75c937b869c9712b13162197cb3cecd6a46d0a43d83cc10c822,0,development,2,3,True
168,169,169,ddcd413a1afaff6d3ca9d53ec460165936f280c13bd8ec6a099d3f290abf9589,1,test,,3,True
169,170,170,82a729e79d9a22a70c04d11594bf838f531727d9df814c2e8f0d1d97c4e0d8ef,1,test,,3,True
170,171,171,3e98a544e19cf7567bae4c115de6e5f27624effefccfad2a95d4d4a889417088,1,test,,3,True
171,172,172,68d75c45084b6efac5d05ce6d70ff9e0bc3b5e1fa08ca26671a3b3218e4b4cef,1,test,,3,True
172,173,173,9e38f577755af30ef9073f9811650f8b5e27d31fa538abb028c7257b5938854a,0,development,2,4,True
173,174,174,1c7f4c143bea5753cfffa7db6bc57e8ef8757cfb6ad73cc78c2a324f18bbf8d5,1,development,2,4,True
174,175,175,e26dbf6dab96e0bdac459c7140cb1a4bab5bd832038ab3789e75e2a3ee1ef187,1,development,1,3,True
175,176,176,31fb88da40cc50c6bb2bf5c056385a8acd4a2fdf92ca684f2b333232a08e0bf9,0,development,5,4,True
176,177,177,421e3acb4b57eb58410e4276a6498e8bc39389ad128e7c7a59091291fcd0275a,0,test,,4,True
177,178,178,9e38f577755af30ef9073f9811650f8b5e27d31fa538abb028c7257b5938854a,0,development,2,4,False
178,179,179,534f9af47c5f491cc5dccac4f9d01a63b6e3c81664b5debce6e390a31e8362e6,0,development,1,4,True
179,180,180,77d5789c9dbdb4478c8d61a59fd5db8997e837ff2ce0198a9b25ecaf89baf4a0,0,development,5,3,False
180,181,181,8bb6305f62d0bcddd0bb27c82749e15f638e7fa04f1fd7cff8afe59356dc2cf8,0,development,4,3,True
181,182,182,e730d621d57973dddae599c97a7d6066b1465945227bfcd5e8eb81b50c9b32f8,0,development,2,4,False
182,183,183,66d1e294707307b4e01fbfec8f7518babeca6f7c3d358e108423e5c4ef2a97bb,1,development,1,3,True
183,184,184,f571f0cd4c431f4b48997a331dd42b1029a286f870eb5192eb628a62b4db0f30,0,development,2,4,True
184,185,185,0360d1fe51073754b3d7e916e181429845ca593d2283b305477af36399e10e0a,1,development,2,4,True
185,186,186,1030d9bbe09e07182b7d28a3a8a04f78c8aadc5ddee469302befa6c7f0bcd625,1,test,,3,True
186,187,187,73d6e2ede5803e93f0b607cac2296734d1de4a2725a8213dede5db0a488f74b1,0,test,,4,True
187,188,188,61378bf2c4a1c06a1e183a872365216e3b2b8f60f7caf2e2ec42580ad3ed365f,0,development,2,4,False
188,189,189,27f58622864d217ed8c7ca30b321b0eafa1d6c599e57579ebc579691d137f2d8,0,test,,4,False
189,190,190,cd9c8c6bc18516e3a9ac3fb1d6afa604d44229e73613770a4784f65ebb57b974,0,development,4,4,False
190,191,191,5a826db633bc4287d736ccab62222f706dd6bae2431d9e023c4519c2dbf74dbf,0,development,3,4,True
191,192,192,7b4cb154cd8c96042bc5aa6fbfaa724dc9d8e687f6b7683bd7ad946a959c57c3,1,development,2,3,True
192,193,193,789ca93868a1160ef0149b26f44f6db86d70b66095514fabd8e42fc41e0fd745,1,development,2,4,True
193,194,194,ca34f7df41e00a22d82176837673a1b167f35018f31863a68d987fe94f6044f2,1,development,5,3,False
194,195,195,a413cb39d1decbc932843765c2542a4f438d41b0490d251063c04001303012b5,1,development,1,3,True
195,196,196,b638ab645482db4e738d7d3eb39bd66b3f32590e2de9c2fe379d9e510078ac26,0,development,2,4,True
196,197,197,b9be251a4fda0f81d816d42257c61aaced7bedf8dc314ba8934eb4c24378f9eb,1,development,3,3,False
197,198,198,376629d252e21d46601aaa2b226335bd246434c5d3da80a87eaf29876be78c55,0,test,,4,True
198,199,199,ec4d12033a1fd07b320e7d4cd8d5b4ee80c604728b96360e714545dfc9024b5b,1,development,4,3,True
199,200,200,f0ad337c1acc1781789c6091d8003ba7a56eff910eb6a35154877cc1b87e6e4e,1,development,3,3,True
200,201,201,5a5522ce37eb6a200af447f255944323e78731c213ba32119d8a85a9c50441d9,0,development,1,3,True
201,202,202,ce64b99dd7879fab4a416b2b107278957d097722e511c122dcfacffba1d6aa7c,1,development,3,4,False
202,203,203,f5955d065e1ad64e6dd7a066e46970faf4570609e889a82677c91847b43ccf51,1,development,5,3,False
203,204,204,82a99de9fbb442105521d932e584019f8b8d46ace4ca08841c9711ef096cd4c5,1,development,4,3,False
204,205,205,2754c37c395a88ff0d419fc8b9703176c9c56116a1a638c323b189c4c1fe3dd7,1,test,,4,True
205,206,206,aca412568c2d3e84423ec48b4c259f0bf59e7f24c2b6a548305164a462fb8367,1,development,5,4,False
206,207,207,fd7aa2b65fe93a64b53b9c837c3e6c7176d77035cc0eb236a0cf8fff931b588c,1,development,5,3,True
207,208,208,65684880c5e1e32705900365c76289224ef388c226cedb9fc5cf9205de242410,0,test,,4,False
208,209,209,7b4cb154cd8c96042bc5aa6fbfaa724dc9d8e687f6b7683bd7ad946a959c57c3,1,development,2,3,False
209,210,210,d8d05858f6c6c77ee91db71d4bab1b1750aa0b43f5f9b002f0af6aa1da0fe5b8,1,test,,8,False
210,211,211,4429b79f639f96884a81b073d2cca8b658c3155ac7cbd42eb827dc1dc99c016e,0,development,5,4,False
211,212,212,b3468cc6871414e829c8ec8693fde72cae6ad1c8830fc103376427901047c434,1,development,5,3,True
212,213,213,7f46e41a27a75de946eb9ebf48a991a157e9490f0b996e0e1466f132bcd092f9,0,development,1,3,False
213,214,214,b98d3240019a115ee2fccbec1fdf30c890f2e6d5bd029388daa513437e1b5434,0,development,5,3,True
214,215,215,82a729e79d9a22a70c04d11594bf838f531727d9df814c2e8f0d1d97c4e0d8ef,1,test,,3,False
215,216,216,1030d9bbe09e07182b7d28a3a8a04f78c8aadc5ddee469302befa6c7f0bcd625,1,test,,3,False
216,217,217,dd50184de273af2a3d578585f291921aac3536f436834c3d87755754b64079b0,1,test,,3,True
217,218,218,170beb254cb4ead91ac6abdd27b9f5fb35183137c08b806ed7193d57b16feb8e,0,development,1,4,True
218,219,219,3a9042a29b3fdd27f4ee67ed178246094baf68a7233571b46398b0ecc1016bed,1,development,2,4,False
219,220,220,c9246dfbc22ee6805ce09f105ff30b46cace541927305f4be922f0b6212fccd6,0,test,,4,True
220,221,221,6d17cf05200500a503fbbd130f852633a3fa56977e59c320896d3b69a0b64f33,0,test,,4,False
221,222,222,620cc12069aca5ccf15c41fba13c7c8c9222ee69785e8bf549d69a2c43c490b4,0,development,3,3,True
222,223,223,cd9c8c6bc18516e3a9ac3fb1d6afa604d44229e73613770a4784f65ebb57b974,0,development,4,4,False
223,224,224,66d1e294707307b4e01fbfec8f7518babeca6f7c3d358e108423e5c4ef2a97bb,1,development,1,3,False
224,225,225,e26dbf6dab96e0bdac459c7140cb1a4bab5bd832038ab3789e75e2a3ee1ef187,1,development,1,3,False
225,226,226,00efcd0f08db874842d18f19a10747b1a78fd78cc29d147ed06746f0aeecc7dc,1,test,,3,True
226,227,227,7f6eb87a7a0f0e7c7a774f4a858d04d3733168da28f6b25ac8cc3f36a4d9791f,1,development,2,3,True
227,228,228,38bce2ff0e22f3df539b55d9d216d260f103d59ddf92db797b5b3d91f45c5871,0,development,5,4,False
228,229,229,3bffbffa715191f503c4a4c2314090d97c79030b124a3b27e84890199e7a8f2b,1,test,,3,True
229,230,230,cd365ce7907ad5d04fd47b4d8758d592e29b75c0baeecca5f1cc14bd0d7fc010,1,development,5,3,True
230,231,231,ddc3f39e5ad7141f45bc45b7520750a55186d88a762f5abbbef5525f30da815c,0,test,,4,False
231,232,232,c221199c5bd9f20988d4207d50b2948464323577aa37d5dade5dd1450bf5904a,0,test,,4,False
232,233,233,2e962eaae036270df658e4a4408980b6924f8f3ae4e353de90879894c10eeffa,1,development,3,3,True
233,234,234,c9e81c70995e4af02e24d4f22730abed6a955fc8aa4489391dcce8a780049d0c,0,development,4,3,True
234,235,235,135c49b7206acbca4bd59a45bb5d0a441086b0141794b35d9d227242c762622b,1,development,1,3,True
235,236,236,524e62aa99d66a1475c941c30fcc40cbc63c9ac4f02a66c2797f0af0e68cec0c,1,development,3,3,True
236,237,237,2754c37c395a88ff0d419fc8b9703176c9c56116a1a638c323b189c4c1fe3dd7,1,test,,4,False
237,238,238,38bce2ff0e22f3df539b55d9d216d260f103d59ddf92db797b5b3d91f45c5871,0,development,5,4,False
238,239,239,6b91d8af6046bb1b3bd4201ff0769b39a44b8575601f6844e89f4fbd8fa89d28,0,development,4,4,True
239,240,240,343f97779e92a75005a37b420b3886a2ab852ac2282cd0b3565b5e75473619ad,0,development,1,4,False
240,241,241,cc8c89cd0a972fdc064c79b43412c7ecf3dd893295d57cf6507359ba5fd03779,0,development,1,3,True
241,242,242,7c1fb69465a7636425be744b6cf9f0a9e0b642b470151730b2223f390f084cb4,1,development,5,3,True
242,243,243,8f55318caaf3927568c5480202057f4c3b39b0a86cf41a6db167fdc77ab9fe39,0,development,3,4,False
243,244,244,d8d05858f6c6c77ee91db71d4bab1b1750aa0b43f5f9b002f0af6aa1da0fe5b8,1,test,,8,False
244,245,245,7fa477610afc161c8c6896002d27de9519656c1dc1e45ca94e675e67d6b62df4,0,development,2,3,False
245,246,246,5c0b540b637e788c8fc043df421a9c0558a171671432a84b540cbe2534cc5ad0,1,development,2,3,True
246,247,247,06af32be1fea11cafb8a39d95c9a43fc43ed522f2c1e3b737c37648a2f736f40,1,development,3,3,True
247,248,248,3f2ae0deb6d754888898ee1bfde5b96c5101eb11a8e9a5cb525b7ca2d517fd4e,0,development,1,3,False
248,249,249,c9246dfbc22ee6805ce09f105ff30b46cace541927305f4be922f0b6212fccd6,0,test,,4,False
249,250,250,71a456eca9ed8e0f911459cf49f92f5fc04a04441ffa627fcc36dce85f9fa8d2,1,development,1,4,True
250,251,251,0360d1fe51073754b3d7e916e181429845ca593d2283b305477af36399e10e0a,1,development,2,4,False
251,252,252,7aca4477c2989c14361a39ad10723de9580751a6b47f57474f7978ed10fd5f78,0,development,3,4,False
252,253,253,3e98a544e19cf7567bae4c115de6e5f27624effefccfad2a95d4d4a889417088,1,test,,3,False
253,254,254,825f8b984b3b2505c87484fc88419cb15c5d6d2fb94134940297db5ba9c9b0a0,0,development,1,4,True
254,255,255,73d6e2ede5803e93f0b607cac2296734d1de4a2725a8213dede5db0a488f74b1,0,test,,4,False
255,256,256,f8d7191c33cd66e4036928b32a526d0e7092e626e266655498b2fb7fa268b982,0,development,2,4,True
256,257,257,57406ef4552f43df3583eb064c14d18ff05a35a479c162a4facf5417fa6aacb1,1,development,2,3,True
257,258,258,58575998326d6f39bc9f021302255ed4cb8e71ba926847810c3c6107062b2305,1,development,3,4,True
258,259,259,1f5d179ce8e88b673dbee865916763858299c3e0dc63bb5c513c0b35cf6a46e1,1,development,4,3,False
259,260,260,757cb6c1021bfb2d04e492afa47e4ca576c7bdb0f2e1634ede080ae8788c08dd,0,development,2,4,True
260,261,261,ed440e129a3168a8a972629a667392a39fae8a93d7e4538e896df0e0717b4496,1,test,,3,False
261,262,262,6a38a3aa130a38b6a6c9e4b293719c34f4ab16da218a8f81551d06e721cd67c9,1,development,4,4,True
262,263,263,7f6eb87a7a0f0e7c7a774f4a858d04d3733168da28f6b25ac8cc3f36a4d9791f,1,development,2,3,False
263,264,264,1eea40f77e57121da4b599eeb72ab1c5dd4b625c0ec1482606ace2528d3c07c8,1,development,4,3,True
264,265,265,fdfa6d0e96adb82e9938b26295ca093df27ec4f54560b528eade178354d6cbfc,1,development,1,4,False
265,266,266,129187a6d1989b8cc9b57e85dc4d9895800f53b4ae4701f45a08e325b2376b74,0,development,2,4,False
266,267,267,e18400d255a8fe19f6cf3fb3c63068458a4c1d567fed71427cc4c355472be3dd,1,development,1,3,False
267,268,268,244d0e39518c8f541b6b8258b6e7cb298cd85acc70e95a648bf50b83332af195,0,development,4,4,False
268,269,269,096b6ed78faef05c313ad9d51bcfad2e71cd63037cd77d8c7a591f2b5c7e6610,0,development,4,4,True
269,270,270,4cf48cafc68ff8e922d89b0238322bfcf427064a08f1ce306dfb7b1039209bc1,0,development,3,4,True
270,271,271,2bc8c2b9337b71f266f35585dc762c806965b51c582af7c8c5a0e47aeeccef54,1,development,3,4,True
271,272,272,c250cae60f244a16c2021f894c8325ca55e383e549055689d646fa3830107b01,1,development,4,3,True
272,273,273,c55a7e160850b5600d39fdf91e2748ce9a6052c5453da5253e012c334394a10f,1,development,2,3,True
273,274,274,71a456eca9ed8e0f911459cf49f92f5fc04a04441ffa627fcc36dce85f9fa8d2,1,development,1,4,False
274,275,275,ec54dc21b3526091b69bb97c143065befaf49b0fff5b5b0edbe9926b1cdd49f3,0,test,,4,False
275,276,276,cc5f448a32badd8210c0774fd170aa0efc4f7b9f1c5c4115cf660017252ec109,1,development,3,4,True
276,277,277,9e38f577755af30ef9073f9811650f8b5e27d31fa538abb028c7257b5938854a,0,development,2,4,False
277,278,278,5602140911692ba940f6d47f43cfbe7e24f6c502af3472801a5f6c4f00adde73,1,test,,3,True
278,279,279,06af32be1fea11cafb8a39d95c9a43fc43ed522f2c1e3b737c37648a2f736f40,1,development,3,3,False
279,280,280,8209afdfc4f413d00c86b7537bbec68d79514b004420fea13039b4e34bab3f65,0,test,,4,False
280,281,281,f4120adf75eab3565048aed3d1a7c55680beb59934877654a7db7c346038efb2,1,development,4,3,True
281,282,282,9c97fd04daf2e276f6870c8a09bc4f169510ecfb6b4efe771802e002cccd35e2,1,development,3,4,True
282,283,283,b9f19fa8190e5b6f47648f3a9da3f9afc583fd73bdf9c7a0e204c9f9684d4169,1,development,5,4,True
283,284,284,8feee4224ffbeb5f7b43b2b4fad9c3c5ae603265edf250f61081635299493c5f,1,development,1,3,True
284,285,285,66d1e294707307b4e01fbfec8f7518babeca6f7c3d358e108423e5c4ef2a97bb,1,development,1,3,False
285,286,286,4cf48cafc68ff8e922d89b0238322bfcf427064a08f1ce306dfb7b1039209bc1,0,development,3,4,False
286,287,287,2bc8c2b9337b71f266f35585dc762c806965b51c582af7c8c5a0e47aeeccef54,1,development,3,4,False
287,288,288,5270e06dd07b1eee8360113c3002a00782a57f2fd1ee83b393297d321910c860,1,development,1,3,True
288,289,289,677ace1b7f031aa18f4cef63c87a9fbecdc05d0153ba697168eb3c812d79bb19,1,development,5,3,True
289,290,290,f4b13e3f04b63170894bf22d8fc9562675ee2f2cb9a0d1cb95ffa9ee0ca6cab1,1,development,5,3,True
290,291,291,8b21c94eb86b1d9ba890e1cc38f18e999802fac53b4631c1731ee9107badae28,0,development,4,4,False
291,292,292,1f83652fe17ea9ae57a330edf0e9cf8dd7680eda44b67707befa1bb75a531e0e,1,development,4,3,False
292,293,293,91f1fe0c1afab92ecaff95c1f6f3213dae324ce38e46f2b944c8681a6a32e481,0,test,,3,True
293,294,294,dcf56b83ac2fcdb249809aacc65db1e72810bd0f85d48af38af88189180f5359,1,development,1,3,True
294,295,295,b9be251a4fda0f81d816d42257c61aaced7bedf8dc314ba8934eb4c24378f9eb,1,development,3,3,False
295,296,296,421e3acb4b57eb58410e4276a6498e8bc39389ad128e7c7a59091291fcd0275a,0,test,,4,False
296,297,297,7f46e41a27a75de946eb9ebf48a991a157e9490f0b996e0e1466f132bcd092f9,0,development,1,3,False
297,298,298,096b6ed78faef05c313ad9d51bcfad2e71cd63037cd77d8c7a591f2b5c7e6610,0,development,4,4,False
298,299,299,495cc9be552f134bbd4f0e2c0176d48dba754b3dc99c138e97ae8f1fcf0edcb1,0,development,4,3,True
299,300,300,b9f19fa8190e5b6f47648f3a9da3f9afc583fd73bdf9c7a0e204c9f9684d4169,1,development,5,4,False
300,301,301,8d3e8dbe93157da0e9d633d3862e433fa85b14ee806b0f0b8fb51579cf367089,1,test,,3,True
301,302,302,717a078e2e8be7277e3906efae4c7a8126a752273c690db3cc08505c141d56ff,1,test,,3,True
302,303,303,b4298434e7d0bab5069a26d3f7655660f9d9e3eef72e0b5854dbdf30fb4a6b3f,1,test,,4,True
303,304,304,fdfa6d0e96adb82e9938b26295ca093df27ec4f54560b528eade178354d6cbfc,1,development,1,4,False
304,305,305,9af78ef35e19aad8c614167387840ddc427d6ba06741bbc5ed79b11923844b40,0,development,2,3,False
305,306,306,bc01e9feb2ba2f4c340bc6785a4e3b676a96f1532ea05cc4a644d35d872b0762,1,development,2,3,True
306,307,307,0dee614e6d81244540b4166c994f0559c9efce5766765c3e78fcdf5e9c7b7e3f,0,development,2,3,True
307,308,308,3bffbffa715191f503c4a4c2314090d97c79030b124a3b27e84890199e7a8f2b,1,test,,3,False
308,309,309,81bd778b049e7b92197bbaf720877992dbb11553313d9ab43f1528ac1616745d,1,development,3,4,False
309,310,310,65684880c5e1e32705900365c76289224ef388c226cedb9fc5cf9205de242410,0,test,,4,False
310,311,311,7bc7edc81504823da0e2cc15c08d254d6374580c1278bd0c02c1068619176e4d,1,development,1,3,True
311,312,312,8fce5508f36278d370665df53df181a14de66990b95b69e77e69ef7487b21b0b,0,development,3,4,False
312,313,313,bb1930e4e9330814ee1c7d0c8b40c5ba051325c8703d42c3a5655323dd35a68d,0,test,,4,False
313,314,314,5c2b48acf547b55cf9c87fa708c9357aa01caa36724f2c43da32b8023347319e,0,development,3,3,False
314,315,315,2270cf63c75bff8f5ef058b2fadb9aecf66d022bcba7474ec79d74ed30cc1f3f,1,development,1,3,True
315,316,316,0407b2e5edd3f95da70a19f2c12e12a47c44e87ff40fc30a43008ea9828acd37,1,development,1,3,False
316,317,317,fd7aa2b65fe93a64b53b9c837c3e6c7176d77035cc0eb236a0cf8fff931b588c,1,development,5,3,False
317,318,318,5270e06dd07b1eee8360113c3002a00782a57f2fd1ee83b393297d321910c860,1,development,1,3,False
318,319,319,5a8d0043ad2df8d0f0c35b9d158a0b31ea8a63eb6f595c3f4a094660e70d4d0e,1,development,4,3,False
319,320,320,df1d3b0f2248abab4fb12f8f9aa0bb8eb0474bc47842db922dee0baa5ec6bda1,0,development,4,4,False
320,321,321,e41f2e64a79954c9fd723382f0487dfbf40e9c368b0e03b7c346d068482865eb,1,development,1,3,True
321,322,322,cd30b545269c64e3a3a5898d73ac2d127104626770f16dddc903ebcb82750600,1,development,2,3,True
322,323,323,b0a89e4436a57c29cab621c76e7efd3b37c13e43cea5fadd38336b1c5ebddbe4,1,development,3,3,True
323,324,324,6a8f170690918ae06c3ba2785b52b7ef0f41ec47d10d22255e8fce9fcab1a500,0,development,4,3,True
324,325,325,e116e341f7f5f6dab22df090e03a21a207341fd36dffd8ce4b5450b87d6ad22c,0,development,3,3,True
325,326,326,66462442c59b32e61a8c3524dd3703ce118e47f77cdff01924d3f5bbb64f2dbf,1,test,,3,False
326,327,327,7bc7edc81504823da0e2cc15c08d254d6374580c1278bd0c02c1068619176e4d,1,development,1,3,False
327,328,328,3f2ae0deb6d754888898ee1bfde5b96c5101eb11a8e9a5cb525b7ca2d517fd4e,0,development,1,3,False
328,329,329,88787e52c8e73fece635b59741e5064a29ff0d0e1509c3e5d51543b5ec5ba88a,0,development,5,4,True
329,330,330,0609526803727eb7a02eae6e31fdad5351ee604bf6e87ca01cef0f174ec966c4,0,development,1,4,True
330,331,331,e41f2e64a79954c9fd723382f0487dfbf40e9c368b0e03b7c346d068482865eb,1,development,1,3,False
331,332,332,d098aebb2c0d3f32ac82709a67d0859e588206a644400232fa7ae99d21c8e0f8,1,test,,3,False
332,333,333,6722a9945781794c423b108d03952930f9d754497aa1321848b989b9e89c4f33,0,development,5,4,True
333,334,334,b78557ce10197718a152e202e49d54e4f3510e8b930749217564c5db89832954,1,development,5,3,True
334,335,335,295d3770d48a22c76fbea70306840dbd3e5705d6e8d33e981f02fd949298e5e7,1,development,1,3,True
335,336,336,e267aca2d9fad7b05b3e27e392eea6c3ac2fe229dfe6fba8125edb8ab70fa856,0,development,5,4,True
336,337,337,495cc9be552f134bbd4f0e2c0176d48dba754b3dc99c138e97ae8f1fcf0edcb1,0,development,4,3,False
337,338,338,699503624a9726f122bd002cf2c31e5d52f3e9d52378c9e39980205edf8e3cb8,1,development,2,3,False
338,339,339,07c4c4ce98cafa879b533e4f51ab5fd8f20c01d146b13a83e0340860f7edafb2,1,development,5,3,True
339,340,340,cfba642a12fc49a24c4a9576252fe8886575fba4b0aba975c99ed02b1c5bc28d,0,development,1,4,False
340,341,341,f5fd06ea68a4406ae19dde6a0ac1d0acbdebbf6504848d53aeab419561219e0e,0,test,,3,True
341,342,342,d8d05858f6c6c77ee91db71d4bab1b1750aa0b43f5f9b002f0af6aa1da0fe5b8,1,test,,8,False
342,343,343,6a38a3aa130a38b6a6c9e4b293719c34f4ab16da218a8f81551d06e721cd67c9,1,development,4,4,False
343,344,344,0e456da1d5cf3ab7c2f5989ea69e0b08ec37617973a3f31b353534f530abe725,1,development,4,3,True
344,345,345,fe294f19347477153461441681326d163ce2d6aeea6650f20536e917b90285e4,1,development,4,3,True
345,346,346,3a9042a29b3fdd27f4ee67ed178246094baf68a7233571b46398b0ecc1016bed,1,development,2,4,False
346,347,347,e116e341f7f5f6dab22df090e03a21a207341fd36dffd8ce4b5450b87d6ad22c,0,development,3,3,False
347,348,348,b98d3240019a115ee2fccbec1fdf30c890f2e6d5bd029388daa513437e1b5434,0,development,5,3,False
348,349,349,8e815e6224cc4639a52ab1ae08fb124e258ce0126e14966faedf7a394b414341,1,development,1,3,False
349,350,350,ae8873c61d6232fd878a5a241d1017471f0aebad3c70e67f6a80dea02d16c8e8,0,development,2,3,True
350,351,351,c6e2d067bd47a9ef04baca30f3b47d6f4fab6b04fdb6fba2f4e35f574be7676b,0,development,3,4,True
351,352,352,ed440e129a3168a8a972629a667392a39fae8a93d7e4538e896df0e0717b4496,1,test,,3,False
352,353,353,5a5522ce37eb6a200af447f255944323e78731c213ba32119d8a85a9c50441d9,0,development,1,3,False
353,354,354,e6a79fde0b768ebd318484a3a32160e6da306eb998fdbc5cb94c76b53b8d0497,0,development,3,4,False
354,355,355,cf47d8d0b7538dc2494a4bd2ff50962532ffa8063831c87277198fc7856d1113,1,development,2,3,True
355,356,356,6b91d8af6046bb1b3bd4201ff0769b39a44b8575601f6844e89f4fbd8fa89d28,0,development,4,4,False
356,357,357,76188df7212d02fe6400921583c3af92cec04bccde92adf10fbff387728c06bb,1,development,2,3,True
357,358,358,389c4502d032aa2f0cc33a502e4200ba50509572bf9baab03efec659d0a94ac3,0,development,3,3,True
358,359,359,b638ab645482db4e738d7d3eb39bd66b3f32590e2de9c2fe379d9e510078ac26,0,development,2,4,False
359,360,360,fd879715d2b755ead328e0e559498cfac30f4c585f11aa98b2f1759be0cb79fc,0,test,,4,True
360,361,361,e41f2e64a79954c9fd723382f0487dfbf40e9c368b0e03b7c346d068482865eb,1,development,1,3,False
361,362,362,1eea40f77e57121da4b599eeb72ab1c5dd4b625c0ec1482606ace2528d3c07c8,1,development,4,3,False
362,363,363,83ee532a1d29b3a96067a4d54513c801553ec3df64470b689aac366c71d6a042,1,development,5,3,True
363,364,364,f16247d803620af74eeb494a3c09ac3e6acfdd0bf5a4af592731805fbed20719,1,development,4,3,False
364,365,365,d7f0b6bf362030cda6a4091e5bb648974fc9b04dc0759e79e46442b79f7aec71,1,test,,3,True
365,366,366,620cc12069aca5ccf15c41fba13c7c8c9222ee69785e8bf549d69a2c43c490b4,0,development,3,3,False
366,367,367,d7f0b6bf362030cda6a4091e5bb648974fc9b04dc0759e79e46442b79f7aec71,1,test,,3,False
367,368,368,fb2158de6ed4e9a39d3bd3ad86365c118ca6951ca9356fce9ef06d503737df06,0,development,3,3,True
368,369,369,06a34b269352a33c115f788d694afc4ba07be1929f1ec4835e638f3cf1dba6bb,0,test,,4,True
369,370,370,2f1e466e8b88739333b5340aaf307b22359f620ce47253b860c2cafc69526f03,1,test,,3,True
370,371,371,7d8da25e9ce0d659ef0e6ddc790d98e5843871183b13d257985c8192be9c299b,1,development,2,3,True
371,372,372,13de85647cb767115b90dc11946b4b68b3bf0df758589903b501a619b2b3b417,0,development,4,4,False
372,373,373,825f8b984b3b2505c87484fc88419cb15c5d6d2fb94134940297db5ba9c9b0a0,0,development,1,4,False
373,374,374,295d3770d48a22c76fbea70306840dbd3e5705d6e8d33e981f02fd949298e5e7,1,development,1,3,False
374,375,375,1ff46e0483cbf49dbe3624ca3cc23d068b669f6c225003a42484054c73d75ba0,0,test,,4,True
375,376,376,096712ed40df97b119e2b1b3fe93efaac6885a8d6d0c0dcbca66350b83dfcb42,1,development,4,3,True
376,377,377,cc5f448a32badd8210c0774fd170aa0efc4f7b9f1c5c4115cf660017252ec109,1,development,3,4,False
377,378,378,8f4533f48e184729d8435c4595ac02b2a74540885869b0ab9fa1686400f47b38,1,development,4,3,True
378,379,379,23ed059869f6c1afcd09b196e796988f5eea1973e88e52e8a44beb0ff35e4457,1,test,,3,True
379,380,380,096b6ed78faef05c313ad9d51bcfad2e71cd63037cd77d8c7a591f2b5c7e6610,0,development,4,4,False
380,381,381,ad7183056d734299ca254ede7e184750bd0345f73c1dcd9fd0a638e853081569,1,test,,4,False
381,382,382,dc3c121a5dfc1821538ece060b91b4c94fe9371f0c30eb41c6d7e3fe52ffa100,0,development,1,4,True
382,383,383,4cf48cafc68ff8e922d89b0238322bfcf427064a08f1ce306dfb7b1039209bc1,0,development,3,4,False
383,384,384,c23cf2fb25dc504ed1e89facab54621d597f07f16441f48179db2de6f77cdb5d,0,test,,3,True
384,385,385,495cc9be552f134bbd4f0e2c0176d48dba754b3dc99c138e97ae8f1fcf0edcb1,0,development,4,3,False
385,386,386,b8e349b1ba6e3b96024138700a9f65e0b547880c5d961e044b3b1316973d8a13,0,development,2,3,True
386,387,387,7d8da25e9ce0d659ef0e6ddc790d98e5843871183b13d257985c8192be9c299b,1,development,2,3,False
387,388,388,e7e2449f4432e1c84b59cf7c038eccdaf3bc03994089a00dfd9cc30a019ab68f,1,development,4,3,False
388,389,389,bb7e29caa6d2cef421e3a09d03d81364f29d33dcdbcf549476c1d7c6d82ab962,0,development,1,3,False
389,390,390,534f9af47c5f491cc5dccac4f9d01a63b6e3c81664b5debce6e390a31e8362e6,0,development,1,4,False
390,391,391,5c2e15695af92e59f03182c6a247d293720c0302b43330da5f3e2863d21df14c,1,development,3,3,True
391,392,392,10cb202b1229270efda6de3f5cac0cf57a41e4f051b04330f96cbf00c11a67b9,0,development,5,4,False
392,393,393,74711b8929e416b1ddec52d3428bc8e56ccf9d866095c2ee2b38b4de3e2d801d,0,development,5,3,True
393,394,394,7d8da25e9ce0d659ef0e6ddc790d98e5843871183b13d257985c8192be9c299b,1,development,2,3,False
394,395,395,3f021ab13bdcb8ae0e4820708ce8a75ac7d4ecd086ca3b3547275e9243e707ad,0,development,4,3,False
395,396,396,dd5c245125fe3099c5e793a7b54c034797b426e0102a57072052647de3c5dd48,0,development,1,4,False
396,397,397,aca412568c2d3e84423ec48b4c259f0bf59e7f24c2b6a548305164a462fb8367,1,development,5,4,False
397,398,398,8fb0b52de49f211acfa3020927c26a1e684640557296a758fc0072e7dac852a6,0,development,5,3,True
398,399,399,61378bf2c4a1c06a1e183a872365216e3b2b8f60f7caf2e2ec42580ad3ed365f,0,development,2,4,False
399,400,400,cc5f448a32badd8210c0774fd170aa0efc4f7b9f1c5c4115cf660017252ec109,1,development,3,4,False
400,401,401,5c2e15695af92e59f03182c6a247d293720c0302b43330da5f3e2863d21df14c,1,development,3,3,False
401,402,402,6ca52788d8dbc2bdc178275f032f7b8c01fa68075e0850b9c5448161951786a9,0,development,5,4,False
402,403,403,066522f7a92b25978c09d7c8f84df1d54215614115225febfce2e971becee109,1,development,3,4,False
403,404,404,92304ad7f291bd2213aa856c0ea3eeba5566f3bff231dc1e8df23cba6b6cef63,1,development,1,3,True
404,405,405,717a078e2e8be7277e3906efae4c7a8126a752273c690db3cc08505c141d56ff,1,test,,3,False
405,406,406,1b5f089a7c6d6cbe4752e5a0476366179819182b598d80d7ff25d6a34fc0111f,0,development,2,4,False
406,407,407,cfba642a12fc49a24c4a9576252fe8886575fba4b0aba975c99ed02b1c5bc28d,0,development,1,4,False
407,408,408,74263a0590c0f5edcafddc6cf3bb13930ed7c8a19ce7c02afbdf8049227b5a24,1,development,3,4,False
408,409,409,376629d252e21d46601aaa2b226335bd246434c5d3da80a87eaf29876be78c55,0,test,,4,False
409,410,410,76188df7212d02fe6400921583c3af92cec04bccde92adf10fbff387728c06bb,1,development,2,3,False
410,411,411,07236a28c5f52d8c2aa76361308d5a15ec820c0a65353406518ef78dda73ded9,0,test,,3,False
411,412,412,f4120adf75eab3565048aed3d1a7c55680beb59934877654a7db7c346038efb2,1,development,4,3,False
412,413,413,27f58622864d217ed8c7ca30b321b0eafa1d6c599e57579ebc579691d137f2d8,0,test,,4,False
413,414,414,88787e52c8e73fece635b59741e5064a29ff0d0e1509c3e5d51543b5ec5ba88a,0,development,5,4,False
414,415,415,0609526803727eb7a02eae6e31fdad5351ee604bf6e87ca01cef0f174ec966c4,0,development,1,4,False
415,416,416,647869556e35bc8fdc67c14d538ff75f1c52ae89f0ee4c7e078ff50a0db62fa1,0,development,5,4,False
416,417,417,8feee4224ffbeb5f7b43b2b4fad9c3c5ae603265edf250f61081635299493c5f,1,development,1,3,False
417,418,418,07c4c4ce98cafa879b533e4f51ab5fd8f20c01d146b13a83e0340860f7edafb2,1,development,5,3,False
418,419,419,1f83652fe17ea9ae57a330edf0e9cf8dd7680eda44b67707befa1bb75a531e0e,1,development,4,3,False
419,420,420,ce64b99dd7879fab4a416b2b107278957d097722e511c122dcfacffba1d6aa7c,1,development,3,4,False
420,421,421,18d067330a032de550678dd02a4fc7def157655810459143f2a382dd21323a18,1,development,4,3,False
421,422,422,4e46c66a13476a18e41b9011c90927a84959e00120bb6bf8803729a2164e900c,1,development,1,3,False
422,423,423,63e4dfbbed757f4cc8618922654099706bf26d68fe2c1b8829540bde762c8c3a,1,development,3,3,True
423,424,424,ddcd413a1afaff6d3ca9d53ec460165936f280c13bd8ec6a099d3f290abf9589,1,test,,3,False
424,425,425,10cb202b1229270efda6de3f5cac0cf57a41e4f051b04330f96cbf00c11a67b9,0,development,5,4,False
425,426,426,6a8f170690918ae06c3ba2785b52b7ef0f41ec47d10d22255e8fce9fcab1a500,0,development,4,3,False
426,427,427,9df599a55e176e2bbd02f26573cddff6595c9e7dd473c30d09b2caba5734fd7e,0,development,4,3,True
427,428,428,abc59bab2e53c24ac19432001219562623079a984cbfbcf5409f2fb4935fd9bd,1,test,,3,True
428,429,429,fd4f03a8e8f290d765c4275316ba719436b925169c2001d5c071a33cfd866652,1,development,3,3,True
429,430,430,ae8873c61d6232fd878a5a241d1017471f0aebad3c70e67f6a80dea02d16c8e8,0,development,2,3,False
430,431,431,db9c4289c1a8f0cdc9e38570677bfb636d1cf32c7b2693d674520cfa5c1d40e3,0,test,,4,True
431,432,432,8f55318caaf3927568c5480202057f4c3b39b0a86cf41a6db167fdc77ab9fe39,0,development,3,4,False
432,433,433,601e3a14e6bc701b040f7d9ae9cb1a6352a91cb827c681d07cc462fda59b4afb,0,development,4,4,True
433,434,434,f0ad337c1acc1781789c6091d8003ba7a56eff910eb6a35154877cc1b87e6e4e,1,development,3,3,False
434,435,435,b78557ce10197718a152e202e49d54e4f3510e8b930749217564c5db89832954,1,development,5,3,False
435,436,436,28fd2bbdfb26c8b6021071f28feed6016e0cbd9e1b4ffc55f53e9092e9c13fd1,1,development,5,3,True
436,437,437,ddcd413a1afaff6d3ca9d53ec460165936f280c13bd8ec6a099d3f290abf9589,1,test,,3,False
437,438,438,74d43fe49e4de4a3e8536759ef6eecd48658b73769dc6d3bfaba40e1fa2d20ef,0,development,2,3,False
438,439,439,1546abffe6332affe53e386427effe04cc2751bced858e563c9bcaa2c9b24fa0,0,development,1,4,True
439,440,440,04646f67c1ffb8b229e72d0fe24da7b99874ed3491dc6b0228750cbfa7f2cb24,1,test,,4,True
440,441,441,1ff46e0483cbf49dbe3624ca3cc23d068b669f6c225003a42484054c73d75ba0,0,test,,4,False
441,442,442,cc8c89cd0a972fdc064c79b43412c7ecf3dd893295d57cf6507359ba5fd03779,0,development,1,3,False
442,443,443,f571f0cd4c431f4b48997a331dd42b1029a286f870eb5192eb628a62b4db0f30,0,development,2,4,False
443,444,444,70fe8d752064d32a25fd5dfd2f306c301d8439811ba23cdb3194d3e25fb5a50e,0,development,4,3,False
444,445,445,fd4f03a8e8f290d765c4275316ba719436b925169c2001d5c071a33cfd866652,1,development,3,3,False
445,446,446,04646f67c1ffb8b229e72d0fe24da7b99874ed3491dc6b0228750cbfa7f2cb24,1,test,,4,False
446,447,447,cd365ce7907ad5d04fd47b4d8758d592e29b75c0baeecca5f1cc14bd0d7fc010,1,development,5,3,False
447,448,448,d7f0b6bf362030cda6a4091e5bb648974fc9b04dc0759e79e46442b79f7aec71,1,test,,3,False
448,449,449,8209afdfc4f413d00c86b7537bbec68d79514b004420fea13039b4e34bab3f65,0,test,,4,False
449,450,450,860eb53eed8a67b576b005aefd9eeb466479557343a6dac29a4085b281056fec,1,development,1,3,False
450,451,451,a5e27c472533ddd3b572d0bd17073ae93f813d0dd4c26c8be81d26c192386e62,0,test,,4,True
451,452,452,0ddceaf19a5cf5d118fbf392204aa1a82ba99fdc457b92f25ee797383d5f8372,0,development,1,4,True
452,453,453,0548dc97d6bdab333330eded8112df676bd49389532fe8b0d4aa3410887c1912,1,development,2,3,True
453,454,454,ddc3f39e5ad7141f45bc45b7520750a55186d88a762f5abbbef5525f30da815c,0,test,,4,False
454,455,455,0548dc97d6bdab333330eded8112df676bd49389532fe8b0d4aa3410887c1912,1,development,2,3,False
455,456,456,601e3a14e6bc701b040f7d9ae9cb1a6352a91cb827c681d07cc462fda59b4afb,0,development,4,4,False
456,457,457,a413cb39d1decbc932843765c2542a4f438d41b0490d251063c04001303012b5,1,development,1,3,False
457,458,458,db9c4289c1a8f0cdc9e38570677bfb636d1cf32c7b2693d674520cfa5c1d40e3,0,test,,4,False
458,459,459,71a456eca9ed8e0f911459cf49f92f5fc04a04441ffa627fcc36dce85f9fa8d2,1,development,1,4,False
459,460,460,68d75c45084b6efac5d05ce6d70ff9e0bc3b5e1fa08ca26671a3b3218e4b4cef,1,test,,3,False
460,461,461,00efcd0f08db874842d18f19a10747b1a78fd78cc29d147ed06746f0aeecc7dc,1,test,,3,False
461,462,462,45864539a04450af431cb2a1048352fbcf3a2acc5fe2ce0bf92ec05650925d99,0,development,4,3,True
462,463,463,bba988a9d26ced6565527b09086c7aade67ef16213a33a6278b2ef3625373529,1,development,4,3,False
463,464,464,ad7183056d734299ca254ede7e184750bd0345f73c1dcd9fd0a638e853081569,1,test,,4,False
464,465,465,c250cae60f244a16c2021f894c8325ca55e383e549055689d646fa3830107b01,1,development,4,3,False
465,466,466,ca34f7df41e00a22d82176837673a1b167f35018f31863a68d987fe94f6044f2,1,development,5,3,False
466,467,467,d8d05858f6c6c77ee91db71d4bab1b1750aa0b43f5f9b002f0af6aa1da0fe5b8,1,test,,8,False
467,468,468,06af32be1fea11cafb8a39d95c9a43fc43ed522f2c1e3b737c37648a2f736f40,1,development,3,3,False
468,469,469,7aca4477c2989c14361a39ad10723de9580751a6b47f57474f7978ed10fd5f78,0,development,3,4,False
469,470,470,dcf56b83ac2fcdb249809aacc65db1e72810bd0f85d48af38af88189180f5359,1,development,1,3,False
470,471,471,b638ab645482db4e738d7d3eb39bd66b3f32590e2de9c2fe379d9e510078ac26,0,development,2,4,False
471,472,472,cfe578d824a64a935d1ca438f17244b3531cc3e0c08f4418890f5384d15894c6,1,test,,4,False
472,473,473,5270e06dd07b1eee8360113c3002a00782a57f2fd1ee83b393297d321910c860,1,development,1,3,False
473,474,474,5dfb68eaf3fe08e7b765653dc52a7703f216a93268881875b2f09995326b1393,1,development,5,4,True
474,475,475,d30faafdfabaf1b0603ee349f3994cc850fb9581abb48b270769113a399439cc,1,development,2,3,True
475,476,476,06a34b269352a33c115f788d694afc4ba07be1929f1ec4835e638f3cf1dba6bb,0,test,,4,False
476,477,477,699503624a9726f122bd002cf2c31e5d52f3e9d52378c9e39980205edf8e3cb8,1,development,2,3,False
477,478,478,73d6e2ede5803e93f0b607cac2296734d1de4a2725a8213dede5db0a488f74b1,0,test,,4,False
478,479,479,696582f64d2c8c4c7be10106139532593c1c19d4dec3198b61f8e4b320f29b6d,0,development,1,4,False
479,480,480,cc0fc219a020bff908f6e6eb7bbec747dd8a68c3d92461f4ccf417b985254a0d,1,development,3,3,False
480,481,481,1e299b803253cc89e2fb28de7e05884e01e4232409eb32444eb4ffbd20786704,0,development,3,3,True
481,482,482,9df599a55e176e2bbd02f26573cddff6595c9e7dd473c30d09b2caba5734fd7e,0,development,4,3,False
482,483,483,0ddceaf19a5cf5d118fbf392204aa1a82ba99fdc457b92f25ee797383d5f8372,0,development,1,4,False
483,484,484,ee76e98271c98fdbfe03307181269b985dad709fc0b0f2364647f21b0ed372e5,0,development,5,3,False
484,485,485,b9f19fa8190e5b6f47648f3a9da3f9afc583fd73bdf9c7a0e204c9f9684d4169,1,development,5,4,False
485,486,486,3fca6ad2af45e994867f0dc386a2e508f5ff6c0c16f41b5125089e51cf3be39e,0,development,4,3,False
486,487,487,4429b79f639f96884a81b073d2cca8b658c3155ac7cbd42eb827dc1dc99c016e,0,development,5,4,False
487,488,488,178a78be273c187af69c4c36804102052b935fcffe2c0a83f38d884e6432c23e,0,development,3,3,False
488,489,489,170beb254cb4ead91ac6abdd27b9f5fb35183137c08b806ed7193d57b16feb8e,0,development,1,4,False
489,490,490,7c1fb69465a7636425be744b6cf9f0a9e0b642b470151730b2223f390f084cb4,1,development,5,3,False
490,491,491,dcf56b83ac2fcdb249809aacc65db1e72810bd0f85d48af38af88189180f5359,1,development,1,3,False
491,492,492,4e46c66a13476a18e41b9011c90927a84959e00120bb6bf8803729a2164e900c,1,development,1,3,False
492,493,493,fd4f03a8e8f290d765c4275316ba719436b925169c2001d5c071a33cfd866652,1,development,3,3,False
493,494,494,5a826db633bc4287d736ccab62222f706dd6bae2431d9e023c4519c2dbf74dbf,0,development,3,4,False
494,495,495,825f8b984b3b2505c87484fc88419cb15c5d6d2fb94134940297db5ba9c9b0a0,0,development,1,4,False
495,496,496,5c0b540b637e788c8fc043df421a9c0558a171671432a84b540cbe2534cc5ad0,1,development,2,3,False
496,497,497,30b933ace8f9fcaa8563c3d45a947ee641c793d5ce5e63fe9b184854f2805ebc,1,development,1,3,True
497,498,498,8fb0b52de49f211acfa3020927c26a1e684640557296a758fc0072e7dac852a6,0,development,5,3,False
498,499,499,1aee97b08276c7517058cde71ba2e1e0c58f8848ffe6e4aff263fd57b515e587,0,test,,4,False
499,500,500,bacf5f3cb82469f6cb94d07511d9b74ff6031b0f53be437791bb968c96d2923f,1,development,5,3,True
500,501,501,096712ed40df97b119e2b1b3fe93efaac6885a8d6d0c0dcbca66350b83dfcb42,1,development,4,3,False
501,502,502,066522f7a92b25978c09d7c8f84df1d54215614115225febfce2e971becee109,1,development,3,4,False
502,503,503,58575998326d6f39bc9f021302255ed4cb8e71ba926847810c3c6107062b2305,1,development,3,4,False
503,504,504,096712ed40df97b119e2b1b3fe93efaac6885a8d6d0c0dcbca66350b83dfcb42,1,development,4,3,False
504,505,505,9c97fd04daf2e276f6870c8a09bc4f169510ecfb6b4efe771802e002cccd35e2,1,development,3,4,False
505,506,506,db9c4289c1a8f0cdc9e38570677bfb636d1cf32c7b2693d674520cfa5c1d40e3,0,test,,4,False
506,507,507,3bffbffa715191f503c4a4c2314090d97c79030b124a3b27e84890199e7a8f2b,1,test,,3,False
507,508,508,8fce5508f36278d370665df53df181a14de66990b95b69e77e69ef7487b21b0b,0,development,3,4,False
508,509,509,8feee4224ffbeb5f7b43b2b4fad9c3c5ae603265edf250f61081635299493c5f,1,development,1,3,False
509,510,510,421e3acb4b57eb58410e4276a6498e8bc39389ad128e7c7a59091291fcd0275a,0,test,,4,False
510,511,511,8ee78b19a7462aeeefa87f284e9d20a8e7725e541e71f365c6cc9b749185256c,0,development,5,4,False
511,512,512,7c1fb69465a7636425be744b6cf9f0a9e0b642b470151730b2223f390f084cb4,1,development,5,3,False
512,513,513,74b17ea90d77b212c11109d27b9d3b9be35581a0cc2764adf81eb89a1ff7aabe,0,development,2,4,False
513,514,514,ad62d3796b9e5d6cb390232882aced91f4b2175affc6fca536ba075e9f928696,0,development,1,3,True
514,515,515,ec54dc21b3526091b69bb97c143065befaf49b0fff5b5b0edbe9926b1cdd49f3,0,test,,4,False
515,516,516,81bd778b049e7b92197bbaf720877992dbb11553313d9ab43f1528ac1616745d,1,development,3,4,False
516,517,517,6ca52788d8dbc2bdc178275f032f7b8c01fa68075e0850b9c5448161951786a9,0,development,5,4,False
517,518,518,e267aca2d9fad7b05b3e27e392eea6c3ac2fe229dfe6fba8125edb8ab70fa856,0,development,5,4,False
518,519,519,f4120adf75eab3565048aed3d1a7c55680beb59934877654a7db7c346038efb2,1,development,4,3,False
519,520,520,6ca52788d8dbc2bdc178275f032f7b8c01fa68075e0850b9c5448161951786a9,0,development,5,4,False
520,521,521,eccf1293fca65adfe383732981fadacced2c99c1eebaf28a15371204a6c92270,0,development,4,4,False
521,522,522,df1d3b0f2248abab4fb12f8f9aa0bb8eb0474bc47842db922dee0baa5ec6bda1,0,development,4,4,False
522,523,523,24570ebb1034cb4697a4471c9355a69f3249735f7d9fd923401e6f5ab1035f12,1,test,,4,True
523,524,524,cf0437b7443620131ffb1a124fa7407a4169173892a206fd3205c0d8cec68924,1,development,5,3,True
524,525,525,eccf1293fca65adfe383732981fadacced2c99c1eebaf28a15371204a6c92270,0,development,4,4,False
525,526,526,fb2158de6ed4e9a39d3bd3ad86365c118ca6951ca9356fce9ef06d503737df06,0,development,3,3,False
526,527,527,0ccf14389a963d48e004113394b3a2f471eaac2b93aec1dac63175398f187afd,1,test,,3,False
527,528,528,3f021ab13bdcb8ae0e4820708ce8a75ac7d4ecd086ca3b3547275e9243e707ad,0,development,4,3,False
528,529,529,ce64b99dd7879fab4a416b2b107278957d097722e511c122dcfacffba1d6aa7c,1,development,3,4,False
529,530,530,dbb17851c899b8708331cfae6bd526f5dd385f9cc94d0bf647c577302afad8ea,1,development,5,3,True
530,531,531,a413cb39d1decbc932843765c2542a4f438d41b0490d251063c04001303012b5,1,development,1,3,False
531,532,532,d6ae8c98af272bca3058d34fc0e930cbf2dcc32b406602f6d5e2b0b54e0e6565,0,development,5,3,True
532,533,533,0e456da1d5cf3ab7c2f5989ea69e0b08ec37617973a3f31b353534f530abe725,1,development,4,3,False
533,534,534,80c742d84f95bec4de97f8a03402cd1311fefb2bbd629cda6733ec49c9c7dbe7,0,test,,3,False
534,535,535,9abb8821e20fa4f3eb819f707d1cdf05418a742a223ba0e93ff8f9f76719ce6b,1,test,,3,True
535,536,536,8e815e6224cc4639a52ab1ae08fb124e258ce0126e14966faedf7a394b414341,1,development,1,3,False
536,537,537,cd19400fa2750e50b694144f670a249f901cf8a1802bea61873fceb002e85ea3,1,test,,3,False
537,538,538,f86d6e1632a29799273da4683ce4e6e85b3a5dd7a07f2bf94a84a84caeb02e77,1,development,1,3,True
538,539,539,8d3e8dbe93157da0e9d633d3862e433fa85b14ee806b0f0b8fb51579cf367089,1,test,,3,False
539,540,540,ba76646a6cd8bac9a3915000fd01b2c6f72767317e7a127d3c76c2a3528e15cf,0,development,2,4,False
540,541,541,2754c37c395a88ff0d419fc8b9703176c9c56116a1a638c323b189c4c1fe3dd7,1,test,,4,False
541,542,542,91f1fe0c1afab92ecaff95c1f6f3213dae324ce38e46f2b944c8681a6a32e481,0,test,,3,False
542,543,543,ae2d5071351d67263b313982031f450f66d77675bce081949c82bfa759d014be,1,development,5,3,True
543,544,544,57406ef4552f43df3583eb064c14d18ff05a35a479c162a4facf5417fa6aacb1,1,development,2,3,False
544,545,545,fd879715d2b755ead328e0e559498cfac30f4c585f11aa98b2f1759be0cb79fc,0,test,,4,False
545,546,546,07c4c4ce98cafa879b533e4f51ab5fd8f20c01d146b13a83e0340860f7edafb2,1,development,5,3,False
546,547,547,06a34b269352a33c115f788d694afc4ba07be1929f1ec4835e638f3cf1dba6bb,0,test,,4,False
547,548,548,0609526803727eb7a02eae6e31fdad5351ee604bf6e87ca01cef0f174ec966c4,0,development,1,4,False
548,549,549,f99c9fde728ed0f8a12d0956907d6fef9f90c3e8772e33f88d418df81e50de3a,1,development,3,3,False
549,550,550,860eb53eed8a67b576b005aefd9eeb466479557343a6dac29a4085b281056fec,1,development,1,3,False
550,551,551,3f81224d51c07e4952ab66f425301ca48f70330dc9818ab11018078840c774e4,1,development,5,3,True
551,552,552,45864539a04450af431cb2a1048352fbcf3a2acc5fe2ce0bf92ec05650925d99,0,development,4,3,False
552,553,553,6d17cf05200500a503fbbd130f852633a3fa56977e59c320896d3b69a0b64f33,0,test,,4,False
553,554,554,13de85647cb767115b90dc11946b4b68b3bf0df758589903b501a619b2b3b417,0,development,4,4,False
554,555,555,fedd5c70bb3c8a11fb43b60060935c094a31d5805eb1ed2fd15017ab9da91375,1,development,4,3,False
555,556,556,376629d252e21d46601aaa2b226335bd246434c5d3da80a87eaf29876be78c55,0,test,,4,False
556,557,557,e982aa16188dee201345fa9375c31bce273c55ce71f68abbe66ada568c7a9b63,0,development,5,3,True
557,558,558,df1d3b0f2248abab4fb12f8f9aa0bb8eb0474bc47842db922dee0baa5ec6bda1,0,development,4,4,False
558,559,559,1eea40f77e57121da4b599eeb72ab1c5dd4b625c0ec1482606ace2528d3c07c8,1,development,4,3,False
559,560,560,e26dbf6dab96e0bdac459c7140cb1a4bab5bd832038ab3789e75e2a3ee1ef187,1,development,1,3,False
560,561,561,096b6ed78faef05c313ad9d51bcfad2e71cd63037cd77d8c7a591f2b5c7e6610,0,development,4,4,False
561,562,562,5dfb68eaf3fe08e7b765653dc52a7703f216a93268881875b2f09995326b1393,1,development,5,4,False
562,563,563,0e456da1d5cf3ab7c2f5989ea69e0b08ec37617973a3f31b353534f530abe725,1,development,4,3,False
563,564,564,e7e2449f4432e1c84b59cf7c038eccdaf3bc03994089a00dfd9cc30a019ab68f,1,development,4,3,False
564,565,565,ad62d3796b9e5d6cb390232882aced91f4b2175affc6fca536ba075e9f928696,0,development,1,3,False
565,566,566,1b13de9667a1c75c937b869c9712b13162197cb3cecd6a46d0a43d83cc10c822,0,development,2,3,False
566,567,567,9abb8821e20fa4f3eb819f707d1cdf05418a742a223ba0e93ff8f9f76719ce6b,1,test,,3,False
567,568,568,d481fbc86511c1e5be946e7fb2c03881f87086844973436833605ec0b5d44b41,1,test,,3,True
568,569,569,d30faafdfabaf1b0603ee349f3994cc850fb9581abb48b270769113a399439cc,1,development,2,3,False
569,570,570,abc59bab2e53c24ac19432001219562623079a984cbfbcf5409f2fb4935fd9bd,1,test,,3,False
570,571,571,b3468cc6871414e829c8ec8693fde72cae6ad1c8830fc103376427901047c434,1,development,5,3,False
571,572,572,3e112fed1f2a09fda69b8b62ed9a1ed98e6ac5bad1cbf35a0c622a861b38c9f5,1,development,1,3,True
572,573,573,9af78ef35e19aad8c614167387840ddc427d6ba06741bbc5ed79b11923844b40,0,development,2,3,False
573,574,574,f5955d065e1ad64e6dd7a066e46970faf4570609e889a82677c91847b43ccf51,1,development,5,3,False
574,575,575,ad62d3796b9e5d6cb390232882aced91f4b2175affc6fca536ba075e9f928696,0,development,1,3,False
575,576,576,c9e81c70995e4af02e24d4f22730abed6a955fc8aa4489391dcce8a780049d0c,0,development,4,3,False
576,577,577,68d75c45084b6efac5d05ce6d70ff9e0bc3b5e1fa08ca26671a3b3218e4b4cef,1,test,,3,False
577,578,578,82a99de9fbb442105521d932e584019f8b8d46ace4ca08841c9711ef096cd4c5,1,development,4,3,False
578,579,579,0609526803727eb7a02eae6e31fdad5351ee604bf6e87ca01cef0f174ec966c4,0,development,1,4,False
579,580,580,57406ef4552f43df3583eb064c14d18ff05a35a479c162a4facf5417fa6aacb1,1,development,2,3,False
580,581,581,dc3c121a5dfc1821538ece060b91b4c94fe9371f0c30eb41c6d7e3fe52ffa100,0,development,1,4,False
581,582,582,ea57250f104de3238441dcd3a225f555a2513240855feb6fafd2b23c1fc39aba,1,development,5,3,True
582,583,583,ae2d5071351d67263b313982031f450f66d77675bce081949c82bfa759d014be,1,development,5,3,False
583,584,584,2a0f4f605cfcdc52d443d5510c0f07f62dadd3e503b339ea5a801c5c9abd5321,1,development,2,3,True
584,585,585,74b17ea90d77b212c11109d27b9d3b9be35581a0cc2764adf81eb89a1ff7aabe,0,development,2,4,False
585,586,586,825f8b984b3b2505c87484fc88419cb15c5d6d2fb94134940297db5ba9c9b0a0,0,development,1,4,False
586,587,587,0407b2e5edd3f95da70a19f2c12e12a47c44e87ff40fc30a43008ea9828acd37,1,development,1,3,False
587,588,588,5a826db633bc4287d736ccab62222f706dd6bae2431d9e023c4519c2dbf74dbf,0,development,3,4,False
588,589,589,389c4502d032aa2f0cc33a502e4200ba50509572bf9baab03efec659d0a94ac3,0,development,3,3,False
589,590,590,d2f6d8bfdc925926b52b4aae864f595549c5c2af935859f00fa441a2540b23a2,0,development,2,4,False
590,591,591,6d17cf05200500a503fbbd130f852633a3fa56977e59c320896d3b69a0b64f33,0,test,,4,False
591,592,592,2270cf63c75bff8f5ef058b2fadb9aecf66d022bcba7474ec79d74ed30cc1f3f,1,development,1,3,False
592,593,593,6722a9945781794c423b108d03952930f9d754497aa1321848b989b9e89c4f33,0,development,5,4,False
593,594,594,5c2b48acf547b55cf9c87fa708c9357aa01caa36724f2c43da32b8023347319e,0,development,3,3,False
594,595,595,6722a9945781794c423b108d03952930f9d754497aa1321848b989b9e89c4f33,0,development,5,4,False
595,596,596,bfcf790ee767993c70f3c276356be34beba834ec45b2f34e7497be74560a5f79,0,development,3,3,True
596,597,597,eccf1293fca65adfe383732981fadacced2c99c1eebaf28a15371204a6c92270,0,development,4,4,False
597,598,598,8f4533f48e184729d8435c4595ac02b2a74540885869b0ab9fa1686400f47b38,1,development,4,3,False
598,599,599,d8d05858f6c6c77ee91db71d4bab1b1750aa0b43f5f9b002f0af6aa1da0fe5b8,1,test,,8,False
599,600,600,1ff46e0483cbf49dbe3624ca3cc23d068b669f6c225003a42484054c73d75ba0,0,test,,4,False
600,601,601,652bedb51ed04195f9b6db839a01a12f1c899e84b2c4de10ded37ed50519cdf4,1,test,,3,True
601,602,602,c6e2d067bd47a9ef04baca30f3b47d6f4fab6b04fdb6fba2f4e35f574be7676b,0,development,3,4,False
602,603,603,c9246dfbc22ee6805ce09f105ff30b46cace541927305f4be922f0b6212fccd6,0,test,,4,False
603,604,604,f4b13e3f04b63170894bf22d8fc9562675ee2f2cb9a0d1cb95ffa9ee0ca6cab1,1,development,5,3,False
604,605,605,652bedb51ed04195f9b6db839a01a12f1c899e84b2c4de10ded37ed50519cdf4,1,test,,3,False
605,606,606,04646f67c1ffb8b229e72d0fe24da7b99874ed3491dc6b0228750cbfa7f2cb24,1,test,,4,False
606,607,607,2bc8c2b9337b71f266f35585dc762c806965b51c582af7c8c5a0e47aeeccef54,1,development,3,4,False
607,608,608,67e5760b4b1bccb2009c20987d67ecc249d595658f687eec06f65db3961584f4,0,development,4,4,True
608,609,609,6fb7211a460e94d8a2ff0054bee1425482bcef1ce7adf232fa5758f42ba5b121,0,development,2,4,False
609,610,610,bfcf790ee767993c70f3c276356be34beba834ec45b2f34e7497be74560a5f79,0,development,3,3,False
610,611,611,8ee78b19a7462aeeefa87f284e9d20a8e7725e541e71f365c6cc9b749185256c,0,development,5,4,False
611,612,612,13de85647cb767115b90dc11946b4b68b3bf0df758589903b501a619b2b3b417,0,development,4,4,False
612,613,613,cacd13fa97e54082499001d9a2fe3123d5447ae19ec99d1b4ab914b5b40f3620,0,development,2,4,True
613,614,614,129187a6d1989b8cc9b57e85dc4d9895800f53b4ae4701f45a08e325b2376b74,0,development,2,4,False
614,615,615,14443b3d24612a35abba78aaa251bff9b49707282094c445ec45fd38b3ffa6f9,0,development,5,4,False
615,616,616,9df599a55e176e2bbd02f26573cddff6595c9e7dd473c30d09b2caba5734fd7e,0,development,4,3,False
616,617,617,f86d6e1632a29799273da4683ce4e6e85b3a5dd7a07f2bf94a84a84caeb02e77,1,development,1,3,False
617,618,618,b0ec63e8037dab55904515a603da26c078d8e189ca3edff62640790278ee3e01,1,development,2,3,True
618,619,619,135c49b7206acbca4bd59a45bb5d0a441086b0141794b35d9d227242c762622b,1,development,1,3,False
619,620,620,dd50184de273af2a3d578585f291921aac3536f436834c3d87755754b64079b0,1,test,,3,False
620,621,621,3fca6ad2af45e994867f0dc386a2e508f5ff6c0c16f41b5125089e51cf3be39e,0,development,4,3,False
621,622,622,70fe8d752064d32a25fd5dfd2f306c301d8439811ba23cdb3194d3e25fb5a50e,0,development,4,3,False
622,623,623,bb1930e4e9330814ee1c7d0c8b40c5ba051325c8703d42c3a5655323dd35a68d,0,test,,4,False
623,624,624,2d917aba2e1c80aafcc9567b5ad199c26af38d88bde9e0c72f0a9c4501401d25,0,development,5,3,False
624,625,625,7d1a0d7b51fc1ca79344034ee06dac9db61da107e30bb307a34cbf260c4c303e,0,development,3,4,False
625,626,626,dbb17851c899b8708331cfae6bd526f5dd385f9cc94d0bf647c577302afad8ea,1,development,5,3,False
626,627,627,45864539a04450af431cb2a1048352fbcf3a2acc5fe2ce0bf92ec05650925d99,0,development,4,3,False
627,628,628,4cf48cafc68ff8e922d89b0238322bfcf427064a08f1ce306dfb7b1039209bc1,0,development,3,4,False
628,629,629,757cb6c1021bfb2d04e492afa47e4ca576c7bdb0f2e1634ede080ae8788c08dd,0,development,2,4,False
629,630,630,a2d6b1026a6c54283042a0c2e17042ed5fee4e3c557032ee77311dfdcd5d57c4,1,development,4,3,True
630,631,631,5d503dfda1b6df014e460b7ebc2313c1bc47cac4dbf8a6a18c64572da948473c,0,development,4,4,True
631,632,632,74711b8929e416b1ddec52d3428bc8e56ccf9d866095c2ee2b38b4de3e2d801d,0,development,5,3,False
632,633,633,dd50184de273af2a3d578585f291921aac3536f436834c3d87755754b64079b0,1,test,,3,False
633,634,634,9c97fd04daf2e276f6870c8a09bc4f169510ecfb6b4efe771802e002cccd35e2,1,development,3,4,False
634,635,635,33e6adf80af0df0a39618b9acfc57926cc2019f47aba6970b12cc71b90133528,0,development,5,4,True
635,636,636,dd15218f1a013e70a109e1984ae7d2faa187d273dbf204ee073a11783531eb12,0,development,1,4,False
636,637,637,cd30b545269c64e3a3a5898d73ac2d127104626770f16dddc903ebcb82750600,1,development,2,3,False
637,638,638,74d43fe49e4de4a3e8536759ef6eecd48658b73769dc6d3bfaba40e1fa2d20ef,0,development,2,3,False
638,639,639,f4b13e3f04b63170894bf22d8fc9562675ee2f2cb9a0d1cb95ffa9ee0ca6cab1,1,development,5,3,False
639,640,640,5d503dfda1b6df014e460b7ebc2313c1bc47cac4dbf8a6a18c64572da948473c,0,development,4,4,False
640,641,641,5dfb68eaf3fe08e7b765653dc52a7703f216a93268881875b2f09995326b1393,1,development,5,4,False
641,642,642,76188df7212d02fe6400921583c3af92cec04bccde92adf10fbff387728c06bb,1,development,2,3,False
642,643,643,8bb6305f62d0bcddd0bb27c82749e15f638e7fa04f1fd7cff8afe59356dc2cf8,0,development,4,3,False
643,644,644,3ea3cc9c251cb00d4cd764a1014b4526f42f959fb5870cc8dc9a622f847addf1,1,test,,3,False
644,645,645,4675cfa0fe6893f320e02a6e53a1f9881f02d616ab5f415c1435da962130c064,1,development,4,3,True
645,646,646,6a38a3aa130a38b6a6c9e4b293719c34f4ab16da218a8f81551d06e721cd67c9,1,development,4,4,False
646,647,647,b98d3240019a115ee2fccbec1fdf30c890f2e6d5bd029388daa513437e1b5434,0,development,5,3,False
647,648,648,db9c4289c1a8f0cdc9e38570677bfb636d1cf32c7b2693d674520cfa5c1d40e3,0,test,,4,False
648,649,649,23ed059869f6c1afcd09b196e796988f5eea1973e88e52e8a44beb0ff35e4457,1,test,,3,False
649,650,650,066522f7a92b25978c09d7c8f84df1d54215614115225febfce2e971becee109,1,development,3,4,False
650,651,651,9c97fd04daf2e276f6870c8a09bc4f169510ecfb6b4efe771802e002cccd35e2,1,development,3,4,False
651,652,652,0dee614e6d81244540b4166c994f0559c9efce5766765c3e78fcdf5e9c7b7e3f,0,development,2,3,False
652,653,653,3a9042a29b3fdd27f4ee67ed178246094baf68a7233571b46398b0ecc1016bed,1,development,2,4,False
653,654,654,b56e85f3c7bed8b1bda063f6031ee521ee982cf9f767cb14c5091aaf64bffeab,1,development,2,3,True
654,655,655,9e38f577755af30ef9073f9811650f8b5e27d31fa538abb028c7257b5938854a,0,development,2,4,False
655,656,656,135c49b7206acbca4bd59a45bb5d0a441086b0141794b35d9d227242c762622b,1,development,1,3,False
656,657,657,80d441b0530a8c3c3a014666772785f6948f9f59b2fbe4dca24ef6b4e4bbf7d2,1,test,,3,False
657,658,658,620cc12069aca5ccf15c41fba13c7c8c9222ee69785e8bf549d69a2c43c490b4,0,development,3,3,False
658,659,659,71a456eca9ed8e0f911459cf49f92f5fc04a04441ffa627fcc36dce85f9fa8d2,1,development,1,4,False
659,660,660,5a826db633bc4287d736ccab62222f706dd6bae2431d9e023c4519c2dbf74dbf,0,development,3,4,False
660,661,661,6b6195468415ac0d72b7ab37b44c6583abf461c24d10c1bc6548e3d5a83bba6f,1,development,3,3,False
661,662,662,33e6adf80af0df0a39618b9acfc57926cc2019f47aba6970b12cc71b90133528,0,development,5,4,False
662,663,663,d30c09705f48c161d3a9e5efeb137dd919907efda71e91f7457a1177531458cf,0,development,1,4,False
663,664,664,297729bb51295fd7c92c3e11ea44a176fd131ffa59292eb69bf12a5cfb61d7ec,1,development,5,3,False
664,665,665,a53941766e6dcccf9c9394bc28d736edcd6812cbea84f16179abd03b796f5ec7,1,development,4,3,False
665,666,666,b56e85f3c7bed8b1bda063f6031ee521ee982cf9f767cb14c5091aaf64bffeab,1,development,2,3,False
666,667,667,e0fa80ca1211201d49a550dd03fc4c49a024306027a3766883b2e914c7c59b9f,1,test,,3,False
667,668,668,b9f19fa8190e5b6f47648f3a9da3f9afc583fd73bdf9c7a0e204c9f9684d4169,1,development,5,4,False
668,669,669,6b91d8af6046bb1b3bd4201ff0769b39a44b8575601f6844e89f4fbd8fa89d28,0,development,4,4,False
669,670,670,c9e7a1e3f5a720441980d54da64da6cc0704873f1611a6b7cf0be975f47747ec,1,development,4,4,False
670,671,671,e116e341f7f5f6dab22df090e03a21a207341fd36dffd8ce4b5450b87d6ad22c,0,development,3,3,False
671,672,672,f8d73caef322ee691205b1cd0841423e1f53618a514645cb0634a72d8435aced,0,development,4,4,False
672,673,673,dd15218f1a013e70a109e1984ae7d2faa187d273dbf204ee073a11783531eb12,0,development,1,4,False
673,674,674,3f81224d51c07e4952ab66f425301ca48f70330dc9818ab11018078840c774e4,1,development,5,3,False
674,675,675,120c066e96fbf896a39fd17defc80d0d3914bd808fdfa0bb021e353ed8901859,1,development,2,4,False
675,676,676,dd5c245125fe3099c5e793a7b54c034797b426e0102a57072052647de3c5dd48,0,development,1,4,False
676,677,677,376629d252e21d46601aaa2b226335bd246434c5d3da80a87eaf29876be78c55,0,test,,4,False
677,678,678,f5fd06ea68a4406ae19dde6a0ac1d0acbdebbf6504848d53aeab419561219e0e,0,test,,3,False
678,679,679,cd9c8c6bc18516e3a9ac3fb1d6afa604d44229e73613770a4784f65ebb57b974,0,development,4,4,False
679,680,680,28fd2bbdfb26c8b6021071f28feed6016e0cbd9e1b4ffc55f53e9092e9c13fd1,1,development,5,3,False
680,681,681,8fb0b52de49f211acfa3020927c26a1e684640557296a758fc0072e7dac852a6,0,development,5,3,False
681,682,682,37a5ca2f4a45de7fab333b84741ad58cc9f825d41d59b1164bce5f6f8ff371dc,1,development,2,3,False
682,683,683,f6d853fdc4a1ac5955be7d219c34a8f08a6dacd7e7fccc931028d92e8429651b,0,development,5,3,False
683,684,684,389c4502d032aa2f0cc33a502e4200ba50509572bf9baab03efec659d0a94ac3,0,development,3,3,False
684,685,685,74b17ea90d77b212c11109d27b9d3b9be35581a0cc2764adf81eb89a1ff7aabe,0,development,2,4,False
685,686,686,7fa477610afc161c8c6896002d27de9519656c1dc1e45ca94e675e67d6b62df4,0,development,2,3,False
686,687,687,0ddceaf19a5cf5d118fbf392204aa1a82ba99fdc457b92f25ee797383d5f8372,0,development,1,4,False
687,688,688,c81d1ba7569fbf0299d326ae4b6ce4b00fb82dcde7b7ad70ec772faf9904f555,0,development,3,4,False
688,689,689,c221199c5bd9f20988d4207d50b2948464323577aa37d5dade5dd1450bf5904a,0,test,,4,False
689,690,690,421e3acb4b57eb58410e4276a6498e8bc39389ad128e7c7a59091291fcd0275a,0,test,,4,False
690,691,691,3e112fed1f2a09fda69b8b62ed9a1ed98e6ac5bad1cbf35a0c622a861b38c9f5,1,development,1,3,False
691,692,692,2f1e466e8b88739333b5340aaf307b22359f620ce47253b860c2cafc69526f03,1,test,,3,False
692,693,693,ba85fb6d106acb39ff22d1dbb67a3fb66ce2c770958f25f7b065812d2b77fa04,1,development,4,3,True
693,694,694,8d6840f62c2edb1e02086519ff5e9163cc08d066341dc64f37a69d833324e6bf,0,development,1,4,False
694,695,695,652bedb51ed04195f9b6db839a01a12f1c899e84b2c4de10ded37ed50519cdf4,1,test,,3,False
695,696,696,18a41bc3a1d854654e09b4269e27c4989bddb4ddea9d69fc6dd5b0ea19ccb130,0,development,1,4,True
696,697,697,b8e349b1ba6e3b96024138700a9f65e0b547880c5d961e044b3b1316973d8a13,0,development,2,3,False
697,698,698,f86d6e1632a29799273da4683ce4e6e85b3a5dd7a07f2bf94a84a84caeb02e77,1,development,1,3,False
698,699,699,8f55318caaf3927568c5480202057f4c3b39b0a86cf41a6db167fdc77ab9fe39,0,development,3,4,False
699,700,700,67e5760b4b1bccb2009c20987d67ecc249d595658f687eec06f65db3961584f4,0,development,4,4,False
700,701,701,b8e349b1ba6e3b96024138700a9f65e0b547880c5d961e044b3b1316973d8a13,0,development,2,3,False
701,702,702,d30faafdfabaf1b0603ee349f3994cc850fb9581abb48b270769113a399439cc,1,development,2,3,False
702,703,703,f8d7191c33cd66e4036928b32a526d0e7092e626e266655498b2fb7fa268b982,0,development,2,4,False
703,704,704,677ace1b7f031aa18f4cef63c87a9fbecdc05d0153ba697168eb3c812d79bb19,1,development,5,3,False
704,705,705,cf47d8d0b7538dc2494a4bd2ff50962532ffa8063831c87277198fc7856d1113,1,development,2,3,False
705,706,706,b4298434e7d0bab5069a26d3f7655660f9d9e3eef72e0b5854dbdf30fb4a6b3f,1,test,,4,False
706,707,707,1e299b803253cc89e2fb28de7e05884e01e4232409eb32444eb4ffbd20786704,0,development,3,3,False
707,708,708,696582f64d2c8c4c7be10106139532593c1c19d4dec3198b61f8e4b320f29b6d,0,development,1,4,False
708,709,709,7bc7edc81504823da0e2cc15c08d254d6374580c1278bd0c02c1068619176e4d,1,development,1,3,False
709,710,710,60cfc9ffcb5c94cd7a137909b9ae5d39e77d0510aafc957c78fed02cdcb5a264,1,development,2,3,True
710,711,711,74711b8929e416b1ddec52d3428bc8e56ccf9d866095c2ee2b38b4de3e2d801d,0,development,5,3,False
711,712,712,789ca93868a1160ef0149b26f44f6db86d70b66095514fabd8e42fc41e0fd745,1,development,2,4,False
712,713,713,f8d7191c33cd66e4036928b32a526d0e7092e626e266655498b2fb7fa268b982,0,development,2,4,False
713,714,714,3e98a544e19cf7567bae4c115de6e5f27624effefccfad2a95d4d4a889417088,1,test,,3,False
714,715,715,b56e85f3c7bed8b1bda063f6031ee521ee982cf9f767cb14c5091aaf64bffeab,1,development,2,3,False
715,716,716,f0914630bcb4501011c61f0fdca100f2ed1871b0dc37e8c1efe4ad782fc5ea18,1,development,5,3,False
716,717,717,92304ad7f291bd2213aa856c0ea3eeba5566f3bff231dc1e8df23cba6b6cef63,1,development,1,3,False
717,718,718,cacd13fa97e54082499001d9a2fe3123d5447ae19ec99d1b4ab914b5b40f3620,0,development,2,4,False
718,719,719,cfba642a12fc49a24c4a9576252fe8886575fba4b0aba975c99ed02b1c5bc28d,0,development,1,4,False
719,720,720,ba85fb6d106acb39ff22d1dbb67a3fb66ce2c770958f25f7b065812d2b77fa04,1,development,4,3,False
720,721,721,7e73ac069893cc840847f82526f598463993b1530846863e38db58b64bb001d3,1,development,4,3,True
721,722,722,dd675e4feb4e4f46d13a05b564231fac8a0c5d23fbffcb1d10ff7aea515bafc1,0,test,,4,True
722,723,723,ec4d12033a1fd07b320e7d4cd8d5b4ee80c604728b96360e714545dfc9024b5b,1,development,4,3,False
723,724,724,cf0437b7443620131ffb1a124fa7407a4169173892a206fd3205c0d8cec68924,1,development,5,3,False
724,725,725,3eadcf23d7d34c055b8ed2f17af7bf8e189759c0f48056da258ae29854ea0703,1,development,3,3,True
725,726,726,2270cf63c75bff8f5ef058b2fadb9aecf66d022bcba7474ec79d74ed30cc1f3f,1,development,1,3,False
726,727,727,d6ae8c98af272bca3058d34fc0e930cbf2dcc32b406602f6d5e2b0b54e0e6565,0,development,5,3,False
727,728,728,1d51ec110e8e21b17cc0b4768ea24be1f7374646eb4f366556bceb09cb733e19,0,development,3,3,False
728,729,729,789ca93868a1160ef0149b26f44f6db86d70b66095514fabd8e42fc41e0fd745,1,development,2,4,False
729,730,730,c9246dfbc22ee6805ce09f105ff30b46cace541927305f4be922f0b6212fccd6,0,test,,4,False
730,731,731,ba85fb6d106acb39ff22d1dbb67a3fb66ce2c770958f25f7b065812d2b77fa04,1,development,4,3,False
731,732,732,81bd778b049e7b92197bbaf720877992dbb11553313d9ab43f1528ac1616745d,1,development,3,4,False
732,733,733,a5e27c472533ddd3b572d0bd17073ae93f813d0dd4c26c8be81d26c192386e62,0,test,,4,False
733,734,734,b4298434e7d0bab5069a26d3f7655660f9d9e3eef72e0b5854dbdf30fb4a6b3f,1,test,,4,False
734,735,735,36ef84ea39323f491e3bb21475464b9d3da7df200d4412c1945bb19f9cfeeda7,1,development,1,3,True
735,736,736,c81d1ba7569fbf0299d326ae4b6ce4b00fb82dcde7b7ad70ec772faf9904f555,0,development,3,4,False
736,737,737,0ace5c2af2df9bc4e6441e53e392444525e325a2d3a68c86d2b5642afd86d72f,1,development,1,3,False
737,738,738,c23cf2fb25dc504ed1e89facab54621d597f07f16441f48179db2de6f77cdb5d,0,test,,3,False
738,739,739,1546abffe6332affe53e386427effe04cc2751bced858e563c9bcaa2c9b24fa0,0,development,1,4,False
739,740,740,c221199c5bd9f20988d4207d50b2948464323577aa37d5dade5dd1450bf5904a,0,test,,4,False
740,741,741,8e95953bea6b4979261f7ca3a74a8cb34973c7acff9c3799e2c97e2dea05429a,0,development,3,3,True
741,742,742,ae2d5071351d67263b313982031f450f66d77675bce081949c82bfa759d014be,1,development,5,3,False
742,743,743,28fd2bbdfb26c8b6021071f28feed6016e0cbd9e1b4ffc55f53e9092e9c13fd1,1,development,5,3,False
743,744,744,dd5c245125fe3099c5e793a7b54c034797b426e0102a57072052647de3c5dd48,0,development,1,4,False
744,745,745,24570ebb1034cb4697a4471c9355a69f3249735f7d9fd923401e6f5ab1035f12,1,test,,4,False
745,746,746,f0ad337c1acc1781789c6091d8003ba7a56eff910eb6a35154877cc1b87e6e4e,1,development,3,3,False
746,747,747,bf48fb6cbf53057d3b546db601b53563f5b011ddcc2268b459f693500a06ab7a,1,development,3,4,False
747,748,748,dd675e4feb4e4f46d13a05b564231fac8a0c5d23fbffcb1d10ff7aea515bafc1,0,test,,4,False
748,749,749,343f97779e92a75005a37b420b3886a2ab852ac2282cd0b3565b5e75473619ad,0,development,1,4,False
749,750,750,6a38a3aa130a38b6a6c9e4b293719c34f4ab16da218a8f81551d06e721cd67c9,1,development,4,4,False
750,751,751,24570ebb1034cb4697a4471c9355a69f3249735f7d9fd923401e6f5ab1035f12,1,test,,4,False
751,752,752,2a0f4f605cfcdc52d443d5510c0f07f62dadd3e503b339ea5a801c5c9abd5321,1,development,2,3,False
752,753,753,18d067330a032de550678dd02a4fc7def157655810459143f2a382dd21323a18,1,development,4,3,False
753,754,754,66462442c59b32e61a8c3524dd3703ce118e47f77cdff01924d3f5bbb64f2dbf,1,test,,3,False
754,755,755,4675cfa0fe6893f320e02a6e53a1f9881f02d616ab5f415c1435da962130c064,1,development,4,3,False
755,756,756,0ccf14389a963d48e004113394b3a2f471eaac2b93aec1dac63175398f187afd,1,test,,3,False
756,757,757,bba988a9d26ced6565527b09086c7aade67ef16213a33a6278b2ef3625373529,1,development,4,3,False
757,758,758,534f9af47c5f491cc5dccac4f9d01a63b6e3c81664b5debce6e390a31e8362e6,0,development,1,4,False
758,759,759,cc5f448a32badd8210c0774fd170aa0efc4f7b9f1c5c4115cf660017252ec109,1,development,3,4,False
759,760,760,717a078e2e8be7277e3906efae4c7a8126a752273c690db3cc08505c141d56ff,1,test,,3,False
760,761,761,f8d73caef322ee691205b1cd0841423e1f53618a514645cb0634a72d8435aced,0,development,4,4,False
761,762,762,88787e52c8e73fece635b59741e5064a29ff0d0e1509c3e5d51543b5ec5ba88a,0,development,5,4,False
762,763,763,524e62aa99d66a1475c941c30fcc40cbc63c9ac4f02a66c2797f0af0e68cec0c,1,development,3,3,False
763,764,764,789ca93868a1160ef0149b26f44f6db86d70b66095514fabd8e42fc41e0fd745,1,development,2,4,False
764,765,765,061ba64092eac5bd44c6cacbaea2462c1e8b466f74244a7b2c13c2ba19e131c7,1,development,5,3,False
765,766,766,e730d621d57973dddae599c97a7d6066b1465945227bfcd5e8eb81b50c9b32f8,0,development,2,4,False
766,767,767,e6a79fde0b768ebd318484a3a32160e6da306eb998fdbc5cb94c76b53b8d0497,0,development,3,4,False
767,768,768,e6a79fde0b768ebd318484a3a32160e6da306eb998fdbc5cb94c76b53b8d0497,0,development,3,4,False
768,769,769,1b06c566472cb1ec33bf7e37c86c2cb32d5247e2d414507bc5a2d80facf48cfd,0,development,2,3,False
769,770,770,ea57250f104de3238441dcd3a225f555a2513240855feb6fafd2b23c1fc39aba,1,development,5,3,False
770,771,771,2bc8c2b9337b71f266f35585dc762c806965b51c582af7c8c5a0e47aeeccef54,1,development,3,4,False
771,772,772,3019eb9e1e2b3b50d39f08ab776beb802ed15d5fc99de6ec9091db4070eb02d5,1,development,2,4,False
772,773,773,dd2800b0ea96c66364f3306ccd1a5ab6ea03c8388eca414925b643e74a6cb5ac,1,development,2,3,False
773,774,774,cc8c89cd0a972fdc064c79b43412c7ecf3dd893295d57cf6507359ba5fd03779,0,development,1,3,False
774,775,775,601e3a14e6bc701b040f7d9ae9cb1a6352a91cb827c681d07cc462fda59b4afb,0,development,4,4,False
775,776,776,b0a89e4436a57c29cab621c76e7efd3b37c13e43cea5fadd38336b1c5ebddbe4,1,development,3,3,False
776,777,777,bf48fb6cbf53057d3b546db601b53563f5b011ddcc2268b459f693500a06ab7a,1,development,3,4,False
777,778,778,d2f6d8bfdc925926b52b4aae864f595549c5c2af935859f00fa441a2540b23a2,0,development,2,4,False
778,779,779,244d0e39518c8f541b6b8258b6e7cb298cd85acc70e95a648bf50b83332af195,0,development,4,4,False
779,780,780,fd879715d2b755ead328e0e559498cfac30f4c585f11aa98b2f1759be0cb79fc,0,test,,4,False
780,781,781,ce6c68d3a1dbbc1ae9570521fb65beccfea82c109ae978f1d8156ea50eeec3c9,1,development,3,3,False
781,782,782,37017d97f2466972966c94e197ae3183b56c0eb6189f48ecbd798c6eae203126,0,development,4,4,False
782,783,783,dc3c121a5dfc1821538ece060b91b4c94fe9371f0c30eb41c6d7e3fe52ffa100,0,development,1,4,False
783,784,784,23ed059869f6c1afcd09b196e796988f5eea1973e88e52e8a44beb0ff35e4457,1,test,,3,False
784,785,785,1c7f4c143bea5753cfffa7db6bc57e8ef8757cfb6ad73cc78c2a324f18bbf8d5,1,development,2,4,False
785,786,786,7f6eb87a7a0f0e7c7a774f4a858d04d3733168da28f6b25ac8cc3f36a4d9791f,1,development,2,3,False
786,787,787,8209afdfc4f413d00c86b7537bbec68d79514b004420fea13039b4e34bab3f65,0,test,,4,False
787,788,788,e982aa16188dee201345fa9375c31bce273c55ce71f68abbe66ada568c7a9b63,0,development,5,3,False
788,789,789,ee76e98271c98fdbfe03307181269b985dad709fc0b0f2364647f21b0ed372e5,0,development,5,3,False
789,790,790,2d917aba2e1c80aafcc9567b5ad199c26af38d88bde9e0c72f0a9c4501401d25,0,development,5,3,False
790,791,791,4429b79f639f96884a81b073d2cca8b658c3155ac7cbd42eb827dc1dc99c016e,0,development,5,4,False
791,792,792,31fb88da40cc50c6bb2bf5c056385a8acd4a2fdf92ca684f2b333232a08e0bf9,0,development,5,4,False
792,793,793,31fb88da40cc50c6bb2bf5c056385a8acd4a2fdf92ca684f2b333232a08e0bf9,0,development,5,4,False
793,794,794,1b06c566472cb1ec33bf7e37c86c2cb32d5247e2d414507bc5a2d80facf48cfd,0,development,2,3,False
794,795,795,60cfc9ffcb5c94cd7a137909b9ae5d39e77d0510aafc957c78fed02cdcb5a264,1,development,2,3,False
795,796,796,7d1a0d7b51fc1ca79344034ee06dac9db61da107e30bb307a34cbf260c4c303e,0,development,3,4,False
796,797,797,d599b2196258eba82068373f3df1938a4b520ed6c54955aaa1fa503794b24adc,1,development,5,3,False
797,798,798,3019eb9e1e2b3b50d39f08ab776beb802ed15d5fc99de6ec9091db4070eb02d5,1,development,2,4,False
798,799,799,601e3a14e6bc701b040f7d9ae9cb1a6352a91cb827c681d07cc462fda59b4afb,0,development,4,4,False
799,800,800,647869556e35bc8fdc67c14d538ff75f1c52ae89f0ee4c7e078ff50a0db62fa1,0,development,5,4,False
800,801,801,b0ec63e8037dab55904515a603da26c078d8e189ca3edff62640790278ee3e01,1,development,2,3,False
801,802,802,1546abffe6332affe53e386427effe04cc2751bced858e563c9bcaa2c9b24fa0,0,development,1,4,False
802,803,803,5c2e15695af92e59f03182c6a247d293720c0302b43330da5f3e2863d21df14c,1,development,3,3,False
803,804,804,80c742d84f95bec4de97f8a03402cd1311fefb2bbd629cda6733ec49c9c7dbe7,0,test,,3,False
804,805,805,a5e27c472533ddd3b572d0bd17073ae93f813d0dd4c26c8be81d26c192386e62,0,test,,4,False
805,806,806,5dfb68eaf3fe08e7b765653dc52a7703f216a93268881875b2f09995326b1393,1,development,5,4,False
806,807,807,7f002c74c88d56f20387f9a39939a28cbfdfff55085d9611f50b66fdfd547e8f,1,development,1,3,False
807,808,808,88787e52c8e73fece635b59741e5064a29ff0d0e1509c3e5d51543b5ec5ba88a,0,development,5,4,False
808,809,809,200be9908d2f03977c9d890b01bcb7c5d6451d6722981c3e25a653c9bf889bf0,1,development,1,3,False
809,810,810,b4298434e7d0bab5069a26d3f7655660f9d9e3eef72e0b5854dbdf30fb4a6b3f,1,test,,4,False
810,811,811,295d3770d48a22c76fbea70306840dbd3e5705d6e8d33e981f02fd949298e5e7,1,development,1,3,False
811,812,812,61378bf2c4a1c06a1e183a872365216e3b2b8f60f7caf2e2ec42580ad3ed365f,0,development,2,4,False
812,813,813,6b91d8af6046bb1b3bd4201ff0769b39a44b8575601f6844e89f4fbd8fa89d28,0,development,4,4,False
813,814,814,9d1210a366042f16f58716a0b2aa2b5521cdf17b75a645c3a5f9a2a3f009892e,0,development,3,4,False
814,815,815,8d6840f62c2edb1e02086519ff5e9163cc08d066341dc64f37a69d833324e6bf,0,development,1,4,False
815,816,816,d599b2196258eba82068373f3df1938a4b520ed6c54955aaa1fa503794b24adc,1,development,5,3,False
816,817,817,2f1e466e8b88739333b5340aaf307b22359f620ce47253b860c2cafc69526f03,1,test,,3,False
817,818,818,92304ad7f291bd2213aa856c0ea3eeba5566f3bff231dc1e8df23cba6b6cef63,1,development,1,3,False
818,819,819,ec4d12033a1fd07b320e7d4cd8d5b4ee80c604728b96360e714545dfc9024b5b,1,development,4,3,False
819,820,820,fd7aa2b65fe93a64b53b9c837c3e6c7176d77035cc0eb236a0cf8fff931b588c,1,development,5,3,False
820,821,821,129187a6d1989b8cc9b57e85dc4d9895800f53b4ae4701f45a08e325b2376b74,0,development,2,4,False
821,822,822,1b5f089a7c6d6cbe4752e5a0476366179819182b598d80d7ff25d6a34fc0111f,0,development,2,4,False
822,823,823,9d1210a366042f16f58716a0b2aa2b5521cdf17b75a645c3a5f9a2a3f009892e,0,development,3,4,False
823,824,824,f5fd06ea68a4406ae19dde6a0ac1d0acbdebbf6504848d53aeab419561219e0e,0,test,,3,False
824,825,825,bacf5f3cb82469f6cb94d07511d9b74ff6031b0f53be437791bb968c96d2923f,1,development,5,3,False
825,826,826,33e6adf80af0df0a39618b9acfc57926cc2019f47aba6970b12cc71b90133528,0,development,5,4,False
826,827,827,5a8d0043ad2df8d0f0c35b9d158a0b31ea8a63eb6f595c3f4a094660e70d4d0e,1,development,4,3,False
827,828,828,0360d1fe51073754b3d7e916e181429845ca593d2283b305477af36399e10e0a,1,development,2,4,False
828,829,829,696582f64d2c8c4c7be10106139532593c1c19d4dec3198b61f8e4b320f29b6d,0,development,1,4,False
829,830,830,200be9908d2f03977c9d890b01bcb7c5d6451d6722981c3e25a653c9bf889bf0,1,development,1,3,False
830,831,831,7183b17b4592fa23b00888e29295f19259bce28fcbde332655aa64db1ec677f4,0,development,5,3,False
831,832,832,bf48fb6cbf53057d3b546db601b53563f5b011ddcc2268b459f693500a06ab7a,1,development,3,4,False
832,833,833,24570ebb1034cb4697a4471c9355a69f3249735f7d9fd923401e6f5ab1035f12,1,test,,4,False
833,834,834,3f81224d51c07e4952ab66f425301ca48f70330dc9818ab11018078840c774e4,1,development,5,3,False
834,835,835,14443b3d24612a35abba78aaa251bff9b49707282094c445ec45fd38b3ffa6f9,0,development,5,4,False
835,836,836,6fb7211a460e94d8a2ff0054bee1425482bcef1ce7adf232fa5758f42ba5b121,0,development,2,4,False
836,837,837,38bce2ff0e22f3df539b55d9d216d260f103d59ddf92db797b5b3d91f45c5871,0,development,5,4,False
837,838,838,9abb8821e20fa4f3eb819f707d1cdf05418a742a223ba0e93ff8f9f76719ce6b,1,test,,3,False
838,839,839,fe294f19347477153461441681326d163ce2d6aeea6650f20536e917b90285e4,1,development,4,3,False
839,840,840,f0914630bcb4501011c61f0fdca100f2ed1871b0dc37e8c1efe4ad782fc5ea18,1,development,5,3,False
840,841,841,00efcd0f08db874842d18f19a10747b1a78fd78cc29d147ed06746f0aeecc7dc,1,test,,3,False
841,842,842,1fa4bcbe77dcd55c1c74669b0d3487c23fbfc9a13721609ea25f51e562d603ab,0,test,,4,False
842,843,843,58575998326d6f39bc9f021302255ed4cb8e71ba926847810c3c6107062b2305,1,development,3,4,False
843,844,844,fb2158de6ed4e9a39d3bd3ad86365c118ca6951ca9356fce9ef06d503737df06,0,development,3,3,False
844,845,845,40d1a60b3b046c23fac890cfd6cd24ed7988972f4fd5338af1885872acba6a1d,0,development,3,3,True
845,846,846,f571f0cd4c431f4b48997a331dd42b1029a286f870eb5192eb628a62b4db0f30,0,development,2,4,False
846,847,847,1b13de9667a1c75c937b869c9712b13162197cb3cecd6a46d0a43d83cc10c822,0,development,2,3,False
847,848,848,58575998326d6f39bc9f021302255ed4cb8e71ba926847810c3c6107062b2305,1,development,3,4,False
848,849,849,33e6adf80af0df0a39618b9acfc57926cc2019f47aba6970b12cc71b90133528,0,development,5,4,False
849,850,850,061ba64092eac5bd44c6cacbaea2462c1e8b466f74244a7b2c13c2ba19e131c7,1,development,5,3,False
850,851,851,8e95953bea6b4979261f7ca3a74a8cb34973c7acff9c3799e2c97e2dea05429a,0,development,3,3,False
851,852,852,1ff46e0483cbf49dbe3624ca3cc23d068b669f6c225003a42484054c73d75ba0,0,test,,4,False
852,853,853,b78557ce10197718a152e202e49d54e4f3510e8b930749217564c5db89832954,1,development,5,3,False
853,854,854,8e95953bea6b4979261f7ca3a74a8cb34973c7acff9c3799e2c97e2dea05429a,0,development,3,3,False
854,855,855,1546abffe6332affe53e386427effe04cc2751bced858e563c9bcaa2c9b24fa0,0,development,1,4,False
855,856,856,5d503dfda1b6df014e460b7ebc2313c1bc47cac4dbf8a6a18c64572da948473c,0,development,4,4,False
856,857,857,ea57250f104de3238441dcd3a225f555a2513240855feb6fafd2b23c1fc39aba,1,development,5,3,False
857,858,858,3eadcf23d7d34c055b8ed2f17af7bf8e189759c0f48056da258ae29854ea0703,1,development,3,3,False
858,859,859,b0ec63e8037dab55904515a603da26c078d8e189ca3edff62640790278ee3e01,1,development,2,3,False
859,860,860,3eadcf23d7d34c055b8ed2f17af7bf8e189759c0f48056da258ae29854ea0703,1,development,3,3,False
860,861,861,4ac578757f209823c2f46aae5441e129be3ea66c5c789b25152679499ebb2be6,0,development,1,4,False
861,862,862,a5e27c472533ddd3b572d0bd17073ae93f813d0dd4c26c8be81d26c192386e62,0,test,,4,False
862,863,863,dd675e4feb4e4f46d13a05b564231fac8a0c5d23fbffcb1d10ff7aea515bafc1,0,test,,4,False
863,864,864,647869556e35bc8fdc67c14d538ff75f1c52ae89f0ee4c7e078ff50a0db62fa1,0,development,5,4,False
864,865,865,dd15218f1a013e70a109e1984ae7d2faa187d273dbf204ee073a11783531eb12,0,development,1,4,False
865,866,866,40d1a60b3b046c23fac890cfd6cd24ed7988972f4fd5338af1885872acba6a1d,0,development,3,3,False
866,867,867,cfe578d824a64a935d1ca438f17244b3531cc3e0c08f4418890f5384d15894c6,1,test,,4,False
867,868,868,7b4cb154cd8c96042bc5aa6fbfaa724dc9d8e687f6b7683bd7ad946a959c57c3,1,development,2,3,False
868,869,869,80d441b0530a8c3c3a014666772785f6948f9f59b2fbe4dca24ef6b4e4bbf7d2,1,test,,3,False
869,870,870,1c7f4c143bea5753cfffa7db6bc57e8ef8757cfb6ad73cc78c2a324f18bbf8d5,1,development,2,4,False
870,871,871,2e962eaae036270df658e4a4408980b6924f8f3ae4e353de90879894c10eeffa,1,development,3,3,False
871,872,872,b0a89e4436a57c29cab621c76e7efd3b37c13e43cea5fadd38336b1c5ebddbe4,1,development,3,3,False
872,873,873,cc0fc219a020bff908f6e6eb7bbec747dd8a68c3d92461f4ccf417b985254a0d,1,development,3,3,False
873,874,874,2754c37c395a88ff0d419fc8b9703176c9c56116a1a638c323b189c4c1fe3dd7,1,test,,4,False
874,875,875,6a5facba7060397b41b604e420c7447f305524010379fc44045788411bf8d418,1,development,5,3,False
875,876,876,40d1a60b3b046c23fac890cfd6cd24ed7988972f4fd5338af1885872acba6a1d,0,development,3,3,False
876,877,877,e267aca2d9fad7b05b3e27e392eea6c3ac2fe229dfe6fba8125edb8ab70fa856,0,development,5,4,False
877,878,878,1b5f089a7c6d6cbe4752e5a0476366179819182b598d80d7ff25d6a34fc0111f,0,development,2,4,False
878,879,879,f16247d803620af74eeb494a3c09ac3e6acfdd0bf5a4af592731805fbed20719,1,development,4,3,False
879,880,880,7e8d9f9c5869aa4f319dd434eba7de79f30ecffd53806261d43ce087a1fd7e3e,0,test,,3,True
880,881,881,6b6195468415ac0d72b7ab37b44c6583abf461c24d10c1bc6548e3d5a83bba6f,1,development,3,3,False
881,882,882,5602140911692ba940f6d47f43cfbe7e24f6c502af3472801a5f6c4f00adde73,1,test,,3,False
882,883,883,1aee97b08276c7517058cde71ba2e1e0c58f8848ffe6e4aff263fd57b515e587,0,test,,4,False
883,884,884,c820e3844835f5be163a9676dde07d213f0f8b84ea65504f146ff83c1b42253b,0,test,,3,False
884,885,885,1d51ec110e8e21b17cc0b4768ea24be1f7374646eb4f366556bceb09cb733e19,0,development,3,3,False
885,886,886,1fa4bcbe77dcd55c1c74669b0d3487c23fbfc9a13721609ea25f51e562d603ab,0,test,,4,False
886,887,887,73d6e2ede5803e93f0b607cac2296734d1de4a2725a8213dede5db0a488f74b1,0,test,,4,False
887,888,888,8fce5508f36278d370665df53df181a14de66990b95b69e77e69ef7487b21b0b,0,development,3,4,False
888,889,889,cf47d8d0b7538dc2494a4bd2ff50962532ffa8063831c87277198fc7856d1113,1,development,2,3,False
889,890,890,d6ae8c98af272bca3058d34fc0e930cbf2dcc32b406602f6d5e2b0b54e0e6565,0,development,5,3,False
890,891,891,0ddceaf19a5cf5d118fbf392204aa1a82ba99fdc457b92f25ee797383d5f8372,0,development,1,4,False
891,892,892,cacd13fa97e54082499001d9a2fe3123d5447ae19ec99d1b4ab914b5b40f3620,0,development,2,4,False
892,893,893,1f5d179ce8e88b673dbee865916763858299c3e0dc63bb5c513c0b35cf6a46e1,1,development,4,3,False
893,894,894,31fb88da40cc50c6bb2bf5c056385a8acd4a2fdf92ca684f2b333232a08e0bf9,0,development,5,4,False
894,895,895,c81d1ba7569fbf0299d326ae4b6ce4b00fb82dcde7b7ad70ec772faf9904f555,0,development,3,4,False
895,896,896,4ac578757f209823c2f46aae5441e129be3ea66c5c789b25152679499ebb2be6,0,development,1,4,False
896,897,897,c6e2d067bd47a9ef04baca30f3b47d6f4fab6b04fdb6fba2f4e35f574be7676b,0,development,3,4,False
897,898,898,dbb17851c899b8708331cfae6bd526f5dd385f9cc94d0bf647c577302afad8ea,1,development,5,3,False
898,899,899,1b1129ef327d069f1a34c42adb437deff3a6d17d68517228c77f803183c892ff,1,development,4,3,False
899,900,900,63e4dfbbed757f4cc8618922654099706bf26d68fe2c1b8829540bde762c8c3a,1,development,3,3,False
900,901,901,30b933ace8f9fcaa8563c3d45a947ee641c793d5ce5e63fe9b184854f2805ebc,1,development,1,3,False
901,902,902,7d1a0d7b51fc1ca79344034ee06dac9db61da107e30bb307a34cbf260c4c303e,0,development,3,4,False
902,903,903,63e4dfbbed757f4cc8618922654099706bf26d68fe2c1b8829540bde762c8c3a,1,development,3,3,False
903,904,904,9d1210a366042f16f58716a0b2aa2b5521cdf17b75a645c3a5f9a2a3f009892e,0,development,3,4,False
904,905,905,65684880c5e1e32705900365c76289224ef388c226cedb9fc5cf9205de242410,0,test,,4,False
905,906,906,2a0f4f605cfcdc52d443d5510c0f07f62dadd3e503b339ea5a801c5c9abd5321,1,development,2,3,False
906,907,907,534f9af47c5f491cc5dccac4f9d01a63b6e3c81664b5debce6e390a31e8362e6,0,development,1,4,False
907,908,908,12da9bc52d27e6191d4e5541a326452567b4d5dee368ffd05c10e6dadefc757e,1,development,3,3,False
908,909,909,e5c9900a36e1da52f16efd8fac68ba4cfecaa06c48f4a537af4ce62dc3acba63,1,development,4,3,False
909,910,910,0dee614e6d81244540b4166c994f0559c9efce5766765c3e78fcdf5e9c7b7e3f,0,development,2,3,False
910,911,911,5a5522ce37eb6a200af447f255944323e78731c213ba32119d8a85a9c50441d9,0,development,1,3,False
911,912,912,849ae80134bf91e463f2f63b372716e308875ff01244b9d8bee2aba9c5eb9f41,0,development,3,3,False
912,913,913,10cb202b1229270efda6de3f5cac0cf57a41e4f051b04330f96cbf00c11a67b9,0,development,5,4,False
913,914,914,f8d7191c33cd66e4036928b32a526d0e7092e626e266655498b2fb7fa268b982,0,development,2,4,False
914,915,915,e18400d255a8fe19f6cf3fb3c63068458a4c1d567fed71427cc4c355472be3dd,1,development,1,3,False
915,916,916,67e5760b4b1bccb2009c20987d67ecc249d595658f687eec06f65db3961584f4,0,development,4,4,False
916,917,917,ba76646a6cd8bac9a3915000fd01b2c6f72767317e7a127d3c76c2a3528e15cf,0,development,2,4,False
917,918,918,170beb254cb4ead91ac6abdd27b9f5fb35183137c08b806ed7193d57b16feb8e,0,development,1,4,False
918,919,919,04646f67c1ffb8b229e72d0fe24da7b99874ed3491dc6b0228750cbfa7f2cb24,1,test,,4,False
919,920,920,fd879715d2b755ead328e0e559498cfac30f4c585f11aa98b2f1759be0cb79fc,0,test,,4,False
920,921,921,757cb6c1021bfb2d04e492afa47e4ca576c7bdb0f2e1634ede080ae8788c08dd,0,development,2,4,False
921,922,922,18a41bc3a1d854654e09b4269e27c4989bddb4ddea9d69fc6dd5b0ea19ccb130,0,development,1,4,False
922,923,923,dc3c121a5dfc1821538ece060b91b4c94fe9371f0c30eb41c6d7e3fe52ffa100,0,development,1,4,False
923,924,924,c55a7e160850b5600d39fdf91e2748ce9a6052c5453da5253e012c334394a10f,1,development,2,3,False
924,925,925,bacf5f3cb82469f6cb94d07511d9b74ff6031b0f53be437791bb968c96d2923f,1,development,5,3,False
925,926,926,f8d73caef322ee691205b1cd0841423e1f53618a514645cb0634a72d8435aced,0,development,4,4,False
926,927,927,c820e3844835f5be163a9676dde07d213f0f8b84ea65504f146ff83c1b42253b,0,test,,3,False
927,928,928,ec54dc21b3526091b69bb97c143065befaf49b0fff5b5b0edbe9926b1cdd49f3,0,test,,4,False
928,929,929,b3468cc6871414e829c8ec8693fde72cae6ad1c8830fc103376427901047c434,1,development,5,3,False
929,930,930,7183b17b4592fa23b00888e29295f19259bce28fcbde332655aa64db1ec677f4,0,development,5,3,False
930,931,931,e267aca2d9fad7b05b3e27e392eea6c3ac2fe229dfe6fba8125edb8ab70fa856,0,development,5,4,False
931,932,932,170beb254cb4ead91ac6abdd27b9f5fb35183137c08b806ed7193d57b16feb8e,0,development,1,4,False
932,933,933,8b21c94eb86b1d9ba890e1cc38f18e999802fac53b4631c1731ee9107badae28,0,development,4,4,False
933,934,934,97c28d190215d11fe23f3d9daeb08b08876a6ba9a0b50b9f20e083c3dfdf063d,1,development,2,3,False
934,935,935,757cb6c1021bfb2d04e492afa47e4ca576c7bdb0f2e1634ede080ae8788c08dd,0,development,2,4,False
935,936,936,0360d1fe51073754b3d7e916e181429845ca593d2283b305477af36399e10e0a,1,development,2,4,False
936,937,937,1c7f4c143bea5753cfffa7db6bc57e8ef8757cfb6ad73cc78c2a324f18bbf8d5,1,development,2,4,False
937,938,938,82a729e79d9a22a70c04d11594bf838f531727d9df814c2e8f0d1d97c4e0d8ef,1,test,,3,False
938,939,939,dd675e4feb4e4f46d13a05b564231fac8a0c5d23fbffcb1d10ff7aea515bafc1,0,test,,4,False
939,940,940,7f002c74c88d56f20387f9a39939a28cbfdfff55085d9611f50b66fdfd547e8f,1,development,1,3,False
940,941,941,0548dc97d6bdab333330eded8112df676bd49389532fe8b0d4aa3410887c1912,1,development,2,3,False
941,942,942,3d33bc9463e7c33f518ab655993b9f781e3be5cb7a1c9bfe175f92b60dcd2613,0,test,,3,False
942,943,943,bc01e9feb2ba2f4c340bc6785a4e3b676a96f1532ea05cc4a644d35d872b0762,1,development,2,3,False
943,944,944,a2d6b1026a6c54283042a0c2e17042ed5fee4e3c557032ee77311dfdcd5d57c4,1,development,4,3,False
944,945,945,4675cfa0fe6893f320e02a6e53a1f9881f02d616ab5f415c1435da962130c064,1,development,4,3,False
945,946,946,ddc3f39e5ad7141f45bc45b7520750a55186d88a762f5abbbef5525f30da815c,0,test,,4,False
946,947,947,7571ee92bbc9fe16a5ad1579363ef8649ab489f854db348d7d9c4c1e7efc75e9,1,development,3,3,False
947,948,948,cf0437b7443620131ffb1a124fa7407a4169173892a206fd3205c0d8cec68924,1,development,5,3,False
948,949,949,abc59bab2e53c24ac19432001219562623079a984cbfbcf5409f2fb4935fd9bd,1,test,,3,False
949,950,950,1fa4bcbe77dcd55c1c74669b0d3487c23fbfc9a13721609ea25f51e562d603ab,0,test,,4,False
950,951,951,5602140911692ba940f6d47f43cfbe7e24f6c502af3472801a5f6c4f00adde73,1,test,,3,False
951,952,952,b638ab645482db4e738d7d3eb39bd66b3f32590e2de9c2fe379d9e510078ac26,0,development,2,4,False
952,953,953,c6e2d067bd47a9ef04baca30f3b47d6f4fab6b04fdb6fba2f4e35f574be7676b,0,development,3,4,False
953,954,954,3e112fed1f2a09fda69b8b62ed9a1ed98e6ac5bad1cbf35a0c622a861b38c9f5,1,development,1,3,False
954,955,955,dd2800b0ea96c66364f3306ccd1a5ab6ea03c8388eca414925b643e74a6cb5ac,1,development,2,3,False
955,956,956,cd30b545269c64e3a3a5898d73ac2d127104626770f16dddc903ebcb82750600,1,development,2,3,False
956,957,957,83ee532a1d29b3a96067a4d54513c801553ec3df64470b689aac366c71d6a042,1,development,5,3,False
957,958,958,524e62aa99d66a1475c941c30fcc40cbc63c9ac4f02a66c2797f0af0e68cec0c,1,development,3,3,False
958,959,959,849ae80134bf91e463f2f63b372716e308875ff01244b9d8bee2aba9c5eb9f41,0,development,3,3,False
959,960,960,e0fa80ca1211201d49a550dd03fc4c49a024306027a3766883b2e914c7c59b9f,1,test,,3,False
960,961,961,a2d6b1026a6c54283042a0c2e17042ed5fee4e3c557032ee77311dfdcd5d57c4,1,development,4,3,False
961,962,962,bc01e9feb2ba2f4c340bc6785a4e3b676a96f1532ea05cc4a644d35d872b0762,1,development,2,3,False
962,963,963,a53941766e6dcccf9c9394bc28d736edcd6812cbea84f16179abd03b796f5ec7,1,development,4,3,False
963,964,964,7e73ac069893cc840847f82526f598463993b1530846863e38db58b64bb001d3,1,development,4,3,False
964,965,965,3d33bc9463e7c33f518ab655993b9f781e3be5cb7a1c9bfe175f92b60dcd2613,0,test,,3,False
965,966,966,36ef84ea39323f491e3bb21475464b9d3da7df200d4412c1945bb19f9cfeeda7,1,development,1,3,False
966,967,967,cd19400fa2750e50b694144f670a249f901cf8a1802bea61873fceb002e85ea3,1,test,,3,False
967,968,968,91f1fe0c1afab92ecaff95c1f6f3213dae324ce38e46f2b944c8681a6a32e481,0,test,,3,False
968,969,969,60cfc9ffcb5c94cd7a137909b9ae5d39e77d0510aafc957c78fed02cdcb5a264,1,development,2,3,False
969,970,970,8d6840f62c2edb1e02086519ff5e9163cc08d066341dc64f37a69d833324e6bf,0,development,1,4,False
970,971,971,8d3e8dbe93157da0e9d633d3862e433fa85b14ee806b0f0b8fb51579cf367089,1,test,,3,False
971,972,972,d8d05858f6c6c77ee91db71d4bab1b1750aa0b43f5f9b002f0af6aa1da0fe5b8,1,test,,8,False
972,973,973,fe294f19347477153461441681326d163ce2d6aeea6650f20536e917b90285e4,1,development,4,3,False
973,974,974,ad7183056d734299ca254ede7e184750bd0345f73c1dcd9fd0a638e853081569,1,test,,4,False
974,975,975,5c0b540b637e788c8fc043df421a9c0558a171671432a84b540cbe2534cc5ad0,1,development,2,3,False
975,976,976,c250cae60f244a16c2021f894c8325ca55e383e549055689d646fa3830107b01,1,development,4,3,False
976,977,977,18a41bc3a1d854654e09b4269e27c4989bddb4ddea9d69fc6dd5b0ea19ccb130,0,development,1,4,False
977,978,978,6722a9945781794c423b108d03952930f9d754497aa1321848b989b9e89c4f33,0,development,5,4,False
978,979,979,cd365ce7907ad5d04fd47b4d8758d592e29b75c0baeecca5f1cc14bd0d7fc010,1,development,5,3,False
979,980,980,77d5789c9dbdb4478c8d61a59fd5db8997e837ff2ce0198a9b25ecaf89baf4a0,0,development,5,3,False
980,981,981,6a8f170690918ae06c3ba2785b52b7ef0f41ec47d10d22255e8fce9fcab1a500,0,development,4,3,False
981,982,982,6a5facba7060397b41b604e420c7447f305524010379fc44045788411bf8d418,1,development,5,3,False
982,983,983,18a41bc3a1d854654e09b4269e27c4989bddb4ddea9d69fc6dd5b0ea19ccb130,0,development,1,4,False
983,984,984,f99c9fde728ed0f8a12d0956907d6fef9f90c3e8772e33f88d418df81e50de3a,1,development,3,3,False
984,985,985,3ea3cc9c251cb00d4cd764a1014b4526f42f959fb5870cc8dc9a622f847addf1,1,test,,3,False
985,986,986,30b933ace8f9fcaa8563c3d45a947ee641c793d5ce5e63fe9b184854f2805ebc,1,development,1,3,False
986,987,987,83ee532a1d29b3a96067a4d54513c801553ec3df64470b689aac366c71d6a042,1,development,5,3,False
987,988,988,8ee78b19a7462aeeefa87f284e9d20a8e7725e541e71f365c6cc9b749185256c,0,development,5,4,False
988,989,989,1aee97b08276c7517058cde71ba2e1e0c58f8848ffe6e4aff263fd57b515e587,0,test,,4,False
989,990,990,f571f0cd4c431f4b48997a331dd42b1029a286f870eb5192eb628a62b4db0f30,0,development,2,4,False
990,991,991,677ace1b7f031aa18f4cef63c87a9fbecdc05d0153ba697168eb3c812d79bb19,1,development,5,3,False
991,992,992,2e962eaae036270df658e4a4408980b6924f8f3ae4e353de90879894c10eeffa,1,development,3,3,False
992,993,993,343f97779e92a75005a37b420b3886a2ab852ac2282cd0b3565b5e75473619ad,0,development,1,4,False
993,994,994,d481fbc86511c1e5be946e7fb2c03881f87086844973436833605ec0b5d44b41,1,test,,3,False
994,995,995,ae8873c61d6232fd878a5a241d1017471f0aebad3c70e67f6a80dea02d16c8e8,0,development,2,3,False
995,996,996,c23cf2fb25dc504ed1e89facab54621d597f07f16441f48179db2de6f77cdb5d,0,test,,3,False
996,997,997,c55a7e160850b5600d39fdf91e2748ce9a6052c5453da5253e012c334394a10f,1,development,2,3,False
997,998,998,8bb6305f62d0bcddd0bb27c82749e15f638e7fa04f1fd7cff8afe59356dc2cf8,0,development,4,3,False
998,999,999,7e8d9f9c5869aa4f319dd434eba7de79f30ecffd53806261d43ce087a1fd7e3e,0,test,,3,False
999,1000,1000,6fb7211a460e94d8a2ff0054bee1425482bcef1ce7adf232fa5758f42ba5b121,0,development,2,4,False
1000,1001,1001,e982aa16188dee201345fa9375c31bce273c55ce71f68abbe66ada568c7a9b63,0,development,5,3,False
1001,1002,1002,bfcf790ee767993c70f3c276356be34beba834ec45b2f34e7497be74560a5f79,0,development,3,3,False
1002,1003,1003,12da9bc52d27e6191d4e5541a326452567b4d5dee368ffd05c10e6dadefc757e,1,development,3,3,False
1003,1004,1004,67e5760b4b1bccb2009c20987d67ecc249d595658f687eec06f65db3961584f4,0,development,4,4,False
1004,1005,1005,7e73ac069893cc840847f82526f598463993b1530846863e38db58b64bb001d3,1,development,4,3,False
1005,1006,1006,97c28d190215d11fe23f3d9daeb08b08876a6ba9a0b50b9f20e083c3dfdf063d,1,development,2,3,False
1006,1007,1007,cacd13fa97e54082499001d9a2fe3123d5447ae19ec99d1b4ab914b5b40f3620,0,development,2,4,False
1007,1008,1008,74263a0590c0f5edcafddc6cf3bb13930ed7c8a19ce7c02afbdf8049227b5a24,1,development,3,4,False
1008,1009,1009,7571ee92bbc9fe16a5ad1579363ef8649ab489f854db348d7d9c4c1e7efc75e9,1,development,3,3,False
1009,1010,1010,37a5ca2f4a45de7fab333b84741ad58cc9f825d41d59b1164bce5f6f8ff371dc,1,development,2,3,False
1010,1011,1011,8b21c94eb86b1d9ba890e1cc38f18e999802fac53b4631c1731ee9107badae28,0,development,4,4,False
1011,1012,1012,4ac578757f209823c2f46aae5441e129be3ea66c5c789b25152679499ebb2be6,0,development,1,4,False
1012,1013,1013,1030d9bbe09e07182b7d28a3a8a04f78c8aadc5ddee469302befa6c7f0bcd625,1,test,,3,False
1013,1014,1014,06a34b269352a33c115f788d694afc4ba07be1929f1ec4835e638f3cf1dba6bb,0,test,,4,False
1014,1015,1015,d30c09705f48c161d3a9e5efeb137dd919907efda71e91f7457a1177531458cf,0,development,1,4,False
1015,1016,1016,36ef84ea39323f491e3bb21475464b9d3da7df200d4412c1945bb19f9cfeeda7,1,development,1,3,False
1016,1017,1017,1e299b803253cc89e2fb28de7e05884e01e4232409eb32444eb4ffbd20786704,0,development,3,3,False
1017,1018,1018,5d503dfda1b6df014e460b7ebc2313c1bc47cac4dbf8a6a18c64572da948473c,0,development,4,4,False
1018,1019,1019,244d0e39518c8f541b6b8258b6e7cb298cd85acc70e95a648bf50b83332af195,0,development,4,4,False
1019,1020,1020,178a78be273c187af69c4c36804102052b935fcffe2c0a83f38d884e6432c23e,0,development,3,3,False
1020,1021,1021,297729bb51295fd7c92c3e11ea44a176fd131ffa59292eb69bf12a5cfb61d7ec,1,development,5,3,False
1021,1022,1022,8f4533f48e184729d8435c4595ac02b2a74540885869b0ab9fa1686400f47b38,1,development,4,3,False
1022,1023,1023,c9e81c70995e4af02e24d4f22730abed6a955fc8aa4489391dcce8a780049d0c,0,development,4,3,False
1023,1024,1024,7aca4477c2989c14361a39ad10723de9580751a6b47f57474f7978ed10fd5f78,0,development,3,4,False
1024,1025,1025,d481fbc86511c1e5be946e7fb2c03881f87086844973436833605ec0b5d44b41,1,test,,3,False
1025,1026,1026,7e8d9f9c5869aa4f319dd434eba7de79f30ecffd53806261d43ce087a1fd7e3e,0,test,,3,False
